customer_id,audience_segment,audience_status,experiment_group,impressions,clicks,converted,revenue
C000001,Browsers / No Purchase,Eligible,Treatment,2,0,0,0.0
C000002,Lapsing Customers,Eligible,Treatment,2,1,0,0.0
C000003,Browsers / No Purchase,Suppressed,Suppressed,0,0,0,0.0
C000004,New Customers,Eligible,Treatment,3,0,1,106.1
C000005,High-Value Loyalists,Eligible,Treatment,3,0,0,0.0
C000006,Browsers / No Purchase,Eligible,Treatment,5,0,0,0.0
C000007,Browsers / No Purchase,Eligible,Treatment,1,0,0,0.0
C000008,Browsers / No Purchase,Eligible,Treatment,5,1,0,0.0
C000009,High-Value Loyalists,Eligible,Treatment,1,1,0,0.0
C000010,Lapsing Customers,Eligible,Treatment,1,0,0,0.0
C000011,Lapsing Customers,Eligible,Control,0,0,0,0.0
C000012,Browsers / No Purchase,Suppressed,Suppressed,0,0,0,0.0
C000013,New Customers,Eligible,Control,0,0,0,0.0
C000014,Browsers / No Purchase,Suppressed,Suppressed,0,0,0,0.0
C000015,Lapsing Customers,Eligible,Treatment,2,0,0,0.0
C000016,Lapsing Customers,Suppressed,Suppressed,0,0,0,0.0
C000017,New Customers,Eligible,Treatment,1,0,1,175.15
C000018,High-Value Loyalists,Eligible,Treatment,3,0,0,0.0
C000019,Browsers / No Purchase,Eligible,Treatment,3,0,0,0.0
C000020,New Customers,Eligible,Treatment,1,0,0,0.0
C000021,Browsers / No Purchase,Eligible,Control,0,0,0,0.0
C000022,Lapsing Customers,Eligible,Treatment,3,0,0,0.0
C000023,Browsers / No Purchase,Eligible,Treatment,2,0,0,0.0
C000024,Browsers / No Purchase,Suppressed,Suppressed,0,0,0,0.0
C000025,Browsers / No Purchase,Eligible,Treatment,4,1,0,0.0
C000026,High-Value Loyalists,Eligible,Treatment,1,1,1,59.51
C000027,Lapsing Customers,Eligible,Treatment,6,0,0,0.0
C000028,High-Value Loyalists,Eligible,Treatment,3,1,0,0.0
C000029,High-Value Loyalists,Eligible,Treatment,5,1,0,0.0
C000030,New Customers,Eligible,Treatment,4,0,0,0.0
C000031,Browsers / No Purchase,Eligible,Treatment,5,1,0,0.0
C000032,Browsers / No Purchase,Eligible,Treatment,2,0,0,0.0
C000033,Lapsing Customers,Eligible,Treatment,2,0,1,23.18
C000034,Lapsing Customers,Eligible,Treatment,5,0,0,0.0
C000035,Lapsing Customers,Eligible,Treatment,6,0,0,0.0
C000036,High-Value Loyalists,Eligible,Treatment,1,0,0,0.0
C000037,High-Value Loyalists,Eligible,Treatment,1,0,1,72.45
C000038,Lapsing Customers,Eligible,Treatment,3,0,0,0.0
C000039,Lapsing Customers,Eligible,Treatment,2,0,0,0.0
C000040,New Customers,Eligible,Treatment,6,1,0,0.0
C000041,Lapsing Customers,Suppressed,Suppressed,0,0,0,0.0
C000042,Browsers / No Purchase,Eligible,Treatment,1,0,0,0.0
C000043,Browsers / No Purchase,Eligible,Treatment,3,0,0,0.0
C000044,Lapsing Customers,Suppressed,Suppressed,0,0,0,0.0
C000045,Browsers / No Purchase,Eligible,Control,0,0,0,0.0
C000046,Browsers / No Purchase,Eligible,Treatment,4,1,0,0.0
C000047,Lapsing Customers,Eligible,Control,0,0,0,0.0
C000048,Lapsing Customers,Eligible,Treatment,2,1,0,0.0
C000049,New Customers,Eligible,Treatment,4,1,1,32.8
C000050,High-Value Loyalists,Eligible,Treatment,2,0,0,0.0
C000051,High-Value Loyalists,Eligible,Treatment,2,1,0,0.0
C000052,High-Value Loyalists,Eligible,Control,0,0,0,0.0
C000053,Browsers / No Purchase,Suppressed,Suppressed,0,0,0,0.0
C000054,New Customers,Eligible,Treatment,4,0,0,0.0
C000055,Browsers / No Purchase,Eligible,Control,0,0,0,0.0
C000056,Browsers / No Purchase,Eligible,Treatment,5,0,0,0.0
C000057,Lapsing Customers,Eligible,Treatment,2,0,0,0.0
C000058,New Customers,Eligible,Treatment,3,0,0,0.0
C000059,High-Value Loyalists,Eligible,Treatment,5,0,0,0.0
C000060,High-Value Loyalists,Eligible,Control,0,0,1,42.6
C000061,New Customers,Suppressed,Suppressed,0,0,0,0.0
C000062,Lapsing Customers,Eligible,Treatment,6,2,0,0.0
C000063,New Customers,Eligible,Treatment,5,0,0,0.0
C000064,Browsers / No Purchase,Eligible,Treatment,6,1,0,0.0
C000065,New Customers,Eligible,Treatment,2,0,0,0.0
C000066,New Customers,Eligible,Treatment,4,0,0,0.0
C000067,New Customers,Eligible,Treatment,3,0,0,0.0
C000068,Lapsing Customers,Eligible,Treatment,4,0,1,46.91
C000069,High-Value Loyalists,Suppressed,Suppressed,0,0,0,0.0
C000070,Lapsing Customers,Eligible,Treatment,5,0,0,0.0
C000071,Lapsing Customers,Eligible,Treatment,4,1,0,0.0
C000072,Lapsing Customers,Eligible,Treatment,6,0,0,0.0
C000073,Browsers / No Purchase,Eligible,Treatment,5,0,0,0.0
C000074,Lapsing Customers,Suppressed,Suppressed,0,0,0,0.0
C000075,High-Value Loyalists,Eligible,Treatment,4,0,0,0.0
C000076,Lapsing Customers,Eligible,Treatment,3,0,0,0.0
C000077,Lapsing Customers,Eligible,Treatment,4,0,0,0.0
C000078,New Customers,Eligible,Treatment,1,0,0,0.0
C000079,New Customers,Eligible,Treatment,6,1,0,0.0
C000080,Browsers / No Purchase,Eligible,Treatment,6,1,0,0.0
C000081,New Customers,Eligible,Treatment,4,0,0,0.0
C000082,Lapsing Customers,Eligible,Control,0,0,0,0.0
C000083,Browsers / No Purchase,Eligible,Treatment,5,0,0,0.0
C000084,High-Value Loyalists,Eligible,Treatment,1,0,0,0.0
C000085,High-Value Loyalists,Eligible,Treatment,1,0,0,0.0
C000086,High-Value Loyalists,Eligible,Treatment,6,0,1,64.96
C000087,Browsers / No Purchase,Eligible,Treatment,2,0,0,0.0
C000088,Lapsing Customers,Eligible,Treatment,5,1,0,0.0
C000089,High-Value Loyalists,Suppressed,Suppressed,0,0,0,0.0
C000090,New Customers,Eligible,Treatment,6,0,0,0.0
C000091,High-Value Loyalists,Eligible,Treatment,6,0,0,0.0
C000092,New Customers,Eligible,Treatment,6,0,1,64.1
C000093,Lapsing Customers,Eligible,Treatment,1,0,0,0.0
C000094,Lapsing Customers,Eligible,Treatment,2,0,0,0.0
C000095,Lapsing Customers,Eligible,Treatment,6,0,0,0.0
C000096,New Customers,Eligible,Control,0,0,0,0.0
C000097,Lapsing Customers,Eligible,Treatment,1,0,0,0.0
C000098,High-Value Loyalists,Suppressed,Suppressed,0,0,0,0.0
C000099,High-Value Loyalists,Eligible,Treatment,1,0,0,0.0
C000100,Browsers / No Purchase,Eligible,Control,0,0,0,0.0
C000101,Browsers / No Purchase,Eligible,Treatment,6,0,0,0.0
C000102,New Customers,Eligible,Treatment,4,1,0,0.0
C000103,Lapsing Customers,Eligible,Treatment,5,0,0,0.0
C000104,Browsers / No Purchase,Eligible,Treatment,3,1,0,0.0
C000105,Browsers / No Purchase,Eligible,Treatment,5,2,0,0.0
C000106,Browsers / No Purchase,Eligible,Treatment,4,0,0,0.0
C000107,Lapsing Customers,Eligible,Treatment,3,0,0,0.0
C000108,Lapsing Customers,Suppressed,Suppressed,0,0,0,0.0
C000109,High-Value Loyalists,Eligible,Treatment,1,0,0,0.0
C000110,Browsers / No Purchase,Suppressed,Suppressed,0,0,0,0.0
C000111,Lapsing Customers,Eligible,Treatment,4,1,0,0.0
C000112,Lapsing Customers,Eligible,Treatment,5,0,0,0.0
C000113,Lapsing Customers,Eligible,Treatment,2,0,0,0.0
C000114,New Customers,Eligible,Treatment,4,0,0,0.0
C000115,High-Value Loyalists,Eligible,Treatment,4,0,0,0.0
C000116,Browsers / No Purchase,Eligible,Treatment,5,0,0,0.0
C000117,Browsers / No Purchase,Eligible,Treatment,2,1,0,0.0
C000118,Browsers / No Purchase,Eligible,Treatment,1,0,1,132.73
C000119,Lapsing Customers,Suppressed,Suppressed,0,0,0,0.0
C000120,New Customers,Eligible,Treatment,2,0,0,0.0
C000121,New Customers,Eligible,Treatment,1,0,0,0.0
C000122,New Customers,Eligible,Treatment,3,0,0,0.0
C000123,High-Value Loyalists,Eligible,Treatment,2,0,0,0.0
C000124,Lapsing Customers,Eligible,Control,0,0,0,0.0
C000125,High-Value Loyalists,Eligible,Treatment,1,0,0,0.0
C000126,New Customers,Eligible,Treatment,4,1,0,0.0
C000127,Lapsing Customers,Eligible,Treatment,2,1,1,106.09
C000128,High-Value Loyalists,Eligible,Treatment,5,0,0,0.0
C000129,High-Value Loyalists,Suppressed,Suppressed,0,0,0,0.0
C000130,New Customers,Eligible,Treatment,2,0,0,0.0
C000131,High-Value Loyalists,Eligible,Treatment,6,0,1,100.98
C000132,Browsers / No Purchase,Eligible,Treatment,1,1,0,0.0
C000133,New Customers,Eligible,Treatment,1,0,0,0.0
C000134,Lapsing Customers,Eligible,Treatment,4,0,0,0.0
C000135,New Customers,Eligible,Treatment,1,0,0,0.0
C000136,High-Value Loyalists,Eligible,Treatment,6,0,0,0.0
C000137,Browsers / No Purchase,Eligible,Treatment,3,0,0,0.0
C000138,New Customers,Eligible,Treatment,2,0,0,0.0
C000139,Browsers / No Purchase,Eligible,Treatment,2,0,0,0.0
C000140,High-Value Loyalists,Eligible,Treatment,4,1,1,90.68
C000141,New Customers,Eligible,Treatment,3,0,0,0.0
C000142,New Customers,Eligible,Control,0,0,0,0.0
C000143,Browsers / No Purchase,Eligible,Treatment,1,0,0,0.0
C000144,New Customers,Eligible,Treatment,4,0,0,0.0
C000145,Lapsing Customers,Eligible,Treatment,1,0,0,0.0
C000146,Lapsing Customers,Suppressed,Suppressed,0,0,0,0.0
C000147,Lapsing Customers,Eligible,Treatment,6,0,0,0.0
C000148,New Customers,Eligible,Treatment,4,0,0,0.0
C000149,Lapsing Customers,Eligible,Treatment,5,1,0,0.0
C000150,High-Value Loyalists,Eligible,Treatment,3,1,0,0.0
C000151,Browsers / No Purchase,Suppressed,Suppressed,0,0,0,0.0
C000152,Browsers / No Purchase,Eligible,Treatment,3,1,0,0.0
C000153,High-Value Loyalists,Eligible,Control,0,0,0,0.0
C000154,New Customers,Eligible,Treatment,6,0,0,0.0
C000155,High-Value Loyalists,Eligible,Treatment,3,0,0,0.0
C000156,New Customers,Suppressed,Suppressed,0,0,0,0.0
C000157,Lapsing Customers,Eligible,Treatment,4,1,1,44.12
C000158,New Customers,Eligible,Treatment,3,1,0,0.0
C000159,Browsers / No Purchase,Suppressed,Suppressed,0,0,0,0.0
C000160,Browsers / No Purchase,Eligible,Treatment,3,0,0,0.0
C000161,High-Value Loyalists,Suppressed,Suppressed,0,0,0,0.0
C000162,Browsers / No Purchase,Eligible,Treatment,5,0,0,0.0
C000163,Lapsing Customers,Eligible,Treatment,4,0,0,0.0
C000164,High-Value Loyalists,Eligible,Treatment,3,0,0,0.0
C000165,New Customers,Suppressed,Suppressed,0,0,0,0.0
C000166,Lapsing Customers,Suppressed,Suppressed,0,0,0,0.0
C000167,Browsers / No Purchase,Eligible,Control,0,0,0,0.0
C000168,Browsers / No Purchase,Eligible,Treatment,1,0,0,0.0
C000169,Lapsing Customers,Eligible,Treatment,2,0,1,108.35
C000170,Browsers / No Purchase,Eligible,Treatment,1,0,1,142.81
C000171,Lapsing Customers,Eligible,Treatment,5,0,0,0.0
C000172,New Customers,Eligible,Treatment,4,0,0,0.0
C000173,Lapsing Customers,Eligible,Treatment,5,0,0,0.0
C000174,Browsers / No Purchase,Eligible,Treatment,4,0,0,0.0
C000175,High-Value Loyalists,Eligible,Treatment,2,0,0,0.0
C000176,High-Value Loyalists,Eligible,Treatment,2,0,0,0.0
C000177,Lapsing Customers,Eligible,Treatment,1,0,1,123.26
C000178,Browsers / No Purchase,Eligible,Treatment,2,0,0,0.0
C000179,Browsers / No Purchase,Eligible,Control,0,0,0,0.0
C000180,Browsers / No Purchase,Eligible,Treatment,6,0,0,0.0
C000181,Browsers / No Purchase,Eligible,Control,0,0,0,0.0
C000182,Browsers / No Purchase,Eligible,Treatment,4,1,0,0.0
C000183,New Customers,Eligible,Treatment,2,0,1,123.2
C000184,Lapsing Customers,Eligible,Treatment,6,0,0,0.0
C000185,Browsers / No Purchase,Eligible,Treatment,1,0,0,0.0
C000186,New Customers,Eligible,Treatment,2,0,0,0.0
C000187,Lapsing Customers,Suppressed,Suppressed,0,0,0,0.0
C000188,High-Value Loyalists,Eligible,Treatment,3,0,0,0.0
C000189,Browsers / No Purchase,Eligible,Control,0,0,0,0.0
C000190,Lapsing Customers,Suppressed,Suppressed,0,0,0,0.0
C000191,Browsers / No Purchase,Eligible,Treatment,5,2,0,0.0
C000192,Lapsing Customers,Eligible,Treatment,1,0,0,0.0
C000193,High-Value Loyalists,Suppressed,Suppressed,0,0,0,0.0
C000194,Browsers / No Purchase,Eligible,Treatment,3,0,0,0.0
C000195,High-Value Loyalists,Eligible,Treatment,6,0,0,0.0
C000196,High-Value Loyalists,Eligible,Treatment,1,0,0,0.0
C000197,New Customers,Eligible,Treatment,6,0,0,0.0
C000198,Browsers / No Purchase,Eligible,Treatment,6,0,0,0.0
C000199,High-Value Loyalists,Eligible,Treatment,2,0,0,0.0
C000200,Lapsing Customers,Eligible,Treatment,3,0,0,0.0
C000201,Browsers / No Purchase,Eligible,Control,0,0,0,0.0
C000202,Browsers / No Purchase,Eligible,Treatment,1,0,0,0.0
C000203,New Customers,Eligible,Treatment,2,0,0,0.0
C000204,High-Value Loyalists,Eligible,Treatment,3,1,0,0.0
C000205,High-Value Loyalists,Eligible,Treatment,5,0,0,0.0
C000206,Lapsing Customers,Eligible,Control,0,0,0,0.0
C000207,High-Value Loyalists,Eligible,Treatment,4,0,0,0.0
C000208,New Customers,Eligible,Treatment,6,1,0,0.0
C000209,High-Value Loyalists,Eligible,Treatment,6,0,0,0.0
C000210,New Customers,Eligible,Treatment,1,0,0,0.0
C000211,New Customers,Eligible,Treatment,4,0,1,53.16
C000212,New Customers,Suppressed,Suppressed,0,0,0,0.0
C000213,High-Value Loyalists,Eligible,Treatment,2,0,0,0.0
C000214,Browsers / No Purchase,Eligible,Treatment,2,0,0,0.0
C000215,Browsers / No Purchase,Eligible,Treatment,2,0,0,0.0
C000216,Browsers / No Purchase,Suppressed,Suppressed,0,0,0,0.0
C000217,High-Value Loyalists,Eligible,Treatment,3,0,0,0.0
C000218,High-Value Loyalists,Eligible,Treatment,5,0,0,0.0
C000219,Browsers / No Purchase,Eligible,Treatment,3,1,0,0.0
C000220,Lapsing Customers,Eligible,Treatment,6,0,0,0.0
C000221,Lapsing Customers,Eligible,Treatment,2,0,0,0.0
C000222,New Customers,Eligible,Treatment,3,0,0,0.0
C000223,New Customers,Eligible,Treatment,6,1,0,0.0
C000224,Browsers / No Purchase,Eligible,Treatment,5,1,0,0.0
C000225,Lapsing Customers,Suppressed,Suppressed,0,0,0,0.0
C000226,Browsers / No Purchase,Eligible,Treatment,5,0,0,0.0
C000227,High-Value Loyalists,Suppressed,Suppressed,0,0,1,128.53
C000228,New Customers,Eligible,Treatment,2,0,0,0.0
C000229,New Customers,Eligible,Treatment,2,0,0,0.0
C000230,High-Value Loyalists,Eligible,Treatment,5,1,1,41.93
C000231,High-Value Loyalists,Eligible,Treatment,5,0,0,0.0
C000232,Lapsing Customers,Eligible,Treatment,6,2,0,0.0
C000233,Browsers / No Purchase,Eligible,Treatment,3,0,0,0.0
C000234,New Customers,Suppressed,Suppressed,0,0,0,0.0
C000235,Browsers / No Purchase,Eligible,Treatment,1,0,0,0.0
C000236,Browsers / No Purchase,Eligible,Treatment,5,0,0,0.0
C000237,Lapsing Customers,Eligible,Treatment,2,1,0,0.0
C000238,Browsers / No Purchase,Eligible,Control,0,0,0,0.0
C000239,High-Value Loyalists,Eligible,Treatment,6,0,0,0.0
C000240,High-Value Loyalists,Eligible,Treatment,5,0,0,0.0
C000241,Browsers / No Purchase,Eligible,Treatment,5,1,0,0.0
C000242,Browsers / No Purchase,Eligible,Treatment,4,0,0,0.0
C000243,Lapsing Customers,Eligible,Treatment,6,0,1,59.26
C000244,New Customers,Eligible,Treatment,5,0,0,0.0
C000245,New Customers,Eligible,Treatment,4,1,0,0.0
C000246,Browsers / No Purchase,Eligible,Treatment,1,0,0,0.0
C000247,New Customers,Eligible,Treatment,4,1,0,0.0
C000248,Lapsing Customers,Eligible,Treatment,1,0,0,0.0
C000249,Lapsing Customers,Eligible,Treatment,3,0,0,0.0
C000250,Lapsing Customers,Eligible,Treatment,3,1,0,0.0
C000251,New Customers,Suppressed,Suppressed,0,0,0,0.0
C000252,Browsers / No Purchase,Eligible,Treatment,5,0,0,0.0
C000253,Lapsing Customers,Eligible,Treatment,5,0,0,0.0
C000254,Lapsing Customers,Suppressed,Suppressed,0,0,1,41.16
C000255,Lapsing Customers,Suppressed,Suppressed,0,0,0,0.0
C000256,Browsers / No Purchase,Eligible,Treatment,1,0,0,0.0
C000257,Browsers / No Purchase,Eligible,Treatment,5,1,0,0.0
C000258,High-Value Loyalists,Suppressed,Suppressed,0,0,0,0.0
C000259,High-Value Loyalists,Eligible,Treatment,3,0,0,0.0
C000260,New Customers,Eligible,Treatment,6,0,0,0.0
C000261,High-Value Loyalists,Eligible,Treatment,5,0,0,0.0
C000262,Browsers / No Purchase,Eligible,Treatment,6,0,0,0.0
C000263,Lapsing Customers,Eligible,Treatment,3,1,0,0.0
C000264,High-Value Loyalists,Eligible,Treatment,2,0,1,83.96
C000265,Browsers / No Purchase,Eligible,Control,0,0,0,0.0
C000266,High-Value Loyalists,Suppressed,Suppressed,0,0,1,94.86
C000267,Lapsing Customers,Eligible,Treatment,6,1,0,0.0
C000268,High-Value Loyalists,Eligible,Treatment,5,0,0,0.0
C000269,High-Value Loyalists,Suppressed,Suppressed,0,0,0,0.0
C000270,High-Value Loyalists,Eligible,Treatment,1,0,0,0.0
C000271,High-Value Loyalists,Eligible,Control,0,0,0,0.0
C000272,High-Value Loyalists,Eligible,Treatment,3,0,0,0.0
C000273,High-Value Loyalists,Eligible,Treatment,1,0,0,0.0
C000274,New Customers,Eligible,Treatment,1,0,0,0.0
C000275,New Customers,Eligible,Treatment,3,1,0,0.0
C000276,Lapsing Customers,Eligible,Treatment,3,0,0,0.0
C000277,Lapsing Customers,Eligible,Control,0,0,0,0.0
C000278,New Customers,Eligible,Treatment,2,0,0,0.0
C000279,Browsers / No Purchase,Eligible,Control,0,0,0,0.0
C000280,Browsers / No Purchase,Eligible,Treatment,1,0,0,0.0
C000281,High-Value Loyalists,Suppressed,Suppressed,0,0,1,64.33
C000282,High-Value Loyalists,Eligible,Treatment,6,0,0,0.0
C000283,Lapsing Customers,Eligible,Treatment,6,1,1,80.81
C000284,Lapsing Customers,Eligible,Treatment,4,0,1,134.33
C000285,New Customers,Eligible,Treatment,3,0,0,0.0
C000286,Lapsing Customers,Eligible,Treatment,1,0,0,0.0
C000287,High-Value Loyalists,Eligible,Treatment,6,0,0,0.0
C000288,Lapsing Customers,Eligible,Treatment,2,1,0,0.0
C000289,New Customers,Eligible,Treatment,2,0,0,0.0
C000290,High-Value Loyalists,Eligible,Treatment,1,0,0,0.0
C000291,Browsers / No Purchase,Eligible,Treatment,6,0,0,0.0
C000292,High-Value Loyalists,Eligible,Treatment,2,0,0,0.0
C000293,Browsers / No Purchase,Eligible,Treatment,3,1,0,0.0
C000294,High-Value Loyalists,Eligible,Treatment,1,0,0,0.0
C000295,Browsers / No Purchase,Eligible,Treatment,2,0,0,0.0
C000296,Browsers / No Purchase,Eligible,Treatment,2,1,0,0.0
C000297,Browsers / No Purchase,Eligible,Treatment,6,0,0,0.0
C000298,Browsers / No Purchase,Suppressed,Suppressed,0,0,0,0.0
C000299,Browsers / No Purchase,Eligible,Treatment,2,0,0,0.0
C000300,New Customers,Eligible,Treatment,5,0,0,0.0
C000301,Browsers / No Purchase,Eligible,Treatment,2,0,0,0.0
C000302,High-Value Loyalists,Eligible,Treatment,5,0,0,0.0
C000303,New Customers,Eligible,Treatment,6,2,0,0.0
C000304,New Customers,Eligible,Treatment,1,0,0,0.0
C000305,Browsers / No Purchase,Eligible,Treatment,3,0,0,0.0
C000306,Lapsing Customers,Eligible,Treatment,2,0,1,81.1
C000307,Lapsing Customers,Eligible,Treatment,6,1,0,0.0
C000308,New Customers,Eligible,Control,0,0,0,0.0
C000309,Lapsing Customers,Eligible,Treatment,3,0,0,0.0
C000310,High-Value Loyalists,Eligible,Treatment,3,0,0,0.0
C000311,Lapsing Customers,Eligible,Treatment,3,0,0,0.0
C000312,Lapsing Customers,Eligible,Control,0,0,0,0.0
C000313,Lapsing Customers,Eligible,Treatment,1,0,0,0.0
C000314,Lapsing Customers,Eligible,Treatment,2,0,0,0.0
C000315,Lapsing Customers,Eligible,Treatment,5,0,0,0.0
C000316,Lapsing Customers,Eligible,Control,0,0,0,0.0
C000317,Lapsing Customers,Eligible,Treatment,6,0,0,0.0
C000318,New Customers,Eligible,Treatment,4,1,0,0.0
C000319,Lapsing Customers,Eligible,Treatment,1,0,0,0.0
C000320,Browsers / No Purchase,Eligible,Treatment,6,1,0,0.0
C000321,Browsers / No Purchase,Eligible,Treatment,6,0,0,0.0
C000322,New Customers,Eligible,Treatment,4,0,0,0.0
C000323,Lapsing Customers,Suppressed,Suppressed,0,0,0,0.0
C000324,New Customers,Eligible,Treatment,5,2,0,0.0
C000325,Browsers / No Purchase,Eligible,Treatment,3,0,0,0.0
C000326,New Customers,Eligible,Treatment,3,1,0,0.0
C000327,Browsers / No Purchase,Eligible,Treatment,5,1,0,0.0
C000328,New Customers,Eligible,Treatment,2,0,1,136.93
C000329,New Customers,Eligible,Treatment,5,0,0,0.0
C000330,Lapsing Customers,Eligible,Treatment,4,0,0,0.0
C000331,Browsers / No Purchase,Eligible,Treatment,2,0,0,0.0
C000332,Lapsing Customers,Eligible,Control,0,0,0,0.0
C000333,New Customers,Eligible,Control,0,0,0,0.0
C000334,Browsers / No Purchase,Eligible,Treatment,6,0,1,57.61
C000335,High-Value Loyalists,Suppressed,Suppressed,0,0,0,0.0
C000336,New Customers,Eligible,Treatment,2,1,0,0.0
C000337,High-Value Loyalists,Suppressed,Suppressed,0,0,1,70.92
C000338,Browsers / No Purchase,Eligible,Treatment,6,2,0,0.0
C000339,High-Value Loyalists,Eligible,Treatment,2,0,0,0.0
C000340,Browsers / No Purchase,Eligible,Treatment,4,0,0,0.0
C000341,High-Value Loyalists,Eligible,Control,0,0,0,0.0
C000342,Browsers / No Purchase,Eligible,Treatment,3,1,0,0.0
C000343,Browsers / No Purchase,Suppressed,Suppressed,0,0,0,0.0
C000344,New Customers,Eligible,Control,0,0,0,0.0
C000345,Browsers / No Purchase,Eligible,Treatment,3,0,0,0.0
C000346,Browsers / No Purchase,Eligible,Treatment,4,0,0,0.0
C000347,Browsers / No Purchase,Eligible,Treatment,4,0,1,62.51
C000348,Lapsing Customers,Eligible,Treatment,4,1,0,0.0
C000349,New Customers,Eligible,Treatment,3,0,0,0.0
C000350,High-Value Loyalists,Eligible,Treatment,5,0,0,0.0
C000351,New Customers,Eligible,Treatment,3,0,0,0.0
C000352,High-Value Loyalists,Eligible,Treatment,6,0,0,0.0
C000353,New Customers,Eligible,Treatment,2,0,0,0.0
C000354,New Customers,Eligible,Treatment,5,0,0,0.0
C000355,Lapsing Customers,Eligible,Control,0,0,1,38.26
C000356,New Customers,Eligible,Treatment,2,0,0,0.0
C000357,Browsers / No Purchase,Eligible,Control,0,0,0,0.0
C000358,Browsers / No Purchase,Eligible,Treatment,1,0,0,0.0
C000359,New Customers,Eligible,Control,0,0,0,0.0
C000360,New Customers,Eligible,Treatment,4,0,0,0.0
C000361,Browsers / No Purchase,Suppressed,Suppressed,0,0,0,0.0
C000362,High-Value Loyalists,Eligible,Treatment,1,0,0,0.0
C000363,High-Value Loyalists,Eligible,Treatment,2,0,0,0.0
C000364,High-Value Loyalists,Eligible,Treatment,4,0,0,0.0
C000365,New Customers,Eligible,Treatment,4,0,0,0.0
C000366,Lapsing Customers,Eligible,Treatment,1,0,0,0.0
C000367,Browsers / No Purchase,Eligible,Treatment,4,0,0,0.0
C000368,New Customers,Eligible,Treatment,2,1,0,0.0
C000369,Lapsing Customers,Eligible,Control,0,0,0,0.0
C000370,Browsers / No Purchase,Eligible,Treatment,1,0,0,0.0
C000371,Browsers / No Purchase,Eligible,Treatment,1,0,0,0.0
C000372,Lapsing Customers,Eligible,Treatment,6,0,0,0.0
C000373,Lapsing Customers,Eligible,Treatment,6,0,0,0.0
C000374,Lapsing Customers,Suppressed,Suppressed,0,0,0,0.0
C000375,High-Value Loyalists,Eligible,Treatment,1,0,0,0.0
C000376,High-Value Loyalists,Eligible,Treatment,3,1,0,0.0
C000377,Browsers / No Purchase,Suppressed,Suppressed,0,0,0,0.0
C000378,Lapsing Customers,Eligible,Treatment,3,0,0,0.0
C000379,Lapsing Customers,Eligible,Treatment,2,0,0,0.0
C000380,Browsers / No Purchase,Eligible,Treatment,1,0,0,0.0
C000381,New Customers,Eligible,Treatment,6,1,0,0.0
C000382,Browsers / No Purchase,Eligible,Treatment,6,0,0,0.0
C000383,Browsers / No Purchase,Eligible,Treatment,1,0,0,0.0
C000384,Lapsing Customers,Eligible,Treatment,2,0,0,0.0
C000385,Lapsing Customers,Eligible,Treatment,1,0,0,0.0
C000386,Browsers / No Purchase,Eligible,Treatment,1,0,0,0.0
C000387,Browsers / No Purchase,Eligible,Treatment,4,0,0,0.0
C000388,Browsers / No Purchase,Eligible,Treatment,3,0,0,0.0
C000389,High-Value Loyalists,Eligible,Treatment,4,0,0,0.0
C000390,Browsers / No Purchase,Eligible,Treatment,2,0,0,0.0
C000391,New Customers,Eligible,Treatment,5,0,0,0.0
C000392,High-Value Loyalists,Eligible,Treatment,3,0,0,0.0
C000393,New Customers,Eligible,Treatment,1,0,0,0.0
C000394,New Customers,Suppressed,Suppressed,0,0,0,0.0
C000395,High-Value Loyalists,Suppressed,Suppressed,0,0,1,80.57
C000396,Lapsing Customers,Eligible,Treatment,5,0,0,0.0
C000397,Browsers / No Purchase,Eligible,Treatment,5,1,0,0.0
C000398,Lapsing Customers,Eligible,Treatment,2,0,1,69.32
C000399,Lapsing Customers,Suppressed,Suppressed,0,0,0,0.0
C000400,Lapsing Customers,Eligible,Treatment,2,0,0,0.0
C000401,Lapsing Customers,Eligible,Control,0,0,0,0.0
C000402,Browsers / No Purchase,Eligible,Treatment,3,0,0,0.0
C000403,Browsers / No Purchase,Eligible,Treatment,5,1,0,0.0
C000404,High-Value Loyalists,Eligible,Treatment,1,0,0,0.0
C000405,Browsers / No Purchase,Eligible,Treatment,1,0,0,0.0
C000406,Browsers / No Purchase,Eligible,Treatment,2,0,1,122.56
C000407,Lapsing Customers,Eligible,Treatment,2,0,0,0.0
C000408,Browsers / No Purchase,Eligible,Treatment,2,0,0,0.0
C000409,High-Value Loyalists,Eligible,Treatment,2,0,0,0.0
C000410,Browsers / No Purchase,Eligible,Treatment,2,0,0,0.0
C000411,New Customers,Eligible,Treatment,6,0,0,0.0
C000412,New Customers,Eligible,Treatment,2,0,0,0.0
C000413,High-Value Loyalists,Eligible,Treatment,1,0,0,0.0
C000414,Browsers / No Purchase,Eligible,Treatment,3,0,0,0.0
C000415,High-Value Loyalists,Eligible,Treatment,5,0,0,0.0
C000416,Lapsing Customers,Eligible,Treatment,6,1,0,0.0
C000417,High-Value Loyalists,Eligible,Control,0,0,0,0.0
C000418,Browsers / No Purchase,Suppressed,Suppressed,0,0,0,0.0
C000419,High-Value Loyalists,Eligible,Treatment,1,0,0,0.0
C000420,Browsers / No Purchase,Eligible,Treatment,1,0,0,0.0
C000421,New Customers,Eligible,Treatment,5,0,0,0.0
C000422,High-Value Loyalists,Eligible,Control,0,0,0,0.0
C000423,High-Value Loyalists,Eligible,Treatment,1,0,1,84.92
C000424,High-Value Loyalists,Suppressed,Suppressed,0,0,0,0.0
C000425,New Customers,Eligible,Treatment,3,0,0,0.0
C000426,Browsers / No Purchase,Suppressed,Suppressed,0,0,0,0.0
C000427,Lapsing Customers,Eligible,Treatment,2,0,0,0.0
C000428,Browsers / No Purchase,Eligible,Treatment,4,0,0,0.0
C000429,High-Value Loyalists,Eligible,Control,0,0,0,0.0
C000430,Browsers / No Purchase,Eligible,Treatment,2,0,0,0.0
C000431,Browsers / No Purchase,Eligible,Treatment,4,0,0,0.0
C000432,Browsers / No Purchase,Eligible,Treatment,4,0,0,0.0
C000433,New Customers,Suppressed,Suppressed,0,0,0,0.0
C000434,Browsers / No Purchase,Eligible,Treatment,2,0,0,0.0
C000435,High-Value Loyalists,Eligible,Treatment,1,0,0,0.0
C000436,Lapsing Customers,Eligible,Control,0,0,1,58.7
C000437,High-Value Loyalists,Suppressed,Suppressed,0,0,0,0.0
C000438,New Customers,Suppressed,Suppressed,0,0,0,0.0
C000439,Browsers / No Purchase,Eligible,Treatment,6,1,0,0.0
C000440,New Customers,Eligible,Treatment,4,0,0,0.0
C000441,Browsers / No Purchase,Eligible,Treatment,5,3,0,0.0
C000442,High-Value Loyalists,Eligible,Treatment,6,0,0,0.0
C000443,Browsers / No Purchase,Eligible,Treatment,3,0,0,0.0
C000444,High-Value Loyalists,Eligible,Treatment,2,0,0,0.0
C000445,Lapsing Customers,Eligible,Treatment,2,0,0,0.0
C000446,Browsers / No Purchase,Eligible,Treatment,6,0,0,0.0
C000447,Browsers / No Purchase,Eligible,Treatment,2,0,0,0.0
C000448,New Customers,Eligible,Control,0,0,0,0.0
C000449,High-Value Loyalists,Eligible,Treatment,3,0,0,0.0
C000450,New Customers,Eligible,Control,0,0,0,0.0
C000451,High-Value Loyalists,Eligible,Control,0,0,0,0.0
C000452,Browsers / No Purchase,Eligible,Treatment,1,0,0,0.0
C000453,Browsers / No Purchase,Eligible,Treatment,4,1,0,0.0
C000454,High-Value Loyalists,Eligible,Treatment,6,2,0,0.0
C000455,High-Value Loyalists,Eligible,Treatment,4,0,0,0.0
C000456,High-Value Loyalists,Eligible,Treatment,6,0,0,0.0
C000457,Browsers / No Purchase,Eligible,Treatment,4,0,0,0.0
C000458,Lapsing Customers,Eligible,Treatment,2,0,0,0.0
C000459,Browsers / No Purchase,Eligible,Treatment,2,0,0,0.0
C000460,New Customers,Eligible,Treatment,2,0,0,0.0
C000461,New Customers,Eligible,Treatment,5,0,0,0.0
C000462,High-Value Loyalists,Eligible,Treatment,4,2,0,0.0
C000463,Browsers / No Purchase,Eligible,Treatment,6,1,0,0.0
C000464,Lapsing Customers,Suppressed,Suppressed,0,0,0,0.0
C000465,New Customers,Eligible,Treatment,2,0,1,110.94
C000466,New Customers,Eligible,Treatment,2,0,0,0.0
C000467,New Customers,Eligible,Treatment,5,1,0,0.0
C000468,Browsers / No Purchase,Suppressed,Suppressed,0,0,0,0.0
C000469,High-Value Loyalists,Eligible,Treatment,4,0,1,45.95
C000470,New Customers,Eligible,Treatment,5,0,0,0.0
C000471,Lapsing Customers,Eligible,Treatment,6,0,0,0.0
C000472,Lapsing Customers,Eligible,Treatment,5,0,0,0.0
C000473,High-Value Loyalists,Eligible,Treatment,2,0,1,46.67
C000474,High-Value Loyalists,Suppressed,Suppressed,0,0,0,0.0
C000475,Lapsing Customers,Eligible,Treatment,6,0,0,0.0
C000476,Lapsing Customers,Eligible,Treatment,5,0,1,60.94
C000477,Lapsing Customers,Eligible,Treatment,1,0,0,0.0
C000478,New Customers,Eligible,Treatment,5,0,1,35.36
C000479,New Customers,Eligible,Treatment,4,0,1,117.43
C000480,Lapsing Customers,Eligible,Treatment,5,1,1,25.39
C000481,Lapsing Customers,Eligible,Control,0,0,0,0.0
C000482,Lapsing Customers,Eligible,Treatment,3,0,0,0.0
C000483,New Customers,Suppressed,Suppressed,0,0,0,0.0
C000484,Lapsing Customers,Eligible,Treatment,1,0,1,86.66
C000485,High-Value Loyalists,Eligible,Treatment,4,0,0,0.0
C000486,Lapsing Customers,Eligible,Treatment,4,0,0,0.0
C000487,Lapsing Customers,Eligible,Treatment,4,0,0,0.0
C000488,Lapsing Customers,Eligible,Treatment,5,0,0,0.0
C000489,New Customers,Eligible,Control,0,0,0,0.0
C000490,New Customers,Eligible,Treatment,2,0,0,0.0
C000491,Browsers / No Purchase,Suppressed,Suppressed,0,0,0,0.0
C000492,New Customers,Eligible,Treatment,2,0,0,0.0
C000493,New Customers,Eligible,Treatment,3,1,0,0.0
C000494,Lapsing Customers,Eligible,Treatment,6,1,0,0.0
C000495,Browsers / No Purchase,Eligible,Treatment,5,0,0,0.0
C000496,New Customers,Eligible,Treatment,1,0,1,140.11
C000497,Lapsing Customers,Eligible,Treatment,4,0,0,0.0
C000498,New Customers,Eligible,Treatment,4,0,0,0.0
C000499,Lapsing Customers,Eligible,Treatment,2,0,0,0.0
C000500,New Customers,Eligible,Treatment,5,0,0,0.0
C000501,Browsers / No Purchase,Eligible,Treatment,1,0,0,0.0
C000502,Browsers / No Purchase,Suppressed,Suppressed,0,0,0,0.0
C000503,Browsers / No Purchase,Eligible,Treatment,4,1,0,0.0
C000504,New Customers,Eligible,Control,0,0,0,0.0
C000505,New Customers,Eligible,Treatment,4,1,0,0.0
C000506,Browsers / No Purchase,Suppressed,Suppressed,0,0,0,0.0
C000507,Lapsing Customers,Eligible,Treatment,6,1,1,48.91
C000508,Browsers / No Purchase,Eligible,Treatment,1,0,0,0.0
C000509,New Customers,Eligible,Treatment,5,0,0,0.0
C000510,High-Value Loyalists,Eligible,Treatment,3,0,0,0.0
C000511,High-Value Loyalists,Suppressed,Suppressed,0,0,0,0.0
C000512,Browsers / No Purchase,Eligible,Treatment,3,0,0,0.0
C000513,High-Value Loyalists,Eligible,Treatment,4,1,0,0.0
C000514,Lapsing Customers,Eligible,Treatment,4,0,0,0.0
C000515,Lapsing Customers,Eligible,Treatment,2,0,0,0.0
C000516,High-Value Loyalists,Eligible,Treatment,1,0,0,0.0
C000517,Lapsing Customers,Eligible,Control,0,0,0,0.0
C000518,Browsers / No Purchase,Eligible,Treatment,6,1,0,0.0
C000519,High-Value Loyalists,Suppressed,Suppressed,0,0,1,78.86
C000520,Browsers / No Purchase,Eligible,Treatment,6,1,0,0.0
C000521,Browsers / No Purchase,Eligible,Treatment,2,0,0,0.0
C000522,Lapsing Customers,Eligible,Treatment,6,0,0,0.0
C000523,High-Value Loyalists,Eligible,Treatment,4,0,0,0.0
C000524,New Customers,Eligible,Control,0,0,0,0.0
C000525,High-Value Loyalists,Eligible,Treatment,2,1,0,0.0
C000526,Lapsing Customers,Eligible,Treatment,5,1,0,0.0
C000527,Browsers / No Purchase,Eligible,Treatment,1,0,0,0.0
C000528,Browsers / No Purchase,Suppressed,Suppressed,0,0,0,0.0
C000529,Browsers / No Purchase,Eligible,Treatment,6,0,0,0.0
C000530,Lapsing Customers,Eligible,Treatment,6,0,1,53.6
C000531,New Customers,Eligible,Treatment,6,0,0,0.0
C000532,Browsers / No Purchase,Eligible,Treatment,5,0,0,0.0
C000533,Lapsing Customers,Eligible,Treatment,5,1,0,0.0
C000534,New Customers,Eligible,Control,0,0,0,0.0
C000535,High-Value Loyalists,Eligible,Treatment,2,0,0,0.0
C000536,Lapsing Customers,Eligible,Treatment,1,0,0,0.0
C000537,New Customers,Eligible,Treatment,3,0,0,0.0
C000538,High-Value Loyalists,Eligible,Treatment,4,0,0,0.0
C000539,High-Value Loyalists,Eligible,Treatment,6,0,0,0.0
C000540,Browsers / No Purchase,Eligible,Treatment,5,0,0,0.0
C000541,Browsers / No Purchase,Eligible,Treatment,5,1,0,0.0
C000542,New Customers,Eligible,Treatment,6,0,0,0.0
C000543,Browsers / No Purchase,Suppressed,Suppressed,0,0,0,0.0
C000544,Browsers / No Purchase,Eligible,Treatment,1,0,0,0.0
C000545,High-Value Loyalists,Eligible,Treatment,6,0,0,0.0
C000546,Lapsing Customers,Eligible,Treatment,3,1,0,0.0
C000547,Lapsing Customers,Eligible,Treatment,2,0,0,0.0
C000548,High-Value Loyalists,Eligible,Treatment,3,1,0,0.0
C000549,Browsers / No Purchase,Suppressed,Suppressed,0,0,0,0.0
C000550,Lapsing Customers,Eligible,Control,0,0,0,0.0
C000551,Lapsing Customers,Eligible,Treatment,3,1,0,0.0
C000552,High-Value Loyalists,Eligible,Treatment,4,0,0,0.0
C000553,High-Value Loyalists,Eligible,Control,0,0,1,51.12
C000554,Browsers / No Purchase,Eligible,Treatment,5,0,0,0.0
C000555,High-Value Loyalists,Eligible,Control,0,0,0,0.0
C000556,Lapsing Customers,Eligible,Treatment,5,0,0,0.0
C000557,Lapsing Customers,Suppressed,Suppressed,0,0,0,0.0
C000558,New Customers,Eligible,Treatment,3,0,0,0.0
C000559,New Customers,Eligible,Control,0,0,0,0.0
C000560,New Customers,Eligible,Treatment,2,0,0,0.0
C000561,High-Value Loyalists,Eligible,Treatment,2,0,0,0.0
C000562,Lapsing Customers,Eligible,Treatment,4,0,0,0.0
C000563,Browsers / No Purchase,Eligible,Treatment,1,0,0,0.0
C000564,New Customers,Eligible,Treatment,2,0,0,0.0
C000565,New Customers,Eligible,Treatment,3,1,1,87.15
C000566,New Customers,Eligible,Treatment,4,1,0,0.0
C000567,Browsers / No Purchase,Eligible,Treatment,3,0,0,0.0
C000568,High-Value Loyalists,Eligible,Treatment,1,1,0,0.0
C000569,Lapsing Customers,Eligible,Treatment,5,0,0,0.0
C000570,New Customers,Eligible,Treatment,2,0,0,0.0
C000571,Lapsing Customers,Eligible,Treatment,6,0,0,0.0
C000572,Browsers / No Purchase,Eligible,Treatment,3,0,0,0.0
C000573,New Customers,Eligible,Control,0,0,0,0.0
C000574,Browsers / No Purchase,Eligible,Treatment,4,0,0,0.0
C000575,Browsers / No Purchase,Eligible,Treatment,2,1,0,0.0
C000576,New Customers,Eligible,Treatment,6,1,0,0.0
C000577,Browsers / No Purchase,Eligible,Treatment,2,0,0,0.0
C000578,New Customers,Eligible,Treatment,4,0,1,87.05
C000579,Browsers / No Purchase,Eligible,Treatment,5,0,0,0.0
C000580,Lapsing Customers,Eligible,Treatment,3,0,0,0.0
C000581,New Customers,Eligible,Treatment,5,1,0,0.0
C000582,New Customers,Eligible,Treatment,5,0,0,0.0
C000583,High-Value Loyalists,Eligible,Treatment,2,0,0,0.0
C000584,Lapsing Customers,Eligible,Treatment,1,0,0,0.0
C000585,Browsers / No Purchase,Eligible,Treatment,1,0,0,0.0
C000586,New Customers,Eligible,Control,0,0,0,0.0
C000587,High-Value Loyalists,Suppressed,Suppressed,0,0,1,130.25
C000588,Lapsing Customers,Eligible,Treatment,2,0,0,0.0
C000589,High-Value Loyalists,Eligible,Treatment,3,0,0,0.0
C000590,High-Value Loyalists,Eligible,Treatment,4,0,0,0.0
C000591,Browsers / No Purchase,Eligible,Treatment,2,0,0,0.0
C000592,Lapsing Customers,Eligible,Treatment,4,0,0,0.0
C000593,Lapsing Customers,Eligible,Treatment,3,1,0,0.0
C000594,New Customers,Eligible,Control,0,0,0,0.0
C000595,High-Value Loyalists,Eligible,Treatment,1,0,0,0.0
C000596,Lapsing Customers,Eligible,Treatment,4,0,0,0.0
C000597,Browsers / No Purchase,Eligible,Treatment,2,0,0,0.0
C000598,New Customers,Eligible,Treatment,1,0,0,0.0
C000599,Browsers / No Purchase,Eligible,Treatment,1,0,0,0.0
C000600,New Customers,Eligible,Treatment,5,0,0,0.0
C000601,Lapsing Customers,Eligible,Treatment,6,0,0,0.0
C000602,Browsers / No Purchase,Eligible,Treatment,1,0,0,0.0
C000603,Browsers / No Purchase,Eligible,Treatment,2,0,0,0.0
C000604,Browsers / No Purchase,Eligible,Treatment,5,0,0,0.0
C000605,Browsers / No Purchase,Eligible,Treatment,5,0,0,0.0
C000606,Browsers / No Purchase,Eligible,Treatment,4,0,0,0.0
C000607,Browsers / No Purchase,Eligible,Treatment,1,0,0,0.0
C000608,High-Value Loyalists,Eligible,Treatment,3,0,0,0.0
C000609,Browsers / No Purchase,Eligible,Treatment,3,0,0,0.0
C000610,Lapsing Customers,Eligible,Treatment,5,0,0,0.0
C000611,New Customers,Eligible,Treatment,5,0,0,0.0
C000612,New Customers,Eligible,Treatment,1,0,0,0.0
C000613,Browsers / No Purchase,Eligible,Treatment,6,0,0,0.0
C000614,Browsers / No Purchase,Eligible,Treatment,3,0,0,0.0
C000615,Lapsing Customers,Eligible,Control,0,0,0,0.0
C000616,Browsers / No Purchase,Eligible,Treatment,6,0,0,0.0
C000617,Browsers / No Purchase,Eligible,Treatment,4,0,0,0.0
C000618,Lapsing Customers,Eligible,Treatment,1,0,0,0.0
C000619,High-Value Loyalists,Eligible,Treatment,2,1,0,0.0
C000620,High-Value Loyalists,Eligible,Treatment,6,0,0,0.0
C000621,Browsers / No Purchase,Eligible,Treatment,1,0,0,0.0
C000622,New Customers,Eligible,Treatment,4,1,0,0.0
C000623,Browsers / No Purchase,Eligible,Treatment,3,0,0,0.0
C000624,Lapsing Customers,Eligible,Treatment,6,1,0,0.0
C000625,Browsers / No Purchase,Eligible,Treatment,6,0,0,0.0
C000626,Lapsing Customers,Eligible,Treatment,1,0,1,45.47
C000627,Browsers / No Purchase,Eligible,Treatment,6,0,0,0.0
C000628,High-Value Loyalists,Eligible,Treatment,5,0,0,0.0
C000629,New Customers,Eligible,Treatment,6,0,0,0.0
C000630,Browsers / No Purchase,Eligible,Treatment,4,0,0,0.0
C000631,Browsers / No Purchase,Eligible,Treatment,6,1,0,0.0
C000632,Browsers / No Purchase,Eligible,Treatment,2,0,0,0.0
C000633,High-Value Loyalists,Eligible,Treatment,1,0,0,0.0
C000634,Lapsing Customers,Eligible,Treatment,3,1,0,0.0
C000635,High-Value Loyalists,Suppressed,Suppressed,0,0,1,69.6
C000636,High-Value Loyalists,Eligible,Treatment,6,1,1,51.46
C000637,New Customers,Suppressed,Suppressed,0,0,0,0.0
C000638,Browsers / No Purchase,Eligible,Treatment,3,1,0,0.0
C000639,Browsers / No Purchase,Eligible,Treatment,1,0,0,0.0
C000640,Browsers / No Purchase,Eligible,Treatment,1,0,0,0.0
C000641,Browsers / No Purchase,Eligible,Treatment,4,0,0,0.0
C000642,Browsers / No Purchase,Eligible,Treatment,1,0,0,0.0
C000643,High-Value Loyalists,Eligible,Treatment,5,0,0,0.0
C000644,Lapsing Customers,Eligible,Treatment,1,0,0,0.0
C000645,New Customers,Eligible,Treatment,3,0,0,0.0
C000646,Browsers / No Purchase,Eligible,Control,0,0,0,0.0
C000647,High-Value Loyalists,Eligible,Treatment,2,0,1,55.96
C000648,New Customers,Eligible,Treatment,4,0,0,0.0
C000649,New Customers,Eligible,Treatment,3,0,0,0.0
C000650,High-Value Loyalists,Eligible,Control,0,0,0,0.0
C000651,Lapsing Customers,Eligible,Control,0,0,0,0.0
C000652,Browsers / No Purchase,Eligible,Treatment,6,0,0,0.0
C000653,New Customers,Suppressed,Suppressed,0,0,0,0.0
C000654,Lapsing Customers,Eligible,Treatment,5,0,0,0.0
C000655,Browsers / No Purchase,Eligible,Treatment,6,0,0,0.0
C000656,Lapsing Customers,Eligible,Treatment,3,0,0,0.0
C000657,Browsers / No Purchase,Eligible,Treatment,2,0,0,0.0
C000658,Lapsing Customers,Eligible,Treatment,2,1,0,0.0
C000659,New Customers,Eligible,Treatment,2,0,0,0.0
C000660,Lapsing Customers,Eligible,Treatment,3,1,0,0.0
C000661,Lapsing Customers,Eligible,Treatment,4,0,1,21.0
C000662,Browsers / No Purchase,Eligible,Treatment,4,0,0,0.0
C000663,High-Value Loyalists,Eligible,Treatment,2,0,0,0.0
C000664,High-Value Loyalists,Eligible,Treatment,1,0,0,0.0
C000665,Lapsing Customers,Eligible,Treatment,5,0,0,0.0
C000666,Browsers / No Purchase,Eligible,Treatment,6,1,0,0.0
C000667,Browsers / No Purchase,Suppressed,Suppressed,0,0,0,0.0
C000668,Browsers / No Purchase,Eligible,Treatment,4,0,0,0.0
C000669,Lapsing Customers,Eligible,Treatment,3,0,0,0.0
C000670,Lapsing Customers,Eligible,Treatment,6,0,0,0.0
C000671,High-Value Loyalists,Eligible,Treatment,5,1,0,0.0
C000672,New Customers,Eligible,Treatment,4,0,0,0.0
C000673,Browsers / No Purchase,Eligible,Treatment,3,0,0,0.0
C000674,Browsers / No Purchase,Eligible,Control,0,0,0,0.0
C000675,New Customers,Eligible,Treatment,3,1,0,0.0
C000676,Lapsing Customers,Eligible,Treatment,3,2,0,0.0
C000677,Browsers / No Purchase,Suppressed,Suppressed,0,0,0,0.0
C000678,New Customers,Eligible,Treatment,1,0,0,0.0
C000679,High-Value Loyalists,Eligible,Treatment,5,0,0,0.0
C000680,Lapsing Customers,Eligible,Control,0,0,0,0.0
C000681,High-Value Loyalists,Eligible,Treatment,3,1,0,0.0
C000682,Lapsing Customers,Eligible,Treatment,1,0,0,0.0
C000683,High-Value Loyalists,Suppressed,Suppressed,0,0,0,0.0
C000684,Lapsing Customers,Eligible,Treatment,3,0,0,0.0
C000685,New Customers,Suppressed,Suppressed,0,0,0,0.0
C000686,Lapsing Customers,Eligible,Treatment,2,0,0,0.0
C000687,Lapsing Customers,Eligible,Treatment,1,0,0,0.0
C000688,Browsers / No Purchase,Eligible,Treatment,3,0,0,0.0
C000689,Browsers / No Purchase,Eligible,Treatment,1,0,0,0.0
C000690,New Customers,Eligible,Treatment,3,0,1,55.16
C000691,Lapsing Customers,Eligible,Treatment,1,0,0,0.0
C000692,Browsers / No Purchase,Eligible,Treatment,3,0,0,0.0
C000693,Lapsing Customers,Eligible,Treatment,2,0,0,0.0
C000694,Lapsing Customers,Eligible,Treatment,4,1,0,0.0
C000695,Browsers / No Purchase,Eligible,Treatment,3,0,0,0.0
C000696,New Customers,Eligible,Treatment,6,0,0,0.0
C000697,Browsers / No Purchase,Eligible,Control,0,0,0,0.0
C000698,New Customers,Eligible,Control,0,0,0,0.0
C000699,New Customers,Eligible,Treatment,1,0,0,0.0
C000700,Lapsing Customers,Eligible,Treatment,5,1,0,0.0
C000701,Lapsing Customers,Eligible,Treatment,5,0,0,0.0
C000702,Lapsing Customers,Eligible,Treatment,5,0,0,0.0
C000703,High-Value Loyalists,Eligible,Treatment,6,0,0,0.0
C000704,Browsers / No Purchase,Eligible,Treatment,3,0,0,0.0
C000705,Lapsing Customers,Eligible,Treatment,3,1,0,0.0
C000706,New Customers,Eligible,Treatment,2,0,0,0.0
C000707,Browsers / No Purchase,Eligible,Treatment,1,0,0,0.0
C000708,Browsers / No Purchase,Eligible,Treatment,1,0,0,0.0
C000709,Lapsing Customers,Eligible,Treatment,5,2,0,0.0
C000710,Lapsing Customers,Eligible,Treatment,1,0,0,0.0
C000711,Browsers / No Purchase,Eligible,Treatment,6,0,1,60.07
C000712,New Customers,Eligible,Control,0,0,0,0.0
C000713,Browsers / No Purchase,Eligible,Treatment,4,0,0,0.0
C000714,Browsers / No Purchase,Eligible,Treatment,6,1,0,0.0
C000715,Browsers / No Purchase,Eligible,Treatment,2,1,0,0.0
C000716,High-Value Loyalists,Eligible,Treatment,1,1,0,0.0
C000717,New Customers,Eligible,Treatment,3,0,0,0.0
C000718,High-Value Loyalists,Eligible,Treatment,5,1,0,0.0
C000719,New Customers,Eligible,Treatment,2,0,0,0.0
C000720,Browsers / No Purchase,Eligible,Treatment,3,0,0,0.0
C000721,New Customers,Eligible,Treatment,4,1,0,0.0
C000722,Lapsing Customers,Suppressed,Suppressed,0,0,0,0.0
C000723,High-Value Loyalists,Suppressed,Suppressed,0,0,0,0.0
C000724,Browsers / No Purchase,Eligible,Treatment,1,0,0,0.0
C000725,High-Value Loyalists,Suppressed,Suppressed,0,0,0,0.0
C000726,High-Value Loyalists,Eligible,Treatment,5,0,0,0.0
C000727,Lapsing Customers,Eligible,Treatment,6,0,0,0.0
C000728,High-Value Loyalists,Eligible,Treatment,1,0,0,0.0
C000729,Lapsing Customers,Eligible,Treatment,5,1,1,19.39
C000730,New Customers,Eligible,Treatment,4,1,0,0.0
C000731,Lapsing Customers,Eligible,Treatment,5,1,0,0.0
C000732,High-Value Loyalists,Suppressed,Suppressed,0,0,0,0.0
C000733,High-Value Loyalists,Eligible,Treatment,3,0,0,0.0
C000734,Lapsing Customers,Eligible,Treatment,6,0,0,0.0
C000735,High-Value Loyalists,Eligible,Treatment,5,0,0,0.0
C000736,New Customers,Eligible,Treatment,4,1,0,0.0
C000737,Lapsing Customers,Eligible,Treatment,4,1,0,0.0
C000738,Lapsing Customers,Eligible,Treatment,4,0,0,0.0
C000739,Lapsing Customers,Eligible,Treatment,6,0,0,0.0
C000740,Lapsing Customers,Eligible,Treatment,2,0,0,0.0
C000741,High-Value Loyalists,Eligible,Treatment,6,0,0,0.0
C000742,High-Value Loyalists,Eligible,Treatment,4,0,1,95.68
C000743,Browsers / No Purchase,Eligible,Treatment,6,1,0,0.0
C000744,High-Value Loyalists,Eligible,Treatment,1,0,0,0.0
C000745,New Customers,Eligible,Treatment,4,0,0,0.0
C000746,New Customers,Suppressed,Suppressed,0,0,0,0.0
C000747,Lapsing Customers,Eligible,Treatment,3,1,0,0.0
C000748,Lapsing Customers,Eligible,Treatment,2,0,1,123.17
C000749,Browsers / No Purchase,Eligible,Treatment,3,1,0,0.0
C000750,Browsers / No Purchase,Eligible,Treatment,6,2,0,0.0
C000751,Lapsing Customers,Eligible,Treatment,1,0,0,0.0
C000752,Lapsing Customers,Eligible,Treatment,2,0,0,0.0
C000753,Lapsing Customers,Eligible,Treatment,4,0,0,0.0
C000754,Lapsing Customers,Eligible,Treatment,4,1,0,0.0
C000755,New Customers,Eligible,Treatment,6,1,0,0.0
C000756,Lapsing Customers,Eligible,Treatment,1,0,0,0.0
C000757,Lapsing Customers,Eligible,Treatment,2,0,1,43.02
C000758,Browsers / No Purchase,Eligible,Treatment,5,0,0,0.0
C000759,High-Value Loyalists,Eligible,Treatment,1,0,0,0.0
C000760,Lapsing Customers,Eligible,Treatment,1,0,0,0.0
C000761,Browsers / No Purchase,Eligible,Treatment,2,1,0,0.0
C000762,High-Value Loyalists,Eligible,Control,0,0,1,92.75
C000763,High-Value Loyalists,Eligible,Treatment,3,0,1,177.4
C000764,High-Value Loyalists,Eligible,Treatment,2,0,0,0.0
C000765,Browsers / No Purchase,Eligible,Treatment,6,1,0,0.0
C000766,High-Value Loyalists,Eligible,Treatment,4,1,0,0.0
C000767,High-Value Loyalists,Suppressed,Suppressed,0,0,1,102.37
C000768,High-Value Loyalists,Eligible,Control,0,0,0,0.0
C000769,High-Value Loyalists,Eligible,Treatment,6,0,0,0.0
C000770,New Customers,Eligible,Treatment,5,0,0,0.0
C000771,Lapsing Customers,Eligible,Control,0,0,0,0.0
C000772,New Customers,Eligible,Treatment,3,1,0,0.0
C000773,New Customers,Eligible,Treatment,2,0,0,0.0
C000774,Browsers / No Purchase,Suppressed,Suppressed,0,0,0,0.0
C000775,High-Value Loyalists,Eligible,Treatment,1,0,1,132.15
C000776,Browsers / No Purchase,Suppressed,Suppressed,0,0,0,0.0
C000777,New Customers,Eligible,Treatment,2,1,0,0.0
C000778,High-Value Loyalists,Suppressed,Suppressed,0,0,0,0.0
C000779,Browsers / No Purchase,Eligible,Treatment,1,0,0,0.0
C000780,Browsers / No Purchase,Eligible,Treatment,5,1,0,0.0
C000781,Lapsing Customers,Suppressed,Suppressed,0,0,0,0.0
C000782,Browsers / No Purchase,Eligible,Treatment,3,1,0,0.0
C000783,Lapsing Customers,Eligible,Treatment,2,0,0,0.0
C000784,New Customers,Eligible,Treatment,5,0,0,0.0
C000785,Browsers / No Purchase,Eligible,Treatment,4,0,0,0.0
C000786,Lapsing Customers,Eligible,Treatment,3,0,0,0.0
C000787,Browsers / No Purchase,Eligible,Treatment,6,1,0,0.0
C000788,Lapsing Customers,Eligible,Treatment,6,0,0,0.0
C000789,Browsers / No Purchase,Eligible,Treatment,4,0,0,0.0
C000790,New Customers,Eligible,Treatment,2,0,0,0.0
C000791,Lapsing Customers,Eligible,Treatment,1,0,0,0.0
C000792,Lapsing Customers,Eligible,Treatment,6,0,0,0.0
C000793,Lapsing Customers,Eligible,Control,0,0,0,0.0
C000794,High-Value Loyalists,Suppressed,Suppressed,0,0,0,0.0
C000795,High-Value Loyalists,Eligible,Control,0,0,0,0.0
C000796,Lapsing Customers,Eligible,Treatment,3,0,0,0.0
C000797,High-Value Loyalists,Eligible,Treatment,6,0,0,0.0
C000798,High-Value Loyalists,Suppressed,Suppressed,0,0,0,0.0
C000799,Browsers / No Purchase,Eligible,Treatment,2,0,0,0.0
C000800,Browsers / No Purchase,Eligible,Treatment,1,1,0,0.0
C000801,Browsers / No Purchase,Eligible,Treatment,2,1,0,0.0
C000802,Lapsing Customers,Eligible,Treatment,2,0,1,93.17
C000803,Browsers / No Purchase,Suppressed,Suppressed,0,0,0,0.0
C000804,New Customers,Eligible,Treatment,3,0,0,0.0
C000805,High-Value Loyalists,Eligible,Treatment,5,0,0,0.0
C000806,High-Value Loyalists,Eligible,Control,0,0,1,52.91
C000807,New Customers,Eligible,Treatment,2,0,0,0.0
C000808,High-Value Loyalists,Eligible,Treatment,5,0,0,0.0
C000809,New Customers,Eligible,Treatment,6,1,0,0.0
C000810,Browsers / No Purchase,Eligible,Treatment,1,0,0,0.0
C000811,High-Value Loyalists,Eligible,Control,0,0,0,0.0
C000812,High-Value Loyalists,Eligible,Treatment,6,0,0,0.0
C000813,Browsers / No Purchase,Suppressed,Suppressed,0,0,0,0.0
C000814,New Customers,Eligible,Treatment,2,0,0,0.0
C000815,High-Value Loyalists,Eligible,Treatment,1,0,0,0.0
C000816,Browsers / No Purchase,Eligible,Treatment,5,0,0,0.0
C000817,Browsers / No Purchase,Eligible,Treatment,1,0,0,0.0
C000818,New Customers,Eligible,Treatment,5,1,0,0.0
C000819,New Customers,Eligible,Treatment,5,0,0,0.0
C000820,Lapsing Customers,Eligible,Control,0,0,0,0.0
C000821,High-Value Loyalists,Eligible,Treatment,4,0,0,0.0
C000822,New Customers,Eligible,Treatment,3,1,0,0.0
C000823,Lapsing Customers,Suppressed,Suppressed,0,0,0,0.0
C000824,New Customers,Eligible,Treatment,1,0,0,0.0
C000825,Browsers / No Purchase,Eligible,Control,0,0,0,0.0
C000826,High-Value Loyalists,Eligible,Treatment,3,0,0,0.0
C000827,New Customers,Eligible,Treatment,3,1,0,0.0
C000828,Lapsing Customers,Eligible,Treatment,6,0,0,0.0
C000829,Browsers / No Purchase,Eligible,Treatment,4,1,0,0.0
C000830,Lapsing Customers,Eligible,Control,0,0,0,0.0
C000831,New Customers,Eligible,Treatment,5,0,0,0.0
C000832,New Customers,Eligible,Treatment,6,0,0,0.0
C000833,Lapsing Customers,Suppressed,Suppressed,0,0,0,0.0
C000834,New Customers,Eligible,Treatment,5,0,1,44.87
C000835,Browsers / No Purchase,Eligible,Treatment,6,1,0,0.0
C000836,New Customers,Eligible,Treatment,6,0,0,0.0
C000837,Browsers / No Purchase,Eligible,Treatment,2,0,0,0.0
C000838,Browsers / No Purchase,Eligible,Treatment,2,0,0,0.0
C000839,Lapsing Customers,Eligible,Treatment,3,0,0,0.0
C000840,New Customers,Eligible,Treatment,5,2,1,69.6
C000841,High-Value Loyalists,Eligible,Treatment,6,1,1,129.51
C000842,Browsers / No Purchase,Eligible,Treatment,1,0,0,0.0
C000843,New Customers,Eligible,Treatment,6,0,1,29.92
C000844,Lapsing Customers,Eligible,Treatment,3,1,0,0.0
C000845,High-Value Loyalists,Eligible,Treatment,4,0,0,0.0
C000846,Browsers / No Purchase,Eligible,Treatment,5,0,1,18.7
C000847,Lapsing Customers,Eligible,Treatment,2,0,0,0.0
C000848,New Customers,Eligible,Treatment,1,0,1,77.25
C000849,High-Value Loyalists,Suppressed,Suppressed,0,0,0,0.0
C000850,Browsers / No Purchase,Eligible,Treatment,6,1,0,0.0
C000851,High-Value Loyalists,Eligible,Treatment,5,1,0,0.0
C000852,High-Value Loyalists,Eligible,Treatment,3,0,0,0.0
C000853,Browsers / No Purchase,Eligible,Treatment,5,1,0,0.0
C000854,Browsers / No Purchase,Eligible,Treatment,3,0,0,0.0
C000855,Lapsing Customers,Eligible,Control,0,0,0,0.0
C000856,Lapsing Customers,Eligible,Treatment,6,0,0,0.0
C000857,Browsers / No Purchase,Suppressed,Suppressed,0,0,0,0.0
C000858,Browsers / No Purchase,Suppressed,Suppressed,0,0,0,0.0
C000859,Lapsing Customers,Eligible,Treatment,4,0,1,159.62
C000860,New Customers,Eligible,Treatment,6,0,0,0.0
C000861,Browsers / No Purchase,Eligible,Treatment,6,1,0,0.0
C000862,Browsers / No Purchase,Eligible,Treatment,5,1,0,0.0
C000863,Browsers / No Purchase,Eligible,Treatment,5,1,0,0.0
C000864,New Customers,Eligible,Treatment,4,0,0,0.0
C000865,High-Value Loyalists,Eligible,Treatment,3,0,0,0.0
C000866,Browsers / No Purchase,Eligible,Treatment,2,0,0,0.0
C000867,Browsers / No Purchase,Eligible,Treatment,4,1,0,0.0
C000868,Browsers / No Purchase,Eligible,Treatment,5,1,0,0.0
C000869,High-Value Loyalists,Eligible,Treatment,5,1,0,0.0
C000870,Lapsing Customers,Eligible,Treatment,4,0,0,0.0
C000871,Browsers / No Purchase,Eligible,Treatment,5,0,0,0.0
C000872,High-Value Loyalists,Suppressed,Suppressed,0,0,0,0.0
C000873,Browsers / No Purchase,Suppressed,Suppressed,0,0,0,0.0
C000874,Lapsing Customers,Eligible,Treatment,6,1,0,0.0
C000875,Browsers / No Purchase,Eligible,Control,0,0,0,0.0
C000876,Browsers / No Purchase,Eligible,Treatment,3,0,0,0.0
C000877,Lapsing Customers,Eligible,Treatment,6,0,0,0.0
C000878,Lapsing Customers,Eligible,Treatment,5,0,0,0.0
C000879,New Customers,Eligible,Control,0,0,0,0.0
C000880,New Customers,Eligible,Treatment,4,0,1,113.15
C000881,Lapsing Customers,Suppressed,Suppressed,0,0,1,47.4
C000882,New Customers,Eligible,Control,0,0,0,0.0
C000883,Browsers / No Purchase,Eligible,Treatment,5,1,0,0.0
C000884,Lapsing Customers,Eligible,Treatment,3,0,1,64.79
C000885,High-Value Loyalists,Eligible,Treatment,4,1,0,0.0
C000886,Lapsing Customers,Eligible,Treatment,4,0,0,0.0
C000887,Lapsing Customers,Eligible,Treatment,4,0,0,0.0
C000888,High-Value Loyalists,Eligible,Treatment,6,0,1,27.04
C000889,High-Value Loyalists,Eligible,Treatment,1,0,0,0.0
C000890,New Customers,Eligible,Treatment,1,0,0,0.0
C000891,Lapsing Customers,Eligible,Treatment,1,0,0,0.0
C000892,Browsers / No Purchase,Eligible,Treatment,5,0,0,0.0
C000893,Lapsing Customers,Eligible,Treatment,4,0,0,0.0
C000894,High-Value Loyalists,Suppressed,Suppressed,0,0,0,0.0
C000895,Browsers / No Purchase,Eligible,Treatment,6,2,0,0.0
C000896,Browsers / No Purchase,Eligible,Treatment,3,0,0,0.0
C000897,Lapsing Customers,Eligible,Treatment,6,1,0,0.0
C000898,Lapsing Customers,Eligible,Control,0,0,0,0.0
C000899,High-Value Loyalists,Eligible,Treatment,3,0,0,0.0
C000900,New Customers,Eligible,Treatment,4,1,0,0.0
C000901,Lapsing Customers,Eligible,Treatment,6,0,0,0.0
C000902,Lapsing Customers,Eligible,Treatment,1,0,0,0.0
C000903,High-Value Loyalists,Eligible,Treatment,3,0,0,0.0
C000904,New Customers,Eligible,Treatment,3,1,0,0.0
C000905,Browsers / No Purchase,Eligible,Treatment,5,0,0,0.0
C000906,New Customers,Eligible,Treatment,3,0,0,0.0
C000907,New Customers,Eligible,Treatment,2,1,0,0.0
C000908,High-Value Loyalists,Eligible,Treatment,2,0,1,61.62
C000909,Lapsing Customers,Eligible,Treatment,5,0,0,0.0
C000910,Lapsing Customers,Suppressed,Suppressed,0,0,0,0.0
C000911,Browsers / No Purchase,Eligible,Treatment,5,1,0,0.0
C000912,Browsers / No Purchase,Eligible,Treatment,5,0,0,0.0
C000913,Browsers / No Purchase,Eligible,Treatment,4,1,0,0.0
C000914,Browsers / No Purchase,Eligible,Treatment,6,0,0,0.0
C000915,Browsers / No Purchase,Eligible,Treatment,2,0,0,0.0
C000916,Browsers / No Purchase,Eligible,Treatment,5,0,0,0.0
C000917,High-Value Loyalists,Eligible,Treatment,2,1,0,0.0
C000918,High-Value Loyalists,Eligible,Treatment,3,0,0,0.0
C000919,Lapsing Customers,Eligible,Treatment,1,0,0,0.0
C000920,New Customers,Eligible,Treatment,4,1,0,0.0
C000921,High-Value Loyalists,Eligible,Treatment,3,0,1,69.16
C000922,Browsers / No Purchase,Eligible,Treatment,2,0,0,0.0
C000923,New Customers,Eligible,Treatment,5,0,0,0.0
C000924,New Customers,Eligible,Treatment,1,0,0,0.0
C000925,High-Value Loyalists,Eligible,Treatment,5,0,0,0.0
C000926,Lapsing Customers,Suppressed,Suppressed,0,0,0,0.0
C000927,High-Value Loyalists,Eligible,Treatment,6,0,1,102.9
C000928,Browsers / No Purchase,Suppressed,Suppressed,0,0,0,0.0
C000929,New Customers,Suppressed,Suppressed,0,0,0,0.0
C000930,Browsers / No Purchase,Eligible,Treatment,5,1,0,0.0
C000931,Lapsing Customers,Eligible,Control,0,0,0,0.0
C000932,Lapsing Customers,Eligible,Treatment,2,1,0,0.0
C000933,Lapsing Customers,Eligible,Treatment,2,0,0,0.0
C000934,Browsers / No Purchase,Eligible,Treatment,1,0,0,0.0
C000935,Browsers / No Purchase,Eligible,Control,0,0,0,0.0
C000936,Lapsing Customers,Eligible,Treatment,4,1,0,0.0
C000937,Browsers / No Purchase,Eligible,Treatment,3,0,0,0.0
C000938,High-Value Loyalists,Eligible,Treatment,4,1,0,0.0
C000939,Browsers / No Purchase,Eligible,Treatment,1,0,0,0.0
C000940,High-Value Loyalists,Eligible,Treatment,2,0,0,0.0
C000941,Lapsing Customers,Eligible,Treatment,1,0,0,0.0
C000942,Browsers / No Purchase,Eligible,Treatment,1,0,0,0.0
C000943,High-Value Loyalists,Eligible,Treatment,6,0,1,60.44
C000944,Lapsing Customers,Eligible,Treatment,4,0,0,0.0
C000945,Lapsing Customers,Eligible,Treatment,1,0,0,0.0
C000946,Lapsing Customers,Eligible,Treatment,5,0,0,0.0
C000947,Browsers / No Purchase,Eligible,Treatment,5,0,0,0.0
C000948,Browsers / No Purchase,Eligible,Treatment,2,0,0,0.0
C000949,Browsers / No Purchase,Eligible,Control,0,0,1,46.5
C000950,Lapsing Customers,Eligible,Treatment,5,1,0,0.0
C000951,New Customers,Eligible,Treatment,2,1,0,0.0
C000952,Lapsing Customers,Eligible,Treatment,4,1,0,0.0
C000953,Lapsing Customers,Eligible,Treatment,3,0,0,0.0
C000954,High-Value Loyalists,Eligible,Treatment,5,1,0,0.0
C000955,Browsers / No Purchase,Eligible,Treatment,4,1,0,0.0
C000956,Browsers / No Purchase,Eligible,Treatment,1,0,0,0.0
C000957,Browsers / No Purchase,Eligible,Treatment,4,1,0,0.0
C000958,New Customers,Eligible,Treatment,6,0,0,0.0
C000959,New Customers,Eligible,Treatment,5,1,0,0.0
C000960,New Customers,Eligible,Treatment,4,0,0,0.0
C000961,New Customers,Eligible,Treatment,1,0,0,0.0
C000962,Lapsing Customers,Eligible,Treatment,2,1,0,0.0
C000963,High-Value Loyalists,Eligible,Treatment,6,0,0,0.0
C000964,High-Value Loyalists,Eligible,Treatment,6,2,0,0.0
C000965,Browsers / No Purchase,Eligible,Treatment,1,0,0,0.0
C000966,New Customers,Eligible,Treatment,4,0,0,0.0
C000967,Browsers / No Purchase,Eligible,Treatment,5,1,0,0.0
C000968,High-Value Loyalists,Eligible,Control,0,0,0,0.0
C000969,New Customers,Suppressed,Suppressed,0,0,0,0.0
C000970,Lapsing Customers,Eligible,Treatment,6,1,0,0.0
C000971,Lapsing Customers,Suppressed,Suppressed,0,0,0,0.0
C000972,High-Value Loyalists,Eligible,Treatment,5,0,0,0.0
C000973,High-Value Loyalists,Eligible,Control,0,0,0,0.0
C000974,Browsers / No Purchase,Eligible,Treatment,2,0,0,0.0
C000975,Lapsing Customers,Suppressed,Suppressed,0,0,0,0.0
C000976,New Customers,Suppressed,Suppressed,0,0,0,0.0
C000977,Lapsing Customers,Eligible,Treatment,5,2,0,0.0
C000978,Lapsing Customers,Eligible,Treatment,3,0,1,64.5
C000979,New Customers,Eligible,Treatment,3,1,0,0.0
C000980,High-Value Loyalists,Eligible,Treatment,1,0,0,0.0
C000981,Browsers / No Purchase,Eligible,Treatment,1,0,0,0.0
C000982,Browsers / No Purchase,Suppressed,Suppressed,0,0,0,0.0
C000983,Browsers / No Purchase,Eligible,Treatment,3,0,0,0.0
C000984,Lapsing Customers,Eligible,Treatment,2,0,1,76.78
C000985,High-Value Loyalists,Eligible,Control,0,0,0,0.0
C000986,Browsers / No Purchase,Eligible,Treatment,1,0,0,0.0
C000987,Lapsing Customers,Eligible,Treatment,5,2,0,0.0
C000988,High-Value Loyalists,Suppressed,Suppressed,0,0,0,0.0
C000989,Lapsing Customers,Eligible,Treatment,3,1,0,0.0
C000990,Browsers / No Purchase,Eligible,Treatment,2,1,0,0.0
C000991,New Customers,Eligible,Control,0,0,0,0.0
C000992,Browsers / No Purchase,Eligible,Treatment,5,1,0,0.0
C000993,Browsers / No Purchase,Eligible,Treatment,5,1,0,0.0
C000994,Lapsing Customers,Eligible,Treatment,3,0,0,0.0
C000995,Browsers / No Purchase,Eligible,Treatment,5,4,0,0.0
C000996,Lapsing Customers,Eligible,Treatment,1,0,0,0.0
C000997,New Customers,Eligible,Treatment,5,1,0,0.0
C000998,High-Value Loyalists,Eligible,Treatment,2,0,0,0.0
C000999,Browsers / No Purchase,Eligible,Treatment,2,0,0,0.0
C001000,Lapsing Customers,Eligible,Treatment,4,0,0,0.0
C001001,High-Value Loyalists,Eligible,Control,0,0,0,0.0
C001002,Lapsing Customers,Eligible,Control,0,0,0,0.0
C001003,High-Value Loyalists,Eligible,Treatment,1,0,0,0.0
C001004,High-Value Loyalists,Eligible,Treatment,4,0,1,31.87
C001005,New Customers,Eligible,Treatment,3,0,1,75.03
C001006,Lapsing Customers,Eligible,Treatment,1,1,0,0.0
C001007,Browsers / No Purchase,Eligible,Treatment,2,0,0,0.0
C001008,Lapsing Customers,Eligible,Treatment,5,1,0,0.0
C001009,Browsers / No Purchase,Eligible,Treatment,3,1,0,0.0
C001010,Lapsing Customers,Eligible,Treatment,6,1,0,0.0
C001011,New Customers,Eligible,Treatment,6,0,1,74.96
C001012,New Customers,Eligible,Treatment,5,0,0,0.0
C001013,Lapsing Customers,Eligible,Treatment,6,1,0,0.0
C001014,Browsers / No Purchase,Eligible,Treatment,5,0,0,0.0
C001015,Lapsing Customers,Eligible,Treatment,3,0,0,0.0
C001016,High-Value Loyalists,Eligible,Treatment,2,0,0,0.0
C001017,New Customers,Eligible,Treatment,4,1,0,0.0
C001018,Browsers / No Purchase,Eligible,Treatment,3,1,0,0.0
C001019,High-Value Loyalists,Eligible,Treatment,6,1,0,0.0
C001020,Lapsing Customers,Eligible,Treatment,1,0,0,0.0
C001021,Browsers / No Purchase,Eligible,Control,0,0,1,50.65
C001022,Browsers / No Purchase,Eligible,Treatment,5,1,0,0.0
C001023,Browsers / No Purchase,Eligible,Treatment,4,0,0,0.0
C001024,New Customers,Suppressed,Suppressed,0,0,0,0.0
C001025,New Customers,Suppressed,Suppressed,0,0,0,0.0
C001026,Lapsing Customers,Suppressed,Suppressed,0,0,0,0.0
C001027,Browsers / No Purchase,Eligible,Treatment,1,0,0,0.0
C001028,Lapsing Customers,Eligible,Treatment,5,0,0,0.0
C001029,Browsers / No Purchase,Eligible,Treatment,5,0,0,0.0
C001030,Lapsing Customers,Eligible,Treatment,4,0,0,0.0
C001031,New Customers,Suppressed,Suppressed,0,0,1,80.08
C001032,Browsers / No Purchase,Eligible,Treatment,6,0,0,0.0
C001033,New Customers,Suppressed,Suppressed,0,0,0,0.0
C001034,Browsers / No Purchase,Eligible,Treatment,6,1,0,0.0
C001035,Lapsing Customers,Suppressed,Suppressed,0,0,0,0.0
C001036,New Customers,Eligible,Treatment,1,0,1,152.5
C001037,Lapsing Customers,Eligible,Treatment,5,0,0,0.0
C001038,Lapsing Customers,Eligible,Treatment,6,3,0,0.0
C001039,Lapsing Customers,Suppressed,Suppressed,0,0,0,0.0
C001040,High-Value Loyalists,Eligible,Treatment,1,0,0,0.0
C001041,High-Value Loyalists,Eligible,Treatment,3,0,1,75.36
C001042,New Customers,Eligible,Treatment,4,1,0,0.0
C001043,New Customers,Suppressed,Suppressed,0,0,0,0.0
C001044,New Customers,Eligible,Treatment,4,1,0,0.0
C001045,High-Value Loyalists,Eligible,Treatment,4,0,0,0.0
C001046,Lapsing Customers,Eligible,Control,0,0,0,0.0
C001047,High-Value Loyalists,Eligible,Treatment,1,0,0,0.0
C001048,Browsers / No Purchase,Eligible,Treatment,5,1,0,0.0
C001049,Browsers / No Purchase,Eligible,Treatment,1,0,0,0.0
C001050,Lapsing Customers,Suppressed,Suppressed,0,0,1,102.35
C001051,New Customers,Eligible,Treatment,3,0,0,0.0
C001052,High-Value Loyalists,Eligible,Control,0,0,0,0.0
C001053,Lapsing Customers,Eligible,Treatment,4,0,0,0.0
C001054,High-Value Loyalists,Eligible,Treatment,5,0,0,0.0
C001055,Lapsing Customers,Eligible,Treatment,1,0,0,0.0
C001056,New Customers,Eligible,Control,0,0,0,0.0
C001057,Browsers / No Purchase,Suppressed,Suppressed,0,0,1,55.8
C001058,Lapsing Customers,Eligible,Treatment,1,0,0,0.0
C001059,New Customers,Eligible,Treatment,6,0,0,0.0
C001060,Browsers / No Purchase,Eligible,Treatment,2,0,0,0.0
C001061,Browsers / No Purchase,Eligible,Treatment,1,0,0,0.0
C001062,New Customers,Eligible,Control,0,0,0,0.0
C001063,Lapsing Customers,Eligible,Treatment,5,0,0,0.0
C001064,New Customers,Eligible,Treatment,5,0,0,0.0
C001065,Lapsing Customers,Eligible,Treatment,2,0,0,0.0
C001066,Browsers / No Purchase,Suppressed,Suppressed,0,0,0,0.0
C001067,Lapsing Customers,Eligible,Treatment,3,1,0,0.0
C001068,New Customers,Eligible,Treatment,3,0,0,0.0
C001069,High-Value Loyalists,Suppressed,Suppressed,0,0,0,0.0
C001070,Lapsing Customers,Eligible,Treatment,3,0,0,0.0
C001071,Browsers / No Purchase,Eligible,Treatment,4,1,0,0.0
C001072,New Customers,Eligible,Treatment,6,1,0,0.0
C001073,Lapsing Customers,Eligible,Treatment,4,0,0,0.0
C001074,Browsers / No Purchase,Eligible,Treatment,6,1,0,0.0
C001075,Browsers / No Purchase,Suppressed,Suppressed,0,0,0,0.0
C001076,Lapsing Customers,Eligible,Treatment,2,0,0,0.0
C001077,New Customers,Eligible,Treatment,3,0,0,0.0
C001078,New Customers,Eligible,Treatment,3,0,0,0.0
C001079,New Customers,Eligible,Treatment,6,1,0,0.0
C001080,Lapsing Customers,Eligible,Treatment,2,0,1,105.71
C001081,Lapsing Customers,Eligible,Treatment,3,1,0,0.0
C001082,Browsers / No Purchase,Eligible,Treatment,6,0,0,0.0
C001083,Browsers / No Purchase,Eligible,Treatment,2,0,0,0.0
C001084,Browsers / No Purchase,Eligible,Treatment,4,0,0,0.0
C001085,Browsers / No Purchase,Eligible,Treatment,3,1,0,0.0
C001086,Browsers / No Purchase,Eligible,Treatment,1,0,0,0.0
C001087,Browsers / No Purchase,Eligible,Treatment,2,0,0,0.0
C001088,Browsers / No Purchase,Eligible,Control,0,0,0,0.0
C001089,New Customers,Eligible,Treatment,6,1,1,41.7
C001090,Lapsing Customers,Eligible,Treatment,6,0,0,0.0
C001091,Lapsing Customers,Eligible,Treatment,2,0,1,30.08
C001092,New Customers,Eligible,Treatment,3,0,0,0.0
C001093,Lapsing Customers,Eligible,Treatment,6,2,0,0.0
C001094,Lapsing Customers,Eligible,Treatment,6,0,1,50.34
C001095,New Customers,Eligible,Treatment,4,0,0,0.0
C001096,Lapsing Customers,Eligible,Treatment,4,1,1,110.49
C001097,Lapsing Customers,Suppressed,Suppressed,0,0,0,0.0
C001098,Browsers / No Purchase,Eligible,Treatment,4,0,0,0.0
C001099,Browsers / No Purchase,Eligible,Treatment,2,0,0,0.0
C001100,High-Value Loyalists,Eligible,Treatment,5,0,0,0.0
C001101,High-Value Loyalists,Suppressed,Suppressed,0,0,0,0.0
C001102,Lapsing Customers,Eligible,Treatment,5,0,0,0.0
C001103,Browsers / No Purchase,Eligible,Treatment,5,1,0,0.0
C001104,Browsers / No Purchase,Eligible,Treatment,4,0,0,0.0
C001105,High-Value Loyalists,Eligible,Treatment,4,0,0,0.0
C001106,Browsers / No Purchase,Eligible,Treatment,1,1,0,0.0
C001107,High-Value Loyalists,Eligible,Treatment,1,0,0,0.0
C001108,Lapsing Customers,Eligible,Control,0,0,0,0.0
C001109,Browsers / No Purchase,Eligible,Treatment,6,1,0,0.0
C001110,High-Value Loyalists,Eligible,Treatment,5,3,0,0.0
C001111,High-Value Loyalists,Eligible,Treatment,5,0,0,0.0
C001112,Lapsing Customers,Suppressed,Suppressed,0,0,1,86.38
C001113,New Customers,Suppressed,Suppressed,0,0,0,0.0
C001114,Browsers / No Purchase,Suppressed,Suppressed,0,0,0,0.0
C001115,Browsers / No Purchase,Suppressed,Suppressed,0,0,0,0.0
C001116,High-Value Loyalists,Eligible,Treatment,6,0,0,0.0
C001117,High-Value Loyalists,Eligible,Treatment,6,1,0,0.0
C001118,Browsers / No Purchase,Eligible,Treatment,3,0,0,0.0
C001119,Lapsing Customers,Eligible,Treatment,1,0,1,33.01
C001120,Browsers / No Purchase,Eligible,Treatment,2,0,0,0.0
C001121,New Customers,Eligible,Treatment,5,1,0,0.0
C001122,High-Value Loyalists,Eligible,Treatment,5,0,0,0.0
C001123,Browsers / No Purchase,Eligible,Treatment,6,0,0,0.0
C001124,High-Value Loyalists,Eligible,Control,0,0,0,0.0
C001125,Lapsing Customers,Eligible,Treatment,5,1,0,0.0
C001126,New Customers,Eligible,Treatment,1,0,0,0.0
C001127,New Customers,Eligible,Treatment,2,0,1,45.42
C001128,New Customers,Eligible,Treatment,2,0,0,0.0
C001129,New Customers,Eligible,Treatment,4,0,0,0.0
C001130,Browsers / No Purchase,Eligible,Treatment,3,0,0,0.0
C001131,Browsers / No Purchase,Eligible,Treatment,1,0,0,0.0
C001132,New Customers,Eligible,Control,0,0,0,0.0
C001133,High-Value Loyalists,Eligible,Treatment,3,1,0,0.0
C001134,Browsers / No Purchase,Eligible,Treatment,1,0,0,0.0
C001135,Browsers / No Purchase,Suppressed,Suppressed,0,0,0,0.0
C001136,Lapsing Customers,Eligible,Treatment,5,0,1,59.57
C001137,Lapsing Customers,Suppressed,Suppressed,0,0,0,0.0
C001138,Lapsing Customers,Eligible,Treatment,6,1,0,0.0
C001139,High-Value Loyalists,Eligible,Treatment,3,0,1,48.33
C001140,New Customers,Eligible,Treatment,6,0,1,60.02
C001141,Lapsing Customers,Eligible,Treatment,5,0,1,99.59
C001142,Browsers / No Purchase,Suppressed,Suppressed,0,0,1,80.14
C001143,Browsers / No Purchase,Eligible,Treatment,5,0,0,0.0
C001144,Browsers / No Purchase,Eligible,Treatment,4,0,0,0.0
C001145,Lapsing Customers,Eligible,Treatment,2,1,0,0.0
C001146,Lapsing Customers,Suppressed,Suppressed,0,0,0,0.0
C001147,Browsers / No Purchase,Eligible,Treatment,2,0,0,0.0
C001148,Browsers / No Purchase,Eligible,Treatment,4,0,0,0.0
C001149,New Customers,Eligible,Control,0,0,0,0.0
C001150,Browsers / No Purchase,Eligible,Treatment,4,0,0,0.0
C001151,High-Value Loyalists,Eligible,Treatment,4,0,0,0.0
C001152,Browsers / No Purchase,Eligible,Treatment,6,1,0,0.0
C001153,High-Value Loyalists,Eligible,Treatment,3,0,0,0.0
C001154,High-Value Loyalists,Eligible,Treatment,5,0,0,0.0
C001155,New Customers,Eligible,Treatment,3,0,0,0.0
C001156,High-Value Loyalists,Eligible,Treatment,4,0,0,0.0
C001157,High-Value Loyalists,Eligible,Treatment,2,0,0,0.0
C001158,High-Value Loyalists,Eligible,Treatment,6,1,0,0.0
C001159,Lapsing Customers,Eligible,Treatment,4,0,0,0.0
C001160,Browsers / No Purchase,Suppressed,Suppressed,0,0,0,0.0
C001161,High-Value Loyalists,Suppressed,Suppressed,0,0,0,0.0
C001162,New Customers,Eligible,Treatment,1,0,0,0.0
C001163,Browsers / No Purchase,Eligible,Treatment,4,0,0,0.0
C001164,High-Value Loyalists,Eligible,Treatment,4,0,0,0.0
C001165,High-Value Loyalists,Eligible,Treatment,5,0,1,69.66
C001166,Browsers / No Purchase,Eligible,Treatment,6,0,0,0.0
C001167,Browsers / No Purchase,Eligible,Treatment,1,0,0,0.0
C001168,New Customers,Eligible,Treatment,6,0,0,0.0
C001169,Browsers / No Purchase,Eligible,Treatment,4,0,0,0.0
C001170,High-Value Loyalists,Eligible,Treatment,6,0,0,0.0
C001171,Lapsing Customers,Eligible,Treatment,3,0,0,0.0
C001172,Browsers / No Purchase,Eligible,Treatment,4,1,0,0.0
C001173,Lapsing Customers,Eligible,Treatment,2,0,0,0.0
C001174,Browsers / No Purchase,Eligible,Control,0,0,0,0.0
C001175,New Customers,Eligible,Treatment,1,1,0,0.0
C001176,Browsers / No Purchase,Suppressed,Suppressed,0,0,0,0.0
C001177,Lapsing Customers,Eligible,Treatment,3,0,0,0.0
C001178,Lapsing Customers,Eligible,Treatment,2,1,0,0.0
C001179,Lapsing Customers,Eligible,Treatment,2,1,0,0.0
C001180,Lapsing Customers,Eligible,Treatment,4,1,0,0.0
C001181,Browsers / No Purchase,Eligible,Treatment,6,0,0,0.0
C001182,High-Value Loyalists,Eligible,Treatment,6,1,0,0.0
C001183,High-Value Loyalists,Eligible,Treatment,4,0,0,0.0
C001184,High-Value Loyalists,Eligible,Treatment,3,1,0,0.0
C001185,High-Value Loyalists,Eligible,Treatment,3,0,0,0.0
C001186,Browsers / No Purchase,Eligible,Treatment,4,0,0,0.0
C001187,Lapsing Customers,Eligible,Treatment,6,1,0,0.0
C001188,Browsers / No Purchase,Suppressed,Suppressed,0,0,0,0.0
C001189,High-Value Loyalists,Suppressed,Suppressed,0,0,0,0.0
C001190,New Customers,Eligible,Treatment,2,0,0,0.0
C001191,Lapsing Customers,Eligible,Treatment,1,0,0,0.0
C001192,Lapsing Customers,Eligible,Treatment,2,1,0,0.0
C001193,Browsers / No Purchase,Eligible,Treatment,5,2,0,0.0
C001194,Browsers / No Purchase,Eligible,Treatment,3,1,0,0.0
C001195,Browsers / No Purchase,Eligible,Treatment,6,0,0,0.0
C001196,High-Value Loyalists,Eligible,Treatment,5,0,0,0.0
C001197,Lapsing Customers,Eligible,Treatment,5,1,1,37.3
C001198,New Customers,Eligible,Treatment,5,0,0,0.0
C001199,Lapsing Customers,Suppressed,Suppressed,0,0,0,0.0
C001200,Browsers / No Purchase,Eligible,Treatment,3,0,0,0.0
C001201,New Customers,Eligible,Treatment,5,1,0,0.0
C001202,New Customers,Suppressed,Suppressed,0,0,0,0.0
C001203,Browsers / No Purchase,Eligible,Treatment,5,1,0,0.0
C001204,Browsers / No Purchase,Eligible,Treatment,2,0,0,0.0
C001205,High-Value Loyalists,Eligible,Treatment,4,0,0,0.0
C001206,High-Value Loyalists,Eligible,Treatment,5,0,1,65.71
C001207,New Customers,Eligible,Treatment,6,1,0,0.0
C001208,New Customers,Eligible,Treatment,1,0,0,0.0
C001209,Lapsing Customers,Eligible,Control,0,0,0,0.0
C001210,Lapsing Customers,Eligible,Treatment,3,0,0,0.0
C001211,Browsers / No Purchase,Eligible,Treatment,6,0,0,0.0
C001212,Browsers / No Purchase,Eligible,Control,0,0,0,0.0
C001213,New Customers,Eligible,Treatment,4,1,0,0.0
C001214,Lapsing Customers,Eligible,Treatment,3,0,0,0.0
C001215,Lapsing Customers,Eligible,Treatment,2,1,0,0.0
C001216,New Customers,Eligible,Treatment,4,0,0,0.0
C001217,Lapsing Customers,Eligible,Treatment,2,0,0,0.0
C001218,New Customers,Eligible,Treatment,3,0,0,0.0
C001219,New Customers,Eligible,Treatment,2,0,1,44.24
C001220,High-Value Loyalists,Eligible,Treatment,2,0,0,0.0
C001221,High-Value Loyalists,Eligible,Treatment,6,0,0,0.0
C001222,Lapsing Customers,Eligible,Treatment,6,0,0,0.0
C001223,Browsers / No Purchase,Eligible,Treatment,4,0,0,0.0
C001224,New Customers,Eligible,Treatment,4,3,0,0.0
C001225,High-Value Loyalists,Eligible,Treatment,1,0,0,0.0
C001226,Browsers / No Purchase,Eligible,Control,0,0,0,0.0
C001227,Lapsing Customers,Eligible,Treatment,6,1,0,0.0
C001228,Lapsing Customers,Eligible,Treatment,6,1,0,0.0
C001229,Browsers / No Purchase,Eligible,Treatment,1,0,0,0.0
C001230,High-Value Loyalists,Eligible,Treatment,5,0,0,0.0
C001231,Lapsing Customers,Eligible,Control,0,0,0,0.0
C001232,New Customers,Eligible,Treatment,1,0,0,0.0
C001233,High-Value Loyalists,Eligible,Treatment,5,0,0,0.0
C001234,New Customers,Eligible,Treatment,4,0,0,0.0
C001235,Lapsing Customers,Eligible,Treatment,2,0,0,0.0
C001236,High-Value Loyalists,Eligible,Treatment,4,0,0,0.0
C001237,Lapsing Customers,Suppressed,Suppressed,0,0,0,0.0
C001238,Lapsing Customers,Eligible,Treatment,2,0,1,73.83
C001239,High-Value Loyalists,Eligible,Treatment,3,0,0,0.0
C001240,High-Value Loyalists,Suppressed,Suppressed,0,0,0,0.0
C001241,Browsers / No Purchase,Eligible,Treatment,1,0,0,0.0
C001242,Lapsing Customers,Eligible,Treatment,5,2,0,0.0
C001243,Lapsing Customers,Eligible,Treatment,3,1,0,0.0
C001244,High-Value Loyalists,Eligible,Treatment,4,1,0,0.0
C001245,Lapsing Customers,Eligible,Treatment,1,0,0,0.0
C001246,Lapsing Customers,Eligible,Treatment,1,0,0,0.0
C001247,New Customers,Eligible,Treatment,4,2,1,82.06
C001248,Lapsing Customers,Eligible,Control,0,0,1,71.28
C001249,Browsers / No Purchase,Eligible,Treatment,4,1,0,0.0
C001250,Browsers / No Purchase,Eligible,Control,0,0,0,0.0
C001251,High-Value Loyalists,Eligible,Control,0,0,1,58.38
C001252,High-Value Loyalists,Suppressed,Suppressed,0,0,1,97.94
C001253,High-Value Loyalists,Eligible,Treatment,4,0,1,16.28
C001254,New Customers,Eligible,Treatment,5,0,0,0.0
C001255,High-Value Loyalists,Eligible,Treatment,6,1,0,0.0
C001256,Browsers / No Purchase,Suppressed,Suppressed,0,0,0,0.0
C001257,Browsers / No Purchase,Eligible,Treatment,3,0,0,0.0
C001258,Browsers / No Purchase,Eligible,Treatment,4,0,0,0.0
C001259,New Customers,Suppressed,Suppressed,0,0,0,0.0
C001260,Browsers / No Purchase,Eligible,Treatment,3,1,0,0.0
C001261,High-Value Loyalists,Eligible,Treatment,2,0,1,98.75
C001262,Lapsing Customers,Eligible,Treatment,4,1,0,0.0
C001263,Lapsing Customers,Eligible,Treatment,1,0,0,0.0
C001264,Browsers / No Purchase,Eligible,Control,0,0,0,0.0
C001265,New Customers,Eligible,Treatment,3,0,0,0.0
C001266,Browsers / No Purchase,Eligible,Treatment,1,0,0,0.0
C001267,High-Value Loyalists,Eligible,Control,0,0,1,108.69
C001268,Browsers / No Purchase,Eligible,Treatment,6,1,0,0.0
C001269,New Customers,Eligible,Treatment,5,0,0,0.0
C001270,New Customers,Eligible,Treatment,2,0,0,0.0
C001271,Browsers / No Purchase,Eligible,Control,0,0,0,0.0
C001272,Lapsing Customers,Eligible,Treatment,5,1,0,0.0
C001273,Lapsing Customers,Eligible,Treatment,6,0,1,115.53
C001274,New Customers,Eligible,Treatment,4,0,0,0.0
C001275,High-Value Loyalists,Eligible,Treatment,3,0,0,0.0
C001276,Lapsing Customers,Eligible,Treatment,1,0,0,0.0
C001277,High-Value Loyalists,Eligible,Treatment,3,0,0,0.0
C001278,High-Value Loyalists,Eligible,Treatment,1,0,0,0.0
C001279,Browsers / No Purchase,Eligible,Control,0,0,0,0.0
C001280,New Customers,Eligible,Treatment,1,0,0,0.0
C001281,Lapsing Customers,Eligible,Treatment,3,1,0,0.0
C001282,Lapsing Customers,Suppressed,Suppressed,0,0,0,0.0
C001283,Lapsing Customers,Eligible,Treatment,3,0,0,0.0
C001284,New Customers,Eligible,Treatment,3,2,0,0.0
C001285,Browsers / No Purchase,Eligible,Treatment,5,0,0,0.0
C001286,Browsers / No Purchase,Eligible,Treatment,6,0,0,0.0
C001287,Lapsing Customers,Eligible,Treatment,2,0,0,0.0
C001288,Lapsing Customers,Eligible,Treatment,1,0,0,0.0
C001289,Lapsing Customers,Eligible,Treatment,1,0,0,0.0
C001290,New Customers,Eligible,Treatment,3,1,0,0.0
C001291,Lapsing Customers,Eligible,Treatment,3,0,0,0.0
C001292,New Customers,Eligible,Control,0,0,0,0.0
C001293,New Customers,Eligible,Treatment,3,0,0,0.0
C001294,Lapsing Customers,Eligible,Treatment,4,0,0,0.0
C001295,Lapsing Customers,Suppressed,Suppressed,0,0,0,0.0
C001296,Lapsing Customers,Eligible,Treatment,1,0,0,0.0
C001297,High-Value Loyalists,Eligible,Treatment,3,1,0,0.0
C001298,High-Value Loyalists,Eligible,Treatment,5,0,0,0.0
C001299,Browsers / No Purchase,Eligible,Treatment,3,0,0,0.0
C001300,Lapsing Customers,Eligible,Treatment,5,0,1,131.24
C001301,Lapsing Customers,Eligible,Treatment,6,0,0,0.0
C001302,New Customers,Eligible,Treatment,6,1,0,0.0
C001303,Browsers / No Purchase,Eligible,Treatment,2,0,0,0.0
C001304,Lapsing Customers,Eligible,Treatment,2,0,0,0.0
C001305,Browsers / No Purchase,Eligible,Treatment,2,0,0,0.0
C001306,Browsers / No Purchase,Eligible,Treatment,4,0,0,0.0
C001307,New Customers,Eligible,Treatment,4,0,0,0.0
C001308,New Customers,Eligible,Treatment,2,1,0,0.0
C001309,High-Value Loyalists,Eligible,Treatment,1,0,0,0.0
C001310,Browsers / No Purchase,Eligible,Control,0,0,0,0.0
C001311,Lapsing Customers,Eligible,Control,0,0,0,0.0
C001312,Browsers / No Purchase,Eligible,Treatment,6,0,0,0.0
C001313,New Customers,Suppressed,Suppressed,0,0,0,0.0
C001314,High-Value Loyalists,Eligible,Treatment,6,0,0,0.0
C001315,High-Value Loyalists,Eligible,Treatment,6,0,1,46.81
C001316,New Customers,Eligible,Treatment,2,0,0,0.0
C001317,New Customers,Eligible,Treatment,1,0,0,0.0
C001318,High-Value Loyalists,Eligible,Treatment,4,0,0,0.0
C001319,Browsers / No Purchase,Eligible,Control,0,0,0,0.0
C001320,Browsers / No Purchase,Suppressed,Suppressed,0,0,0,0.0
C001321,New Customers,Eligible,Treatment,5,0,0,0.0
C001322,Lapsing Customers,Suppressed,Suppressed,0,0,0,0.0
C001323,High-Value Loyalists,Eligible,Treatment,4,0,0,0.0
C001324,Browsers / No Purchase,Eligible,Treatment,1,0,0,0.0
C001325,Lapsing Customers,Eligible,Treatment,2,2,0,0.0
C001326,Browsers / No Purchase,Eligible,Treatment,5,0,0,0.0
C001327,Lapsing Customers,Eligible,Treatment,3,0,0,0.0
C001328,New Customers,Eligible,Treatment,4,0,0,0.0
C001329,Lapsing Customers,Suppressed,Suppressed,0,0,0,0.0
C001330,High-Value Loyalists,Eligible,Treatment,2,0,0,0.0
C001331,Browsers / No Purchase,Eligible,Control,0,0,0,0.0
C001332,New Customers,Eligible,Treatment,1,0,0,0.0
C001333,New Customers,Eligible,Control,0,0,1,91.71
C001334,Browsers / No Purchase,Eligible,Treatment,6,1,0,0.0
C001335,Browsers / No Purchase,Eligible,Treatment,5,0,0,0.0
C001336,Browsers / No Purchase,Eligible,Treatment,3,0,0,0.0
C001337,High-Value Loyalists,Suppressed,Suppressed,0,0,0,0.0
C001338,New Customers,Eligible,Control,0,0,1,59.35
C001339,Browsers / No Purchase,Eligible,Control,0,0,0,0.0
C001340,Lapsing Customers,Suppressed,Suppressed,0,0,0,0.0
C001341,High-Value Loyalists,Suppressed,Suppressed,0,0,0,0.0
C001342,Browsers / No Purchase,Suppressed,Suppressed,0,0,0,0.0
C001343,New Customers,Suppressed,Suppressed,0,0,0,0.0
C001344,New Customers,Suppressed,Suppressed,0,0,0,0.0
C001345,Browsers / No Purchase,Eligible,Treatment,4,0,0,0.0
C001346,New Customers,Eligible,Treatment,2,0,0,0.0
C001347,Lapsing Customers,Eligible,Treatment,3,0,0,0.0
C001348,Lapsing Customers,Eligible,Control,0,0,0,0.0
C001349,Lapsing Customers,Eligible,Treatment,3,0,0,0.0
C001350,High-Value Loyalists,Eligible,Treatment,2,0,1,44.45
C001351,Browsers / No Purchase,Eligible,Treatment,6,0,0,0.0
C001352,Browsers / No Purchase,Eligible,Treatment,4,1,0,0.0
C001353,Lapsing Customers,Eligible,Treatment,4,0,0,0.0
C001354,Lapsing Customers,Eligible,Treatment,2,0,0,0.0
C001355,Browsers / No Purchase,Eligible,Treatment,2,0,0,0.0
C001356,High-Value Loyalists,Eligible,Control,0,0,0,0.0
C001357,New Customers,Eligible,Treatment,2,0,0,0.0
C001358,Lapsing Customers,Suppressed,Suppressed,0,0,0,0.0
C001359,New Customers,Eligible,Treatment,6,0,1,36.98
C001360,High-Value Loyalists,Suppressed,Suppressed,0,0,0,0.0
C001361,New Customers,Eligible,Treatment,2,0,1,119.98
C001362,Lapsing Customers,Suppressed,Suppressed,0,0,0,0.0
C001363,New Customers,Eligible,Treatment,6,0,0,0.0
C001364,High-Value Loyalists,Eligible,Treatment,2,1,1,73.61
C001365,Lapsing Customers,Eligible,Treatment,6,0,0,0.0
C001366,New Customers,Eligible,Treatment,3,0,0,0.0
C001367,Lapsing Customers,Eligible,Control,0,0,0,0.0
C001368,High-Value Loyalists,Eligible,Treatment,3,0,0,0.0
C001369,High-Value Loyalists,Eligible,Treatment,5,0,0,0.0
C001370,Lapsing Customers,Eligible,Control,0,0,0,0.0
C001371,High-Value Loyalists,Suppressed,Suppressed,0,0,0,0.0
C001372,Browsers / No Purchase,Eligible,Treatment,3,1,0,0.0
C001373,Lapsing Customers,Suppressed,Suppressed,0,0,0,0.0
C001374,Browsers / No Purchase,Eligible,Treatment,1,0,0,0.0
C001375,Browsers / No Purchase,Eligible,Treatment,1,0,0,0.0
C001376,High-Value Loyalists,Eligible,Treatment,5,1,0,0.0
C001377,New Customers,Eligible,Treatment,5,1,0,0.0
C001378,Browsers / No Purchase,Eligible,Control,0,0,0,0.0
C001379,New Customers,Eligible,Treatment,4,0,0,0.0
C001380,Lapsing Customers,Eligible,Treatment,2,0,0,0.0
C001381,Lapsing Customers,Eligible,Control,0,0,0,0.0
C001382,High-Value Loyalists,Eligible,Treatment,5,0,0,0.0
C001383,New Customers,Eligible,Treatment,3,0,0,0.0
C001384,Browsers / No Purchase,Suppressed,Suppressed,0,0,0,0.0
C001385,Browsers / No Purchase,Eligible,Treatment,5,0,0,0.0
C001386,High-Value Loyalists,Eligible,Treatment,1,0,0,0.0
C001387,Browsers / No Purchase,Eligible,Treatment,4,0,0,0.0
C001388,Lapsing Customers,Eligible,Treatment,2,0,0,0.0
C001389,Browsers / No Purchase,Eligible,Treatment,3,0,0,0.0
C001390,High-Value Loyalists,Eligible,Treatment,4,0,0,0.0
C001391,Browsers / No Purchase,Eligible,Treatment,5,0,0,0.0
C001392,Browsers / No Purchase,Eligible,Treatment,4,0,0,0.0
C001393,High-Value Loyalists,Eligible,Treatment,6,0,0,0.0
C001394,High-Value Loyalists,Suppressed,Suppressed,0,0,0,0.0
C001395,Browsers / No Purchase,Suppressed,Suppressed,0,0,0,0.0
C001396,High-Value Loyalists,Eligible,Treatment,2,0,0,0.0
C001397,New Customers,Eligible,Treatment,5,0,0,0.0
C001398,Browsers / No Purchase,Eligible,Treatment,1,0,0,0.0
C001399,New Customers,Eligible,Treatment,2,0,0,0.0
C001400,Lapsing Customers,Eligible,Treatment,6,0,1,89.13
C001401,Lapsing Customers,Eligible,Treatment,3,0,1,105.66
C001402,High-Value Loyalists,Eligible,Control,0,0,0,0.0
C001403,Browsers / No Purchase,Eligible,Treatment,6,1,0,0.0
C001404,Lapsing Customers,Eligible,Treatment,4,0,0,0.0
C001405,High-Value Loyalists,Suppressed,Suppressed,0,0,0,0.0
C001406,Lapsing Customers,Eligible,Treatment,1,0,0,0.0
C001407,Browsers / No Purchase,Eligible,Treatment,2,1,0,0.0
C001408,High-Value Loyalists,Eligible,Control,0,0,0,0.0
C001409,Browsers / No Purchase,Suppressed,Suppressed,0,0,0,0.0
C001410,Browsers / No Purchase,Eligible,Control,0,0,0,0.0
C001411,Browsers / No Purchase,Eligible,Treatment,3,0,0,0.0
C001412,Browsers / No Purchase,Eligible,Control,0,0,0,0.0
C001413,Browsers / No Purchase,Eligible,Treatment,1,0,0,0.0
C001414,Browsers / No Purchase,Eligible,Treatment,3,0,0,0.0
C001415,High-Value Loyalists,Eligible,Treatment,3,0,0,0.0
C001416,Browsers / No Purchase,Eligible,Treatment,6,0,0,0.0
C001417,New Customers,Eligible,Treatment,6,1,0,0.0
C001418,New Customers,Eligible,Treatment,3,0,0,0.0
C001419,Browsers / No Purchase,Eligible,Treatment,6,1,0,0.0
C001420,Browsers / No Purchase,Eligible,Treatment,4,0,0,0.0
C001421,Browsers / No Purchase,Eligible,Treatment,3,0,0,0.0
C001422,New Customers,Eligible,Treatment,3,0,0,0.0
C001423,Lapsing Customers,Eligible,Treatment,1,0,0,0.0
C001424,Lapsing Customers,Eligible,Treatment,5,0,0,0.0
C001425,Lapsing Customers,Eligible,Treatment,3,1,0,0.0
C001426,Lapsing Customers,Eligible,Treatment,5,0,1,63.44
C001427,High-Value Loyalists,Eligible,Treatment,3,0,1,132.57
C001428,High-Value Loyalists,Eligible,Treatment,1,1,0,0.0
C001429,Browsers / No Purchase,Eligible,Treatment,6,2,0,0.0
C001430,Lapsing Customers,Eligible,Treatment,6,0,0,0.0
C001431,Browsers / No Purchase,Eligible,Treatment,2,0,0,0.0
C001432,New Customers,Eligible,Treatment,2,0,0,0.0
C001433,High-Value Loyalists,Eligible,Treatment,4,0,0,0.0
C001434,High-Value Loyalists,Eligible,Treatment,5,0,1,227.55
C001435,Lapsing Customers,Eligible,Treatment,3,1,0,0.0
C001436,Browsers / No Purchase,Eligible,Control,0,0,0,0.0
C001437,Lapsing Customers,Eligible,Treatment,4,1,0,0.0
C001438,New Customers,Eligible,Treatment,2,1,1,64.65
C001439,Browsers / No Purchase,Eligible,Treatment,5,0,0,0.0
C001440,Browsers / No Purchase,Suppressed,Suppressed,0,0,0,0.0
C001441,Lapsing Customers,Eligible,Treatment,5,0,0,0.0
C001442,High-Value Loyalists,Suppressed,Suppressed,0,0,0,0.0
C001443,High-Value Loyalists,Eligible,Treatment,6,0,1,119.97
C001444,High-Value Loyalists,Eligible,Treatment,5,1,1,18.37
C001445,High-Value Loyalists,Eligible,Treatment,6,1,0,0.0
C001446,New Customers,Eligible,Treatment,1,0,0,0.0
C001447,Browsers / No Purchase,Eligible,Treatment,2,1,0,0.0
C001448,New Customers,Eligible,Treatment,3,0,0,0.0
C001449,New Customers,Eligible,Treatment,5,1,0,0.0
C001450,Lapsing Customers,Suppressed,Suppressed,0,0,0,0.0
C001451,Browsers / No Purchase,Eligible,Treatment,6,1,0,0.0
C001452,New Customers,Eligible,Treatment,6,0,0,0.0
C001453,Browsers / No Purchase,Eligible,Treatment,2,0,0,0.0
C001454,Browsers / No Purchase,Eligible,Treatment,3,0,0,0.0
C001455,Lapsing Customers,Eligible,Treatment,5,1,0,0.0
C001456,High-Value Loyalists,Eligible,Treatment,3,0,0,0.0
C001457,Lapsing Customers,Eligible,Treatment,1,0,0,0.0
C001458,Lapsing Customers,Eligible,Treatment,3,0,0,0.0
C001459,Browsers / No Purchase,Eligible,Treatment,5,2,0,0.0
C001460,Lapsing Customers,Eligible,Control,0,0,1,51.42
C001461,Browsers / No Purchase,Suppressed,Suppressed,0,0,0,0.0
C001462,New Customers,Eligible,Treatment,4,0,0,0.0
C001463,High-Value Loyalists,Eligible,Treatment,4,0,0,0.0
C001464,Lapsing Customers,Eligible,Control,0,0,0,0.0
C001465,New Customers,Eligible,Treatment,6,0,0,0.0
C001466,New Customers,Suppressed,Suppressed,0,0,1,46.2
C001467,Lapsing Customers,Eligible,Control,0,0,0,0.0
C001468,Lapsing Customers,Eligible,Treatment,2,0,0,0.0
C001469,Browsers / No Purchase,Eligible,Treatment,1,1,0,0.0
C001470,High-Value Loyalists,Eligible,Treatment,6,0,0,0.0
C001471,Browsers / No Purchase,Eligible,Treatment,4,1,0,0.0
C001472,High-Value Loyalists,Eligible,Treatment,4,1,0,0.0
C001473,High-Value Loyalists,Suppressed,Suppressed,0,0,0,0.0
C001474,New Customers,Eligible,Treatment,2,1,0,0.0
C001475,New Customers,Eligible,Control,0,0,0,0.0
C001476,New Customers,Eligible,Treatment,1,0,0,0.0
C001477,Lapsing Customers,Eligible,Treatment,3,1,0,0.0
C001478,Browsers / No Purchase,Eligible,Treatment,4,0,0,0.0
C001479,New Customers,Eligible,Treatment,5,1,0,0.0
C001480,Lapsing Customers,Eligible,Treatment,5,1,0,0.0
C001481,Lapsing Customers,Eligible,Treatment,3,2,0,0.0
C001482,High-Value Loyalists,Eligible,Treatment,2,1,1,118.47
C001483,New Customers,Eligible,Treatment,1,0,0,0.0
C001484,Lapsing Customers,Eligible,Treatment,6,0,0,0.0
C001485,New Customers,Eligible,Treatment,2,2,0,0.0
C001486,High-Value Loyalists,Eligible,Treatment,4,0,0,0.0
C001487,Browsers / No Purchase,Eligible,Treatment,4,1,0,0.0
C001488,Lapsing Customers,Eligible,Treatment,6,0,0,0.0
C001489,Browsers / No Purchase,Eligible,Treatment,1,0,0,0.0
C001490,Lapsing Customers,Eligible,Treatment,1,0,0,0.0
C001491,High-Value Loyalists,Eligible,Treatment,6,0,0,0.0
C001492,Browsers / No Purchase,Eligible,Treatment,4,0,0,0.0
C001493,New Customers,Eligible,Control,0,0,0,0.0
C001494,Browsers / No Purchase,Eligible,Treatment,6,1,0,0.0
C001495,Lapsing Customers,Eligible,Treatment,5,0,0,0.0
C001496,New Customers,Eligible,Treatment,3,0,0,0.0
C001497,Browsers / No Purchase,Eligible,Treatment,2,0,0,0.0
C001498,New Customers,Eligible,Control,0,0,0,0.0
C001499,Lapsing Customers,Suppressed,Suppressed,0,0,0,0.0
C001500,New Customers,Eligible,Treatment,5,0,0,0.0
C001501,New Customers,Eligible,Control,0,0,0,0.0
C001502,Browsers / No Purchase,Eligible,Treatment,3,0,0,0.0
C001503,Lapsing Customers,Eligible,Treatment,5,2,0,0.0
C001504,Lapsing Customers,Eligible,Treatment,5,1,0,0.0
C001505,Browsers / No Purchase,Eligible,Treatment,1,1,0,0.0
C001506,New Customers,Eligible,Treatment,3,1,0,0.0
C001507,Browsers / No Purchase,Eligible,Treatment,6,0,0,0.0
C001508,Lapsing Customers,Eligible,Control,0,0,0,0.0
C001509,Lapsing Customers,Eligible,Treatment,3,1,0,0.0
C001510,Browsers / No Purchase,Eligible,Treatment,4,0,0,0.0
C001511,High-Value Loyalists,Eligible,Treatment,1,1,0,0.0
C001512,High-Value Loyalists,Eligible,Treatment,2,0,0,0.0
C001513,New Customers,Eligible,Treatment,2,0,0,0.0
C001514,Browsers / No Purchase,Eligible,Treatment,6,1,1,92.78
C001515,Browsers / No Purchase,Eligible,Treatment,2,1,0,0.0
C001516,Lapsing Customers,Eligible,Treatment,1,1,0,0.0
C001517,High-Value Loyalists,Eligible,Treatment,4,0,0,0.0
C001518,Browsers / No Purchase,Suppressed,Suppressed,0,0,0,0.0
C001519,High-Value Loyalists,Eligible,Treatment,1,0,0,0.0
C001520,High-Value Loyalists,Eligible,Treatment,4,0,1,160.67
C001521,Lapsing Customers,Eligible,Treatment,6,0,0,0.0
C001522,New Customers,Eligible,Treatment,5,0,0,0.0
C001523,Browsers / No Purchase,Eligible,Treatment,4,1,0,0.0
C001524,Browsers / No Purchase,Eligible,Treatment,6,0,0,0.0
C001525,Browsers / No Purchase,Eligible,Treatment,1,0,0,0.0
C001526,High-Value Loyalists,Suppressed,Suppressed,0,0,0,0.0
C001527,Lapsing Customers,Eligible,Control,0,0,0,0.0
C001528,Lapsing Customers,Suppressed,Suppressed,0,0,0,0.0
C001529,High-Value Loyalists,Eligible,Treatment,5,2,0,0.0
C001530,Lapsing Customers,Eligible,Treatment,5,1,0,0.0
C001531,Lapsing Customers,Eligible,Treatment,3,0,1,22.22
C001532,High-Value Loyalists,Suppressed,Suppressed,0,0,0,0.0
C001533,New Customers,Eligible,Treatment,4,1,1,101.75
C001534,Browsers / No Purchase,Eligible,Treatment,2,0,0,0.0
C001535,High-Value Loyalists,Eligible,Treatment,6,1,0,0.0
C001536,New Customers,Eligible,Treatment,3,1,0,0.0
C001537,Browsers / No Purchase,Eligible,Treatment,5,0,0,0.0
C001538,Browsers / No Purchase,Eligible,Treatment,4,0,0,0.0
C001539,Browsers / No Purchase,Eligible,Treatment,1,0,1,66.53
C001540,Lapsing Customers,Eligible,Treatment,2,0,0,0.0
C001541,Browsers / No Purchase,Suppressed,Suppressed,0,0,0,0.0
C001542,Lapsing Customers,Eligible,Treatment,4,0,0,0.0
C001543,Lapsing Customers,Eligible,Treatment,3,0,0,0.0
C001544,High-Value Loyalists,Eligible,Treatment,4,0,0,0.0
C001545,Lapsing Customers,Suppressed,Suppressed,0,0,0,0.0
C001546,Lapsing Customers,Eligible,Treatment,5,0,0,0.0
C001547,Lapsing Customers,Eligible,Treatment,6,0,0,0.0
C001548,Browsers / No Purchase,Eligible,Treatment,4,0,0,0.0
C001549,Lapsing Customers,Eligible,Treatment,1,0,0,0.0
C001550,Lapsing Customers,Eligible,Treatment,6,0,0,0.0
C001551,High-Value Loyalists,Eligible,Treatment,1,1,0,0.0
C001552,Lapsing Customers,Eligible,Treatment,3,0,0,0.0
C001553,Lapsing Customers,Suppressed,Suppressed,0,0,0,0.0
C001554,Lapsing Customers,Eligible,Treatment,4,0,0,0.0
C001555,Lapsing Customers,Eligible,Treatment,6,0,0,0.0
C001556,Browsers / No Purchase,Suppressed,Suppressed,0,0,0,0.0
C001557,Browsers / No Purchase,Eligible,Treatment,1,0,0,0.0
C001558,New Customers,Eligible,Treatment,3,0,0,0.0
C001559,New Customers,Eligible,Treatment,2,0,0,0.0
C001560,Browsers / No Purchase,Eligible,Treatment,4,0,0,0.0
C001561,Browsers / No Purchase,Suppressed,Suppressed,0,0,0,0.0
C001562,New Customers,Suppressed,Suppressed,0,0,0,0.0
C001563,Browsers / No Purchase,Eligible,Treatment,6,1,0,0.0
C001564,Browsers / No Purchase,Eligible,Treatment,5,0,0,0.0
C001565,Browsers / No Purchase,Eligible,Treatment,4,0,0,0.0
C001566,Lapsing Customers,Eligible,Treatment,6,0,0,0.0
C001567,High-Value Loyalists,Eligible,Treatment,5,1,0,0.0
C001568,High-Value Loyalists,Eligible,Treatment,2,0,0,0.0
C001569,Lapsing Customers,Eligible,Treatment,3,0,0,0.0
C001570,New Customers,Eligible,Treatment,4,0,0,0.0
C001571,Lapsing Customers,Eligible,Treatment,3,0,0,0.0
C001572,New Customers,Suppressed,Suppressed,0,0,0,0.0
C001573,New Customers,Eligible,Treatment,3,0,0,0.0
C001574,Browsers / No Purchase,Eligible,Treatment,4,2,0,0.0
C001575,High-Value Loyalists,Eligible,Treatment,1,0,0,0.0
C001576,Lapsing Customers,Eligible,Treatment,3,1,0,0.0
C001577,Browsers / No Purchase,Eligible,Treatment,2,0,0,0.0
C001578,Browsers / No Purchase,Eligible,Treatment,5,0,0,0.0
C001579,Browsers / No Purchase,Eligible,Control,0,0,0,0.0
C001580,Browsers / No Purchase,Eligible,Treatment,3,0,1,83.48
C001581,Browsers / No Purchase,Eligible,Treatment,1,0,0,0.0
C001582,Lapsing Customers,Eligible,Treatment,3,0,0,0.0
C001583,Lapsing Customers,Eligible,Treatment,3,0,0,0.0
C001584,Lapsing Customers,Eligible,Treatment,6,0,1,108.81
C001585,New Customers,Eligible,Treatment,1,0,0,0.0
C001586,Browsers / No Purchase,Eligible,Control,0,0,0,0.0
C001587,Lapsing Customers,Eligible,Treatment,1,0,0,0.0
C001588,New Customers,Eligible,Treatment,6,0,0,0.0
C001589,Lapsing Customers,Eligible,Treatment,5,1,0,0.0
C001590,High-Value Loyalists,Eligible,Treatment,5,0,1,106.32
C001591,High-Value Loyalists,Suppressed,Suppressed,0,0,0,0.0
C001592,High-Value Loyalists,Eligible,Treatment,3,0,1,72.63
C001593,Browsers / No Purchase,Eligible,Treatment,5,2,0,0.0
C001594,Lapsing Customers,Eligible,Treatment,6,0,0,0.0
C001595,Browsers / No Purchase,Eligible,Treatment,2,0,0,0.0
C001596,New Customers,Eligible,Treatment,1,0,0,0.0
C001597,High-Value Loyalists,Eligible,Treatment,4,0,0,0.0
C001598,High-Value Loyalists,Eligible,Treatment,6,0,0,0.0
C001599,Browsers / No Purchase,Eligible,Treatment,4,0,0,0.0
C001600,Lapsing Customers,Eligible,Treatment,5,0,0,0.0
C001601,Browsers / No Purchase,Eligible,Treatment,2,0,0,0.0
C001602,High-Value Loyalists,Suppressed,Suppressed,0,0,1,48.17
C001603,New Customers,Eligible,Treatment,1,0,1,95.44
C001604,Browsers / No Purchase,Eligible,Treatment,3,0,0,0.0
C001605,Lapsing Customers,Eligible,Treatment,6,0,0,0.0
C001606,Lapsing Customers,Eligible,Treatment,6,0,1,81.52
C001607,Browsers / No Purchase,Suppressed,Suppressed,0,0,0,0.0
C001608,Lapsing Customers,Eligible,Control,0,0,0,0.0
C001609,Lapsing Customers,Eligible,Control,0,0,0,0.0
C001610,Lapsing Customers,Eligible,Treatment,4,0,0,0.0
C001611,Lapsing Customers,Eligible,Treatment,3,0,1,83.11
C001612,Browsers / No Purchase,Eligible,Treatment,5,0,0,0.0
C001613,Browsers / No Purchase,Eligible,Treatment,1,0,0,0.0
C001614,Lapsing Customers,Eligible,Treatment,4,0,0,0.0
C001615,Browsers / No Purchase,Eligible,Control,0,0,0,0.0
C001616,Lapsing Customers,Eligible,Control,0,0,0,0.0
C001617,High-Value Loyalists,Suppressed,Suppressed,0,0,0,0.0
C001618,New Customers,Eligible,Control,0,0,0,0.0
C001619,Browsers / No Purchase,Suppressed,Suppressed,0,0,0,0.0
C001620,High-Value Loyalists,Eligible,Treatment,2,0,0,0.0
C001621,Lapsing Customers,Eligible,Treatment,5,0,0,0.0
C001622,New Customers,Eligible,Treatment,2,0,0,0.0
C001623,Browsers / No Purchase,Eligible,Treatment,4,0,0,0.0
C001624,High-Value Loyalists,Eligible,Treatment,5,0,0,0.0
C001625,Lapsing Customers,Suppressed,Suppressed,0,0,1,144.3
C001626,Browsers / No Purchase,Eligible,Treatment,2,0,0,0.0
C001627,Lapsing Customers,Eligible,Treatment,2,0,0,0.0
C001628,High-Value Loyalists,Eligible,Treatment,6,0,0,0.0
C001629,High-Value Loyalists,Eligible,Treatment,2,1,0,0.0
C001630,Lapsing Customers,Eligible,Treatment,4,1,0,0.0
C001631,Lapsing Customers,Eligible,Treatment,3,0,0,0.0
C001632,Browsers / No Purchase,Eligible,Treatment,1,0,0,0.0
C001633,New Customers,Eligible,Treatment,2,0,0,0.0
C001634,New Customers,Suppressed,Suppressed,0,0,0,0.0
C001635,Browsers / No Purchase,Eligible,Treatment,3,0,0,0.0
C001636,Lapsing Customers,Eligible,Treatment,5,1,0,0.0
C001637,Lapsing Customers,Suppressed,Suppressed,0,0,0,0.0
C001638,Browsers / No Purchase,Eligible,Treatment,4,0,0,0.0
C001639,Lapsing Customers,Eligible,Treatment,2,0,0,0.0
C001640,Browsers / No Purchase,Eligible,Treatment,6,1,0,0.0
C001641,Browsers / No Purchase,Eligible,Treatment,4,1,0,0.0
C001642,High-Value Loyalists,Eligible,Treatment,5,0,0,0.0
C001643,Lapsing Customers,Eligible,Treatment,6,0,0,0.0
C001644,Lapsing Customers,Eligible,Treatment,5,1,1,45.05
C001645,High-Value Loyalists,Eligible,Treatment,3,1,0,0.0
C001646,Lapsing Customers,Eligible,Treatment,4,1,0,0.0
C001647,Lapsing Customers,Eligible,Treatment,1,0,0,0.0
C001648,Browsers / No Purchase,Eligible,Treatment,5,0,0,0.0
C001649,Browsers / No Purchase,Suppressed,Suppressed,0,0,0,0.0
C001650,Browsers / No Purchase,Eligible,Treatment,3,0,0,0.0
C001651,Lapsing Customers,Eligible,Treatment,3,0,0,0.0
C001652,Lapsing Customers,Eligible,Treatment,3,0,0,0.0
C001653,Lapsing Customers,Eligible,Treatment,6,1,0,0.0
C001654,High-Value Loyalists,Eligible,Treatment,4,0,0,0.0
C001655,Browsers / No Purchase,Eligible,Treatment,6,1,1,78.28
C001656,Lapsing Customers,Eligible,Treatment,5,0,0,0.0
C001657,Lapsing Customers,Eligible,Treatment,4,0,0,0.0
C001658,Browsers / No Purchase,Eligible,Treatment,1,0,0,0.0
C001659,Lapsing Customers,Eligible,Treatment,1,0,0,0.0
C001660,High-Value Loyalists,Eligible,Treatment,3,0,0,0.0
C001661,High-Value Loyalists,Eligible,Treatment,6,0,1,85.55
C001662,New Customers,Eligible,Treatment,1,0,0,0.0
C001663,Browsers / No Purchase,Eligible,Treatment,6,1,0,0.0
C001664,Lapsing Customers,Eligible,Treatment,4,1,0,0.0
C001665,Browsers / No Purchase,Eligible,Control,0,0,0,0.0
C001666,Browsers / No Purchase,Eligible,Treatment,3,0,1,192.86
C001667,Browsers / No Purchase,Eligible,Treatment,3,0,0,0.0
C001668,Lapsing Customers,Eligible,Treatment,1,0,0,0.0
C001669,High-Value Loyalists,Eligible,Treatment,3,0,0,0.0
C001670,Browsers / No Purchase,Eligible,Treatment,3,0,0,0.0
C001671,Lapsing Customers,Eligible,Treatment,3,0,1,58.33
C001672,New Customers,Eligible,Control,0,0,0,0.0
C001673,Browsers / No Purchase,Eligible,Treatment,4,0,0,0.0
C001674,High-Value Loyalists,Eligible,Control,0,0,0,0.0
C001675,Browsers / No Purchase,Eligible,Treatment,1,0,0,0.0
C001676,Browsers / No Purchase,Eligible,Treatment,3,0,0,0.0
C001677,Browsers / No Purchase,Eligible,Control,0,0,0,0.0
C001678,Lapsing Customers,Eligible,Treatment,1,0,0,0.0
C001679,Browsers / No Purchase,Eligible,Treatment,5,0,0,0.0
C001680,New Customers,Suppressed,Suppressed,0,0,1,37.78
C001681,Browsers / No Purchase,Eligible,Treatment,4,0,0,0.0
C001682,Browsers / No Purchase,Eligible,Treatment,4,0,0,0.0
C001683,Browsers / No Purchase,Suppressed,Suppressed,0,0,0,0.0
C001684,Lapsing Customers,Eligible,Treatment,6,0,0,0.0
C001685,High-Value Loyalists,Eligible,Treatment,6,2,0,0.0
C001686,Lapsing Customers,Eligible,Treatment,6,0,1,64.46
C001687,New Customers,Eligible,Control,0,0,0,0.0
C001688,New Customers,Eligible,Treatment,3,0,0,0.0
C001689,New Customers,Eligible,Treatment,2,1,0,0.0
C001690,Lapsing Customers,Eligible,Control,0,0,0,0.0
C001691,Browsers / No Purchase,Suppressed,Suppressed,0,0,0,0.0
C001692,Browsers / No Purchase,Eligible,Treatment,6,1,0,0.0
C001693,Lapsing Customers,Suppressed,Suppressed,0,0,0,0.0
C001694,Browsers / No Purchase,Eligible,Treatment,1,0,0,0.0
C001695,New Customers,Eligible,Treatment,3,0,0,0.0
C001696,New Customers,Eligible,Treatment,6,1,0,0.0
C001697,High-Value Loyalists,Eligible,Control,0,0,0,0.0
C001698,Browsers / No Purchase,Eligible,Treatment,6,0,0,0.0
C001699,Browsers / No Purchase,Eligible,Treatment,5,0,0,0.0
C001700,Browsers / No Purchase,Suppressed,Suppressed,0,0,1,114.35
C001701,Browsers / No Purchase,Eligible,Treatment,4,1,0,0.0
C001702,Browsers / No Purchase,Eligible,Treatment,6,0,0,0.0
C001703,Lapsing Customers,Suppressed,Suppressed,0,0,0,0.0
C001704,New Customers,Eligible,Treatment,1,0,0,0.0
C001705,Lapsing Customers,Eligible,Treatment,1,0,0,0.0
C001706,Browsers / No Purchase,Eligible,Control,0,0,0,0.0
C001707,High-Value Loyalists,Suppressed,Suppressed,0,0,0,0.0
C001708,Lapsing Customers,Eligible,Treatment,1,1,0,0.0
C001709,Browsers / No Purchase,Eligible,Treatment,6,2,0,0.0
C001710,Lapsing Customers,Eligible,Treatment,2,0,0,0.0
C001711,Browsers / No Purchase,Eligible,Control,0,0,0,0.0
C001712,Lapsing Customers,Eligible,Treatment,5,0,1,54.61
C001713,Browsers / No Purchase,Eligible,Treatment,2,0,0,0.0
C001714,Browsers / No Purchase,Eligible,Treatment,6,0,0,0.0
C001715,Lapsing Customers,Eligible,Treatment,2,1,0,0.0
C001716,Browsers / No Purchase,Eligible,Treatment,3,0,0,0.0
C001717,Lapsing Customers,Eligible,Treatment,1,0,0,0.0
C001718,New Customers,Eligible,Treatment,5,0,0,0.0
C001719,New Customers,Eligible,Treatment,6,1,0,0.0
C001720,Browsers / No Purchase,Suppressed,Suppressed,0,0,0,0.0
C001721,High-Value Loyalists,Eligible,Treatment,4,0,1,89.09
C001722,Lapsing Customers,Eligible,Treatment,3,0,0,0.0
C001723,Browsers / No Purchase,Eligible,Treatment,6,0,0,0.0
C001724,New Customers,Eligible,Treatment,1,1,0,0.0
C001725,New Customers,Eligible,Treatment,6,3,0,0.0
C001726,High-Value Loyalists,Eligible,Treatment,5,0,0,0.0
C001727,Lapsing Customers,Eligible,Treatment,4,1,1,111.47
C001728,Browsers / No Purchase,Eligible,Treatment,2,0,0,0.0
C001729,High-Value Loyalists,Suppressed,Suppressed,0,0,0,0.0
C001730,Lapsing Customers,Eligible,Treatment,1,0,0,0.0
C001731,Browsers / No Purchase,Eligible,Treatment,1,0,0,0.0
C001732,High-Value Loyalists,Eligible,Treatment,3,1,0,0.0
C001733,Browsers / No Purchase,Eligible,Treatment,4,0,0,0.0
C001734,Lapsing Customers,Eligible,Treatment,3,0,0,0.0
C001735,Browsers / No Purchase,Eligible,Treatment,1,0,0,0.0
C001736,Browsers / No Purchase,Eligible,Control,0,0,0,0.0
C001737,Browsers / No Purchase,Eligible,Treatment,1,0,0,0.0
C001738,Lapsing Customers,Eligible,Treatment,3,0,0,0.0
C001739,New Customers,Eligible,Treatment,6,1,0,0.0
C001740,Browsers / No Purchase,Eligible,Treatment,2,0,0,0.0
C001741,Lapsing Customers,Eligible,Treatment,3,0,0,0.0
C001742,Lapsing Customers,Eligible,Treatment,1,0,0,0.0
C001743,High-Value Loyalists,Eligible,Treatment,1,0,0,0.0
C001744,Browsers / No Purchase,Eligible,Treatment,5,0,0,0.0
C001745,Browsers / No Purchase,Eligible,Treatment,2,0,0,0.0
C001746,New Customers,Eligible,Treatment,1,1,0,0.0
C001747,Browsers / No Purchase,Eligible,Treatment,6,0,0,0.0
C001748,New Customers,Eligible,Control,0,0,0,0.0
C001749,Lapsing Customers,Eligible,Treatment,1,0,0,0.0
C001750,Lapsing Customers,Eligible,Treatment,2,0,0,0.0
C001751,New Customers,Eligible,Treatment,1,0,0,0.0
C001752,Lapsing Customers,Eligible,Treatment,6,0,0,0.0
C001753,Browsers / No Purchase,Eligible,Treatment,5,1,0,0.0
C001754,Browsers / No Purchase,Suppressed,Suppressed,0,0,0,0.0
C001755,Lapsing Customers,Eligible,Treatment,5,1,0,0.0
C001756,New Customers,Eligible,Treatment,1,0,0,0.0
C001757,High-Value Loyalists,Eligible,Treatment,3,1,1,124.49
C001758,Browsers / No Purchase,Eligible,Control,0,0,0,0.0
C001759,Browsers / No Purchase,Eligible,Treatment,5,0,0,0.0
C001760,Browsers / No Purchase,Eligible,Control,0,0,0,0.0
C001761,Lapsing Customers,Eligible,Treatment,5,0,0,0.0
C001762,High-Value Loyalists,Eligible,Treatment,5,0,1,112.66
C001763,Lapsing Customers,Eligible,Treatment,2,1,0,0.0
C001764,High-Value Loyalists,Eligible,Treatment,4,1,0,0.0
C001765,High-Value Loyalists,Eligible,Treatment,4,0,0,0.0
C001766,High-Value Loyalists,Eligible,Treatment,2,0,0,0.0
C001767,Browsers / No Purchase,Eligible,Treatment,4,1,0,0.0
C001768,High-Value Loyalists,Eligible,Treatment,4,0,0,0.0
C001769,High-Value Loyalists,Eligible,Control,0,0,1,52.7
C001770,Browsers / No Purchase,Eligible,Treatment,1,0,0,0.0
C001771,New Customers,Eligible,Treatment,2,1,0,0.0
C001772,Browsers / No Purchase,Eligible,Treatment,2,0,0,0.0
C001773,New Customers,Eligible,Treatment,2,0,0,0.0
C001774,Browsers / No Purchase,Eligible,Treatment,6,1,0,0.0
C001775,New Customers,Eligible,Treatment,2,0,0,0.0
C001776,New Customers,Eligible,Treatment,5,0,0,0.0
C001777,Browsers / No Purchase,Eligible,Treatment,6,1,0,0.0
C001778,Lapsing Customers,Eligible,Treatment,1,0,0,0.0
C001779,Lapsing Customers,Eligible,Treatment,5,1,0,0.0
C001780,Lapsing Customers,Eligible,Control,0,0,0,0.0
C001781,High-Value Loyalists,Eligible,Treatment,6,0,0,0.0
C001782,Browsers / No Purchase,Eligible,Treatment,6,0,0,0.0
C001783,Lapsing Customers,Eligible,Treatment,2,0,0,0.0
C001784,High-Value Loyalists,Suppressed,Suppressed,0,0,1,68.55
C001785,Lapsing Customers,Eligible,Treatment,2,0,0,0.0
C001786,Browsers / No Purchase,Eligible,Treatment,4,0,0,0.0
C001787,Lapsing Customers,Eligible,Control,0,0,0,0.0
C001788,New Customers,Eligible,Treatment,3,1,0,0.0
C001789,Browsers / No Purchase,Eligible,Treatment,6,1,0,0.0
C001790,High-Value Loyalists,Eligible,Treatment,4,2,1,30.85
C001791,Browsers / No Purchase,Eligible,Treatment,6,0,0,0.0
C001792,Lapsing Customers,Eligible,Treatment,6,1,1,104.16
C001793,Lapsing Customers,Eligible,Treatment,1,0,0,0.0
C001794,New Customers,Eligible,Treatment,2,0,0,0.0
C001795,Browsers / No Purchase,Eligible,Control,0,0,0,0.0
C001796,Lapsing Customers,Eligible,Treatment,5,0,0,0.0
C001797,New Customers,Suppressed,Suppressed,0,0,0,0.0
C001798,Lapsing Customers,Eligible,Control,0,0,0,0.0
C001799,New Customers,Eligible,Treatment,1,0,0,0.0
C001800,New Customers,Eligible,Treatment,1,1,0,0.0
C001801,New Customers,Eligible,Control,0,0,0,0.0
C001802,New Customers,Eligible,Treatment,2,0,1,91.83
C001803,High-Value Loyalists,Suppressed,Suppressed,0,0,0,0.0
C001804,New Customers,Eligible,Treatment,6,2,0,0.0
C001805,New Customers,Eligible,Treatment,2,0,0,0.0
C001806,New Customers,Suppressed,Suppressed,0,0,0,0.0
C001807,High-Value Loyalists,Suppressed,Suppressed,0,0,0,0.0
C001808,Lapsing Customers,Eligible,Treatment,3,1,1,160.2
C001809,Lapsing Customers,Eligible,Treatment,4,0,0,0.0
C001810,High-Value Loyalists,Eligible,Treatment,2,0,1,95.62
C001811,Lapsing Customers,Suppressed,Suppressed,0,0,0,0.0
C001812,Lapsing Customers,Eligible,Treatment,4,1,0,0.0
C001813,Browsers / No Purchase,Eligible,Treatment,1,0,0,0.0
C001814,Lapsing Customers,Eligible,Treatment,1,0,0,0.0
C001815,Browsers / No Purchase,Eligible,Treatment,4,0,0,0.0
C001816,New Customers,Eligible,Treatment,3,1,0,0.0
C001817,Browsers / No Purchase,Eligible,Treatment,6,0,0,0.0
C001818,Lapsing Customers,Eligible,Treatment,3,0,0,0.0
C001819,New Customers,Eligible,Treatment,2,0,0,0.0
C001820,New Customers,Eligible,Treatment,5,0,0,0.0
C001821,Browsers / No Purchase,Eligible,Treatment,1,1,0,0.0
C001822,New Customers,Eligible,Treatment,2,0,0,0.0
C001823,New Customers,Eligible,Treatment,5,0,0,0.0
C001824,New Customers,Eligible,Treatment,3,0,0,0.0
C001825,Browsers / No Purchase,Suppressed,Suppressed,0,0,0,0.0
C001826,High-Value Loyalists,Eligible,Treatment,4,0,0,0.0
C001827,New Customers,Eligible,Treatment,4,0,0,0.0
C001828,New Customers,Eligible,Treatment,5,1,0,0.0
C001829,Browsers / No Purchase,Eligible,Control,0,0,0,0.0
C001830,New Customers,Suppressed,Suppressed,0,0,0,0.0
C001831,Lapsing Customers,Eligible,Control,0,0,0,0.0
C001832,Browsers / No Purchase,Suppressed,Suppressed,0,0,0,0.0
C001833,Lapsing Customers,Eligible,Treatment,4,1,0,0.0
C001834,High-Value Loyalists,Eligible,Treatment,3,1,1,99.48
C001835,Lapsing Customers,Eligible,Treatment,3,0,1,77.13
C001836,High-Value Loyalists,Eligible,Treatment,2,0,0,0.0
C001837,High-Value Loyalists,Eligible,Treatment,5,1,0,0.0
C001838,Lapsing Customers,Eligible,Treatment,1,0,0,0.0
C001839,Browsers / No Purchase,Eligible,Treatment,1,0,0,0.0
C001840,Browsers / No Purchase,Eligible,Treatment,2,1,0,0.0
C001841,High-Value Loyalists,Suppressed,Suppressed,0,0,0,0.0
C001842,New Customers,Eligible,Treatment,4,1,1,126.12
C001843,High-Value Loyalists,Eligible,Treatment,3,1,0,0.0
C001844,Browsers / No Purchase,Eligible,Treatment,5,1,0,0.0
C001845,High-Value Loyalists,Eligible,Treatment,1,0,0,0.0
C001846,New Customers,Suppressed,Suppressed,0,0,0,0.0
C001847,Lapsing Customers,Eligible,Treatment,3,0,0,0.0
C001848,New Customers,Eligible,Treatment,3,0,0,0.0
C001849,Lapsing Customers,Eligible,Control,0,0,0,0.0
C001850,Browsers / No Purchase,Eligible,Control,0,0,0,0.0
C001851,Lapsing Customers,Eligible,Treatment,2,0,0,0.0
C001852,Browsers / No Purchase,Eligible,Treatment,4,0,0,0.0
C001853,New Customers,Eligible,Treatment,2,0,0,0.0
C001854,Browsers / No Purchase,Eligible,Treatment,4,0,0,0.0
C001855,Browsers / No Purchase,Eligible,Treatment,4,1,0,0.0
C001856,Browsers / No Purchase,Eligible,Treatment,4,1,0,0.0
C001857,Lapsing Customers,Eligible,Treatment,3,0,0,0.0
C001858,Lapsing Customers,Eligible,Treatment,5,0,1,30.39
C001859,Lapsing Customers,Eligible,Treatment,5,0,0,0.0
C001860,Lapsing Customers,Eligible,Treatment,3,1,0,0.0
C001861,New Customers,Eligible,Treatment,2,0,0,0.0
C001862,Browsers / No Purchase,Eligible,Treatment,2,1,0,0.0
C001863,Browsers / No Purchase,Eligible,Treatment,1,0,0,0.0
C001864,New Customers,Eligible,Treatment,4,0,1,44.0
C001865,New Customers,Eligible,Treatment,6,1,0,0.0
C001866,Browsers / No Purchase,Eligible,Control,0,0,0,0.0
C001867,Browsers / No Purchase,Eligible,Treatment,5,0,0,0.0
C001868,Lapsing Customers,Eligible,Treatment,3,0,0,0.0
C001869,New Customers,Eligible,Treatment,6,0,0,0.0
C001870,Browsers / No Purchase,Eligible,Treatment,2,0,0,0.0
C001871,Lapsing Customers,Eligible,Control,0,0,0,0.0
C001872,Lapsing Customers,Eligible,Treatment,6,0,0,0.0
C001873,Browsers / No Purchase,Eligible,Treatment,1,0,0,0.0
C001874,Browsers / No Purchase,Eligible,Control,0,0,0,0.0
C001875,Browsers / No Purchase,Eligible,Treatment,3,1,0,0.0
C001876,Browsers / No Purchase,Eligible,Treatment,4,2,0,0.0
C001877,Lapsing Customers,Eligible,Control,0,0,0,0.0
C001878,Lapsing Customers,Eligible,Treatment,2,1,0,0.0
C001879,New Customers,Eligible,Treatment,6,1,0,0.0
C001880,New Customers,Eligible,Treatment,6,1,0,0.0
C001881,New Customers,Eligible,Treatment,4,0,0,0.0
C001882,New Customers,Eligible,Treatment,4,0,0,0.0
C001883,Lapsing Customers,Eligible,Treatment,5,0,0,0.0
C001884,Browsers / No Purchase,Eligible,Treatment,2,1,0,0.0
C001885,Lapsing Customers,Eligible,Treatment,3,0,0,0.0
C001886,Lapsing Customers,Eligible,Treatment,3,0,0,0.0
C001887,High-Value Loyalists,Eligible,Treatment,1,0,0,0.0
C001888,High-Value Loyalists,Eligible,Treatment,3,0,1,138.59
C001889,Browsers / No Purchase,Eligible,Treatment,6,2,0,0.0
C001890,Lapsing Customers,Eligible,Treatment,1,1,0,0.0
C001891,Lapsing Customers,Eligible,Control,0,0,0,0.0
C001892,Browsers / No Purchase,Eligible,Treatment,3,0,0,0.0
C001893,New Customers,Eligible,Control,0,0,1,115.09
C001894,High-Value Loyalists,Eligible,Treatment,2,0,0,0.0
C001895,Lapsing Customers,Eligible,Treatment,2,0,0,0.0
C001896,High-Value Loyalists,Eligible,Control,0,0,1,52.0
C001897,New Customers,Eligible,Treatment,2,0,0,0.0
C001898,Lapsing Customers,Eligible,Control,0,0,0,0.0
C001899,High-Value Loyalists,Eligible,Treatment,5,1,0,0.0
C001900,High-Value Loyalists,Eligible,Treatment,3,1,1,88.93
C001901,New Customers,Eligible,Treatment,6,0,0,0.0
C001902,High-Value Loyalists,Eligible,Treatment,1,1,0,0.0
C001903,Browsers / No Purchase,Eligible,Treatment,1,0,0,0.0
C001904,High-Value Loyalists,Eligible,Treatment,6,0,0,0.0
C001905,New Customers,Suppressed,Suppressed,0,0,0,0.0
C001906,Lapsing Customers,Eligible,Treatment,1,0,0,0.0
C001907,Lapsing Customers,Eligible,Treatment,3,0,0,0.0
C001908,High-Value Loyalists,Eligible,Treatment,3,0,0,0.0
C001909,Browsers / No Purchase,Eligible,Treatment,1,0,0,0.0
C001910,Browsers / No Purchase,Eligible,Control,0,0,0,0.0
C001911,High-Value Loyalists,Eligible,Treatment,3,1,0,0.0
C001912,High-Value Loyalists,Suppressed,Suppressed,0,0,0,0.0
C001913,Browsers / No Purchase,Eligible,Treatment,3,0,0,0.0
C001914,New Customers,Suppressed,Suppressed,0,0,0,0.0
C001915,High-Value Loyalists,Eligible,Treatment,6,0,0,0.0
C001916,Lapsing Customers,Eligible,Treatment,2,0,0,0.0
C001917,New Customers,Suppressed,Suppressed,0,0,0,0.0
C001918,Browsers / No Purchase,Eligible,Treatment,4,0,1,84.54
C001919,New Customers,Eligible,Treatment,5,0,0,0.0
C001920,Browsers / No Purchase,Eligible,Treatment,3,0,0,0.0
C001921,New Customers,Eligible,Treatment,1,0,0,0.0
C001922,Lapsing Customers,Eligible,Treatment,5,0,0,0.0
C001923,Lapsing Customers,Eligible,Treatment,5,0,0,0.0
C001924,Lapsing Customers,Eligible,Control,0,0,0,0.0
C001925,Lapsing Customers,Eligible,Treatment,5,0,0,0.0
C001926,High-Value Loyalists,Eligible,Treatment,1,0,0,0.0
C001927,Lapsing Customers,Eligible,Treatment,4,1,0,0.0
C001928,Browsers / No Purchase,Eligible,Treatment,4,0,0,0.0
C001929,High-Value Loyalists,Eligible,Treatment,1,0,1,106.73
C001930,Lapsing Customers,Eligible,Treatment,1,0,0,0.0
C001931,New Customers,Eligible,Treatment,6,0,0,0.0
C001932,New Customers,Eligible,Treatment,4,0,0,0.0
C001933,Browsers / No Purchase,Eligible,Treatment,6,0,0,0.0
C001934,Browsers / No Purchase,Eligible,Treatment,2,0,0,0.0
C001935,Browsers / No Purchase,Eligible,Control,0,0,0,0.0
C001936,High-Value Loyalists,Eligible,Treatment,6,2,0,0.0
C001937,Lapsing Customers,Eligible,Treatment,3,1,0,0.0
C001938,New Customers,Eligible,Treatment,4,0,1,54.32
C001939,Lapsing Customers,Eligible,Treatment,6,0,0,0.0
C001940,High-Value Loyalists,Eligible,Treatment,1,1,0,0.0
C001941,Lapsing Customers,Eligible,Treatment,4,0,0,0.0
C001942,Lapsing Customers,Eligible,Treatment,4,0,0,0.0
C001943,Lapsing Customers,Eligible,Treatment,6,2,1,44.34
C001944,High-Value Loyalists,Eligible,Treatment,5,0,0,0.0
C001945,Browsers / No Purchase,Suppressed,Suppressed,0,0,0,0.0
C001946,Browsers / No Purchase,Eligible,Treatment,1,0,0,0.0
C001947,Lapsing Customers,Eligible,Treatment,2,0,1,61.07
C001948,Browsers / No Purchase,Suppressed,Suppressed,0,0,0,0.0
C001949,High-Value Loyalists,Eligible,Treatment,2,0,1,151.11
C001950,Browsers / No Purchase,Eligible,Treatment,5,0,0,0.0
C001951,Browsers / No Purchase,Eligible,Treatment,6,0,0,0.0
C001952,High-Value Loyalists,Eligible,Treatment,5,1,0,0.0
C001953,Browsers / No Purchase,Eligible,Treatment,1,1,0,0.0
C001954,Browsers / No Purchase,Eligible,Treatment,3,2,0,0.0
C001955,Browsers / No Purchase,Eligible,Treatment,2,0,0,0.0
C001956,Browsers / No Purchase,Eligible,Control,0,0,0,0.0
C001957,New Customers,Eligible,Treatment,3,0,0,0.0
C001958,High-Value Loyalists,Eligible,Treatment,3,0,0,0.0
C001959,Browsers / No Purchase,Eligible,Treatment,4,0,0,0.0
C001960,New Customers,Eligible,Treatment,3,0,0,0.0
C001961,New Customers,Eligible,Treatment,6,1,0,0.0
C001962,Lapsing Customers,Eligible,Treatment,1,0,0,0.0
C001963,New Customers,Eligible,Control,0,0,0,0.0
C001964,High-Value Loyalists,Eligible,Treatment,3,0,0,0.0
C001965,Browsers / No Purchase,Eligible,Treatment,5,0,0,0.0
C001966,High-Value Loyalists,Eligible,Treatment,5,0,1,66.21
C001967,Browsers / No Purchase,Eligible,Treatment,6,0,0,0.0
C001968,Browsers / No Purchase,Eligible,Treatment,1,0,1,106.36
C001969,Lapsing Customers,Eligible,Treatment,3,0,0,0.0
C001970,New Customers,Eligible,Control,0,0,1,93.95
C001971,Lapsing Customers,Eligible,Treatment,3,0,0,0.0
C001972,Browsers / No Purchase,Eligible,Treatment,2,0,0,0.0
C001973,Browsers / No Purchase,Suppressed,Suppressed,0,0,0,0.0
C001974,Lapsing Customers,Eligible,Treatment,2,0,0,0.0
C001975,High-Value Loyalists,Eligible,Treatment,3,0,0,0.0
C001976,Lapsing Customers,Eligible,Treatment,4,0,0,0.0
C001977,Lapsing Customers,Eligible,Control,0,0,0,0.0
C001978,Browsers / No Purchase,Eligible,Treatment,5,1,0,0.0
C001979,Browsers / No Purchase,Eligible,Control,0,0,0,0.0
C001980,Lapsing Customers,Eligible,Control,0,0,0,0.0
C001981,Browsers / No Purchase,Eligible,Treatment,1,0,0,0.0
C001982,Lapsing Customers,Eligible,Treatment,5,1,0,0.0
C001983,Browsers / No Purchase,Eligible,Treatment,6,0,0,0.0
C001984,Lapsing Customers,Eligible,Treatment,5,1,0,0.0
C001985,New Customers,Eligible,Treatment,2,0,0,0.0
C001986,Browsers / No Purchase,Eligible,Control,0,0,0,0.0
C001987,Lapsing Customers,Suppressed,Suppressed,0,0,0,0.0
C001988,New Customers,Eligible,Control,0,0,0,0.0
C001989,Browsers / No Purchase,Eligible,Treatment,6,0,0,0.0
C001990,High-Value Loyalists,Eligible,Treatment,1,1,0,0.0
C001991,High-Value Loyalists,Eligible,Treatment,3,0,0,0.0
C001992,New Customers,Suppressed,Suppressed,0,0,0,0.0
C001993,Lapsing Customers,Eligible,Treatment,3,0,0,0.0
C001994,High-Value Loyalists,Eligible,Treatment,2,0,0,0.0
C001995,Lapsing Customers,Eligible,Treatment,3,0,0,0.0
C001996,Browsers / No Purchase,Eligible,Treatment,4,0,0,0.0
C001997,Lapsing Customers,Eligible,Treatment,2,0,1,98.52
C001998,Lapsing Customers,Eligible,Treatment,3,0,0,0.0
C001999,Browsers / No Purchase,Eligible,Treatment,2,1,0,0.0
C002000,New Customers,Eligible,Treatment,4,0,0,0.0
C002001,Browsers / No Purchase,Eligible,Treatment,5,1,0,0.0
C002002,Lapsing Customers,Eligible,Control,0,0,0,0.0
C002003,Browsers / No Purchase,Eligible,Treatment,6,0,0,0.0
C002004,New Customers,Eligible,Treatment,1,0,0,0.0
C002005,High-Value Loyalists,Suppressed,Suppressed,0,0,0,0.0
C002006,Browsers / No Purchase,Eligible,Treatment,6,0,0,0.0
C002007,New Customers,Eligible,Control,0,0,0,0.0
C002008,High-Value Loyalists,Eligible,Treatment,2,0,0,0.0
C002009,High-Value Loyalists,Eligible,Treatment,1,0,1,81.39
C002010,New Customers,Eligible,Treatment,3,1,0,0.0
C002011,High-Value Loyalists,Eligible,Treatment,5,0,0,0.0
C002012,Lapsing Customers,Eligible,Treatment,5,1,0,0.0
C002013,High-Value Loyalists,Eligible,Treatment,5,0,0,0.0
C002014,Lapsing Customers,Eligible,Control,0,0,0,0.0
C002015,Lapsing Customers,Eligible,Treatment,5,0,0,0.0
C002016,New Customers,Eligible,Treatment,5,2,0,0.0
C002017,Lapsing Customers,Eligible,Treatment,3,0,0,0.0
C002018,High-Value Loyalists,Eligible,Treatment,5,0,0,0.0
C002019,New Customers,Eligible,Treatment,1,1,0,0.0
C002020,Lapsing Customers,Eligible,Treatment,1,0,0,0.0
C002021,New Customers,Eligible,Treatment,3,0,0,0.0
C002022,High-Value Loyalists,Eligible,Treatment,3,0,0,0.0
C002023,High-Value Loyalists,Eligible,Treatment,5,0,0,0.0
C002024,Lapsing Customers,Eligible,Treatment,3,0,1,58.29
C002025,Lapsing Customers,Eligible,Treatment,2,0,0,0.0
C002026,Lapsing Customers,Eligible,Treatment,6,0,0,0.0
C002027,Browsers / No Purchase,Eligible,Treatment,5,0,0,0.0
C002028,Lapsing Customers,Eligible,Treatment,6,0,0,0.0
C002029,New Customers,Eligible,Treatment,4,1,0,0.0
C002030,New Customers,Eligible,Treatment,2,0,0,0.0
C002031,High-Value Loyalists,Eligible,Treatment,2,0,0,0.0
C002032,New Customers,Eligible,Treatment,5,0,0,0.0
C002033,Lapsing Customers,Eligible,Treatment,1,0,0,0.0
C002034,Lapsing Customers,Eligible,Treatment,2,0,0,0.0
C002035,High-Value Loyalists,Eligible,Treatment,5,1,0,0.0
C002036,Browsers / No Purchase,Eligible,Treatment,5,0,0,0.0
C002037,Browsers / No Purchase,Eligible,Treatment,4,1,0,0.0
C002038,High-Value Loyalists,Eligible,Treatment,2,0,0,0.0
C002039,New Customers,Eligible,Treatment,1,0,0,0.0
C002040,Browsers / No Purchase,Eligible,Control,0,0,0,0.0
C002041,Lapsing Customers,Eligible,Treatment,2,0,0,0.0
C002042,Browsers / No Purchase,Eligible,Treatment,1,0,1,194.21
C002043,New Customers,Eligible,Treatment,4,1,1,75.53
C002044,Browsers / No Purchase,Eligible,Control,0,0,0,0.0
C002045,Browsers / No Purchase,Eligible,Treatment,3,0,0,0.0
C002046,High-Value Loyalists,Eligible,Treatment,3,0,0,0.0
C002047,Lapsing Customers,Eligible,Treatment,3,0,0,0.0
C002048,New Customers,Eligible,Treatment,5,1,0,0.0
C002049,High-Value Loyalists,Eligible,Treatment,6,3,1,91.59
C002050,Lapsing Customers,Suppressed,Suppressed,0,0,0,0.0
C002051,Browsers / No Purchase,Eligible,Treatment,2,1,0,0.0
C002052,High-Value Loyalists,Eligible,Treatment,6,1,0,0.0
C002053,Lapsing Customers,Eligible,Treatment,3,0,0,0.0
C002054,Browsers / No Purchase,Eligible,Treatment,4,0,0,0.0
C002055,Lapsing Customers,Eligible,Treatment,1,0,0,0.0
C002056,Lapsing Customers,Suppressed,Suppressed,0,0,0,0.0
C002057,Browsers / No Purchase,Eligible,Treatment,4,0,0,0.0
C002058,Lapsing Customers,Eligible,Treatment,3,0,0,0.0
C002059,High-Value Loyalists,Eligible,Control,0,0,0,0.0
C002060,High-Value Loyalists,Suppressed,Suppressed,0,0,0,0.0
C002061,Browsers / No Purchase,Eligible,Treatment,5,0,0,0.0
C002062,Lapsing Customers,Eligible,Treatment,4,0,0,0.0
C002063,New Customers,Eligible,Treatment,2,0,0,0.0
C002064,High-Value Loyalists,Eligible,Treatment,1,0,0,0.0
C002065,Lapsing Customers,Eligible,Treatment,2,0,0,0.0
C002066,Browsers / No Purchase,Eligible,Treatment,5,1,0,0.0
C002067,New Customers,Eligible,Treatment,5,1,0,0.0
C002068,Browsers / No Purchase,Eligible,Treatment,5,0,0,0.0
C002069,Lapsing Customers,Eligible,Treatment,6,1,0,0.0
C002070,New Customers,Eligible,Treatment,2,0,0,0.0
C002071,Browsers / No Purchase,Eligible,Treatment,5,0,0,0.0
C002072,Lapsing Customers,Eligible,Treatment,1,0,0,0.0
C002073,Lapsing Customers,Eligible,Treatment,6,0,0,0.0
C002074,Browsers / No Purchase,Eligible,Treatment,6,0,0,0.0
C002075,Lapsing Customers,Eligible,Treatment,3,1,0,0.0
C002076,New Customers,Eligible,Treatment,4,1,0,0.0
C002077,Browsers / No Purchase,Eligible,Treatment,2,0,0,0.0
C002078,High-Value Loyalists,Eligible,Treatment,5,0,0,0.0
C002079,Lapsing Customers,Eligible,Treatment,2,0,0,0.0
C002080,High-Value Loyalists,Eligible,Treatment,4,0,0,0.0
C002081,Lapsing Customers,Eligible,Treatment,3,0,0,0.0
C002082,Lapsing Customers,Suppressed,Suppressed,0,0,0,0.0
C002083,New Customers,Eligible,Treatment,5,1,0,0.0
C002084,High-Value Loyalists,Eligible,Treatment,5,0,0,0.0
C002085,New Customers,Eligible,Control,0,0,0,0.0
C002086,Lapsing Customers,Eligible,Treatment,3,2,0,0.0
C002087,Lapsing Customers,Suppressed,Suppressed,0,0,0,0.0
C002088,Lapsing Customers,Suppressed,Suppressed,0,0,0,0.0
C002089,Browsers / No Purchase,Eligible,Treatment,2,0,0,0.0
C002090,Lapsing Customers,Eligible,Treatment,4,0,0,0.0
C002091,Lapsing Customers,Eligible,Treatment,3,0,1,78.17
C002092,Browsers / No Purchase,Eligible,Treatment,6,0,0,0.0
C002093,New Customers,Eligible,Treatment,5,0,0,0.0
C002094,Lapsing Customers,Eligible,Treatment,5,1,0,0.0
C002095,Browsers / No Purchase,Suppressed,Suppressed,0,0,0,0.0
C002096,Lapsing Customers,Eligible,Treatment,5,1,0,0.0
C002097,High-Value Loyalists,Eligible,Treatment,4,1,0,0.0
C002098,New Customers,Eligible,Treatment,2,0,0,0.0
C002099,High-Value Loyalists,Eligible,Treatment,2,2,1,76.13
C002100,Lapsing Customers,Eligible,Treatment,2,0,0,0.0
C002101,Browsers / No Purchase,Suppressed,Suppressed,0,0,0,0.0
C002102,High-Value Loyalists,Eligible,Treatment,5,1,0,0.0
C002103,Browsers / No Purchase,Eligible,Treatment,6,0,0,0.0
C002104,Browsers / No Purchase,Eligible,Treatment,5,0,0,0.0
C002105,New Customers,Eligible,Treatment,2,0,0,0.0
C002106,Browsers / No Purchase,Eligible,Treatment,6,1,0,0.0
C002107,Browsers / No Purchase,Eligible,Treatment,4,0,0,0.0
C002108,Browsers / No Purchase,Eligible,Treatment,6,0,0,0.0
C002109,Lapsing Customers,Eligible,Treatment,5,1,0,0.0
C002110,High-Value Loyalists,Eligible,Treatment,3,1,0,0.0
C002111,New Customers,Eligible,Treatment,4,1,0,0.0
C002112,New Customers,Eligible,Treatment,4,0,0,0.0
C002113,High-Value Loyalists,Eligible,Control,0,0,0,0.0
C002114,New Customers,Eligible,Treatment,4,0,0,0.0
C002115,High-Value Loyalists,Eligible,Treatment,5,0,1,144.39
C002116,Browsers / No Purchase,Suppressed,Suppressed,0,0,0,0.0
C002117,Lapsing Customers,Eligible,Treatment,2,0,0,0.0
C002118,High-Value Loyalists,Suppressed,Suppressed,0,0,0,0.0
C002119,High-Value Loyalists,Eligible,Treatment,5,0,0,0.0
C002120,Lapsing Customers,Eligible,Treatment,6,0,0,0.0
C002121,Lapsing Customers,Eligible,Treatment,6,1,0,0.0
C002122,High-Value Loyalists,Eligible,Treatment,6,0,0,0.0
C002123,Lapsing Customers,Eligible,Control,0,0,0,0.0
C002124,High-Value Loyalists,Eligible,Treatment,4,0,0,0.0
C002125,Lapsing Customers,Eligible,Treatment,2,0,0,0.0
C002126,Lapsing Customers,Eligible,Treatment,2,0,0,0.0
C002127,Lapsing Customers,Eligible,Treatment,1,0,0,0.0
C002128,Lapsing Customers,Eligible,Treatment,6,1,0,0.0
C002129,High-Value Loyalists,Eligible,Treatment,3,0,1,41.2
C002130,High-Value Loyalists,Eligible,Treatment,6,0,0,0.0
C002131,Lapsing Customers,Eligible,Treatment,2,0,0,0.0
C002132,Browsers / No Purchase,Eligible,Control,0,0,0,0.0
C002133,Browsers / No Purchase,Eligible,Treatment,3,0,0,0.0
C002134,Browsers / No Purchase,Eligible,Treatment,3,0,0,0.0
C002135,New Customers,Eligible,Treatment,4,0,0,0.0
C002136,New Customers,Eligible,Treatment,2,0,0,0.0
C002137,Lapsing Customers,Eligible,Treatment,3,0,0,0.0
C002138,Browsers / No Purchase,Eligible,Treatment,2,0,0,0.0
C002139,Browsers / No Purchase,Eligible,Treatment,6,0,0,0.0
C002140,Browsers / No Purchase,Eligible,Treatment,1,1,0,0.0
C002141,Browsers / No Purchase,Eligible,Treatment,6,0,0,0.0
C002142,Lapsing Customers,Eligible,Treatment,3,0,0,0.0
C002143,Browsers / No Purchase,Eligible,Treatment,6,0,0,0.0
C002144,Browsers / No Purchase,Eligible,Treatment,1,0,0,0.0
C002145,Lapsing Customers,Eligible,Treatment,3,1,1,67.5
C002146,Browsers / No Purchase,Eligible,Treatment,4,0,0,0.0
C002147,High-Value Loyalists,Eligible,Treatment,2,1,0,0.0
C002148,Browsers / No Purchase,Eligible,Treatment,2,1,0,0.0
C002149,Browsers / No Purchase,Eligible,Treatment,1,0,0,0.0
C002150,High-Value Loyalists,Eligible,Control,0,0,0,0.0
C002151,New Customers,Eligible,Treatment,4,0,0,0.0
C002152,High-Value Loyalists,Eligible,Treatment,1,0,0,0.0
C002153,Browsers / No Purchase,Eligible,Treatment,6,0,0,0.0
C002154,Browsers / No Purchase,Suppressed,Suppressed,0,0,0,0.0
C002155,New Customers,Eligible,Treatment,6,0,0,0.0
C002156,Browsers / No Purchase,Eligible,Treatment,1,0,0,0.0
C002157,High-Value Loyalists,Eligible,Treatment,2,0,0,0.0
C002158,Lapsing Customers,Eligible,Control,0,0,0,0.0
C002159,Lapsing Customers,Eligible,Treatment,5,1,0,0.0
C002160,High-Value Loyalists,Eligible,Treatment,2,0,0,0.0
C002161,Lapsing Customers,Eligible,Treatment,3,0,0,0.0
C002162,Lapsing Customers,Eligible,Treatment,1,0,0,0.0
C002163,Lapsing Customers,Eligible,Treatment,6,1,0,0.0
C002164,Lapsing Customers,Eligible,Treatment,4,1,0,0.0
C002165,Browsers / No Purchase,Suppressed,Suppressed,0,0,0,0.0
C002166,Lapsing Customers,Eligible,Control,0,0,0,0.0
C002167,Browsers / No Purchase,Eligible,Control,0,0,0,0.0
C002168,Lapsing Customers,Eligible,Treatment,2,0,0,0.0
C002169,Lapsing Customers,Eligible,Treatment,2,0,0,0.0
C002170,New Customers,Eligible,Treatment,6,0,1,118.04
C002171,Lapsing Customers,Eligible,Treatment,2,0,0,0.0
C002172,Lapsing Customers,Eligible,Treatment,5,0,0,0.0
C002173,New Customers,Eligible,Control,0,0,0,0.0
C002174,High-Value Loyalists,Eligible,Treatment,4,1,0,0.0
C002175,Lapsing Customers,Eligible,Treatment,5,1,0,0.0
C002176,New Customers,Eligible,Treatment,6,0,0,0.0
C002177,Lapsing Customers,Eligible,Treatment,1,0,0,0.0
C002178,Browsers / No Purchase,Eligible,Treatment,5,0,0,0.0
C002179,Lapsing Customers,Eligible,Treatment,6,0,0,0.0
C002180,Browsers / No Purchase,Suppressed,Suppressed,0,0,0,0.0
C002181,Browsers / No Purchase,Eligible,Treatment,1,0,0,0.0
C002182,Browsers / No Purchase,Eligible,Treatment,6,1,0,0.0
C002183,Browsers / No Purchase,Eligible,Treatment,5,0,0,0.0
C002184,High-Value Loyalists,Eligible,Treatment,4,0,1,56.18
C002185,New Customers,Eligible,Treatment,5,0,0,0.0
C002186,High-Value Loyalists,Eligible,Treatment,1,0,0,0.0
C002187,Browsers / No Purchase,Eligible,Treatment,6,0,0,0.0
C002188,New Customers,Eligible,Treatment,1,0,0,0.0
C002189,Lapsing Customers,Eligible,Treatment,1,0,1,97.74
C002190,Browsers / No Purchase,Eligible,Treatment,1,0,0,0.0
C002191,High-Value Loyalists,Suppressed,Suppressed,0,0,0,0.0
C002192,New Customers,Eligible,Treatment,3,0,1,156.23
C002193,Browsers / No Purchase,Eligible,Treatment,6,0,1,124.75
C002194,High-Value Loyalists,Eligible,Treatment,1,0,0,0.0
C002195,New Customers,Eligible,Treatment,2,1,0,0.0
C002196,Browsers / No Purchase,Eligible,Treatment,4,0,0,0.0
C002197,High-Value Loyalists,Eligible,Control,0,0,0,0.0
C002198,New Customers,Eligible,Treatment,3,0,0,0.0
C002199,Lapsing Customers,Eligible,Treatment,1,0,0,0.0
C002200,New Customers,Eligible,Treatment,3,1,0,0.0
C002201,High-Value Loyalists,Eligible,Treatment,1,0,0,0.0
C002202,Browsers / No Purchase,Eligible,Treatment,3,1,0,0.0
C002203,Browsers / No Purchase,Eligible,Treatment,2,0,1,51.22
C002204,High-Value Loyalists,Eligible,Treatment,3,0,0,0.0
C002205,Lapsing Customers,Eligible,Treatment,5,0,0,0.0
C002206,New Customers,Suppressed,Suppressed,0,0,0,0.0
C002207,Browsers / No Purchase,Eligible,Treatment,4,2,0,0.0
C002208,Lapsing Customers,Eligible,Treatment,3,1,0,0.0
C002209,High-Value Loyalists,Suppressed,Suppressed,0,0,0,0.0
C002210,High-Value Loyalists,Eligible,Treatment,6,1,0,0.0
C002211,Browsers / No Purchase,Eligible,Treatment,6,1,1,79.31
C002212,Lapsing Customers,Eligible,Treatment,6,0,0,0.0
C002213,Browsers / No Purchase,Suppressed,Suppressed,0,0,0,0.0
C002214,New Customers,Eligible,Treatment,3,0,0,0.0
C002215,Browsers / No Purchase,Eligible,Treatment,1,0,0,0.0
C002216,High-Value Loyalists,Eligible,Treatment,1,0,1,111.27
C002217,High-Value Loyalists,Eligible,Treatment,6,1,0,0.0
C002218,Browsers / No Purchase,Eligible,Treatment,6,0,0,0.0
C002219,Browsers / No Purchase,Eligible,Control,0,0,0,0.0
C002220,Lapsing Customers,Suppressed,Suppressed,0,0,0,0.0
C002221,Lapsing Customers,Eligible,Treatment,1,1,0,0.0
C002222,Lapsing Customers,Eligible,Treatment,1,0,0,0.0
C002223,Lapsing Customers,Eligible,Treatment,6,1,0,0.0
C002224,High-Value Loyalists,Eligible,Treatment,6,0,0,0.0
C002225,Browsers / No Purchase,Eligible,Treatment,4,0,0,0.0
C002226,Lapsing Customers,Eligible,Treatment,4,1,0,0.0
C002227,Browsers / No Purchase,Suppressed,Suppressed,0,0,0,0.0
C002228,High-Value Loyalists,Eligible,Treatment,2,0,0,0.0
C002229,High-Value Loyalists,Eligible,Treatment,6,1,0,0.0
C002230,New Customers,Eligible,Treatment,2,0,0,0.0
C002231,Lapsing Customers,Eligible,Treatment,2,0,1,89.95
C002232,New Customers,Eligible,Treatment,5,0,0,0.0
C002233,High-Value Loyalists,Eligible,Treatment,6,2,0,0.0
C002234,Browsers / No Purchase,Eligible,Control,0,0,0,0.0
C002235,Browsers / No Purchase,Eligible,Treatment,2,0,0,0.0
C002236,Browsers / No Purchase,Eligible,Treatment,5,0,0,0.0
C002237,High-Value Loyalists,Eligible,Treatment,5,1,0,0.0
C002238,Lapsing Customers,Eligible,Treatment,3,0,1,41.0
C002239,Lapsing Customers,Eligible,Treatment,4,0,0,0.0
C002240,New Customers,Suppressed,Suppressed,0,0,0,0.0
C002241,Lapsing Customers,Suppressed,Suppressed,0,0,0,0.0
C002242,High-Value Loyalists,Suppressed,Suppressed,0,0,0,0.0
C002243,Lapsing Customers,Eligible,Treatment,2,0,0,0.0
C002244,Lapsing Customers,Eligible,Treatment,6,0,0,0.0
C002245,Lapsing Customers,Eligible,Treatment,1,0,1,94.33
C002246,High-Value Loyalists,Eligible,Treatment,6,0,1,81.7
C002247,Lapsing Customers,Eligible,Treatment,3,0,0,0.0
C002248,New Customers,Eligible,Treatment,3,0,0,0.0
C002249,Lapsing Customers,Suppressed,Suppressed,0,0,0,0.0
C002250,Lapsing Customers,Eligible,Treatment,3,0,1,59.22
C002251,New Customers,Eligible,Treatment,6,0,0,0.0
C002252,Browsers / No Purchase,Eligible,Treatment,6,1,0,0.0
C002253,Lapsing Customers,Eligible,Treatment,2,0,0,0.0
C002254,New Customers,Suppressed,Suppressed,0,0,1,135.49
C002255,Browsers / No Purchase,Eligible,Treatment,1,0,0,0.0
C002256,New Customers,Eligible,Treatment,3,0,0,0.0
C002257,Browsers / No Purchase,Suppressed,Suppressed,0,0,0,0.0
C002258,Browsers / No Purchase,Eligible,Treatment,4,0,0,0.0
C002259,High-Value Loyalists,Eligible,Control,0,0,0,0.0
C002260,Lapsing Customers,Eligible,Treatment,3,0,0,0.0
C002261,New Customers,Eligible,Treatment,3,0,0,0.0
C002262,Browsers / No Purchase,Eligible,Treatment,1,0,0,0.0
C002263,Lapsing Customers,Eligible,Treatment,6,0,0,0.0
C002264,High-Value Loyalists,Suppressed,Suppressed,0,0,1,106.88
C002265,New Customers,Eligible,Treatment,1,0,0,0.0
C002266,High-Value Loyalists,Eligible,Control,0,0,1,85.15
C002267,Browsers / No Purchase,Eligible,Treatment,4,2,0,0.0
C002268,New Customers,Eligible,Treatment,6,1,0,0.0
C002269,Browsers / No Purchase,Eligible,Treatment,1,0,0,0.0
C002270,Browsers / No Purchase,Eligible,Treatment,4,0,0,0.0
C002271,New Customers,Eligible,Treatment,4,0,0,0.0
C002272,New Customers,Eligible,Treatment,2,0,0,0.0
C002273,Browsers / No Purchase,Eligible,Treatment,2,1,0,0.0
C002274,Browsers / No Purchase,Eligible,Control,0,0,0,0.0
C002275,Browsers / No Purchase,Eligible,Treatment,3,0,0,0.0
C002276,High-Value Loyalists,Eligible,Control,0,0,0,0.0
C002277,New Customers,Eligible,Treatment,3,1,0,0.0
C002278,Lapsing Customers,Eligible,Treatment,2,0,1,59.85
C002279,Browsers / No Purchase,Eligible,Treatment,2,0,0,0.0
C002280,New Customers,Eligible,Treatment,1,0,0,0.0
C002281,Lapsing Customers,Eligible,Treatment,3,0,0,0.0
C002282,High-Value Loyalists,Eligible,Treatment,1,0,1,160.73
C002283,Lapsing Customers,Eligible,Treatment,5,0,0,0.0
C002284,Browsers / No Purchase,Eligible,Treatment,5,0,0,0.0
C002285,Lapsing Customers,Eligible,Treatment,4,0,0,0.0
C002286,High-Value Loyalists,Eligible,Treatment,6,0,0,0.0
C002287,Browsers / No Purchase,Eligible,Treatment,4,0,0,0.0
C002288,Browsers / No Purchase,Suppressed,Suppressed,0,0,0,0.0
C002289,High-Value Loyalists,Eligible,Treatment,4,1,0,0.0
C002290,Lapsing Customers,Eligible,Treatment,2,1,0,0.0
C002291,Browsers / No Purchase,Eligible,Treatment,3,0,0,0.0
C002292,Browsers / No Purchase,Eligible,Treatment,2,0,0,0.0
C002293,New Customers,Eligible,Treatment,3,1,0,0.0
C002294,Lapsing Customers,Eligible,Treatment,2,0,0,0.0
C002295,Lapsing Customers,Eligible,Treatment,2,0,1,100.74
C002296,High-Value Loyalists,Eligible,Treatment,2,0,0,0.0
C002297,Browsers / No Purchase,Eligible,Control,0,0,0,0.0
C002298,High-Value Loyalists,Eligible,Treatment,4,0,0,0.0
C002299,High-Value Loyalists,Suppressed,Suppressed,0,0,0,0.0
C002300,Browsers / No Purchase,Eligible,Treatment,6,0,0,0.0
C002301,Browsers / No Purchase,Eligible,Treatment,4,0,0,0.0
C002302,Browsers / No Purchase,Eligible,Treatment,2,0,0,0.0
C002303,Lapsing Customers,Eligible,Treatment,6,1,0,0.0
C002304,New Customers,Eligible,Treatment,3,0,1,87.73
C002305,Lapsing Customers,Eligible,Treatment,4,0,0,0.0
C002306,Lapsing Customers,Eligible,Treatment,4,0,0,0.0
C002307,New Customers,Eligible,Treatment,6,0,0,0.0
C002308,Lapsing Customers,Eligible,Treatment,3,0,0,0.0
C002309,New Customers,Eligible,Treatment,5,0,0,0.0
C002310,Browsers / No Purchase,Eligible,Treatment,1,0,0,0.0
C002311,Browsers / No Purchase,Suppressed,Suppressed,0,0,0,0.0
C002312,High-Value Loyalists,Eligible,Treatment,1,0,0,0.0
C002313,Lapsing Customers,Eligible,Treatment,6,0,0,0.0
C002314,High-Value Loyalists,Eligible,Treatment,4,2,1,53.41
C002315,Lapsing Customers,Eligible,Treatment,3,1,0,0.0
C002316,Lapsing Customers,Suppressed,Suppressed,0,0,0,0.0
C002317,High-Value Loyalists,Eligible,Treatment,3,0,1,95.23
C002318,Browsers / No Purchase,Eligible,Treatment,4,0,0,0.0
C002319,New Customers,Eligible,Treatment,4,0,0,0.0
C002320,Browsers / No Purchase,Eligible,Treatment,5,1,0,0.0
C002321,High-Value Loyalists,Eligible,Control,0,0,0,0.0
C002322,High-Value Loyalists,Eligible,Treatment,2,0,0,0.0
C002323,Lapsing Customers,Eligible,Treatment,2,0,1,88.74
C002324,High-Value Loyalists,Eligible,Treatment,3,0,0,0.0
C002325,Lapsing Customers,Eligible,Treatment,6,0,0,0.0
C002326,Browsers / No Purchase,Eligible,Treatment,3,2,0,0.0
C002327,Lapsing Customers,Eligible,Treatment,3,1,0,0.0
C002328,High-Value Loyalists,Eligible,Treatment,2,0,1,101.18
C002329,New Customers,Eligible,Treatment,1,0,1,144.13
C002330,New Customers,Eligible,Treatment,5,0,0,0.0
C002331,New Customers,Eligible,Control,0,0,0,0.0
C002332,Lapsing Customers,Eligible,Treatment,2,0,0,0.0
C002333,Browsers / No Purchase,Suppressed,Suppressed,0,0,0,0.0
C002334,High-Value Loyalists,Suppressed,Suppressed,0,0,0,0.0
C002335,Lapsing Customers,Suppressed,Suppressed,0,0,0,0.0
C002336,New Customers,Eligible,Treatment,3,0,0,0.0
C002337,Browsers / No Purchase,Eligible,Treatment,6,1,0,0.0
C002338,Lapsing Customers,Eligible,Treatment,2,0,0,0.0
C002339,New Customers,Eligible,Treatment,6,1,0,0.0
C002340,High-Value Loyalists,Eligible,Treatment,2,0,0,0.0
C002341,High-Value Loyalists,Eligible,Treatment,1,0,0,0.0
C002342,High-Value Loyalists,Eligible,Control,0,0,0,0.0
C002343,Browsers / No Purchase,Eligible,Treatment,2,0,0,0.0
C002344,Lapsing Customers,Eligible,Treatment,2,0,0,0.0
C002345,Browsers / No Purchase,Eligible,Treatment,3,0,0,0.0
C002346,High-Value Loyalists,Eligible,Treatment,5,0,0,0.0
C002347,Browsers / No Purchase,Suppressed,Suppressed,0,0,0,0.0
C002348,Browsers / No Purchase,Eligible,Treatment,4,1,0,0.0
C002349,High-Value Loyalists,Eligible,Treatment,2,0,0,0.0
C002350,High-Value Loyalists,Eligible,Treatment,5,1,0,0.0
C002351,High-Value Loyalists,Suppressed,Suppressed,0,0,0,0.0
C002352,Browsers / No Purchase,Eligible,Treatment,1,0,1,58.96
C002353,Lapsing Customers,Eligible,Treatment,2,0,0,0.0
C002354,New Customers,Suppressed,Suppressed,0,0,0,0.0
C002355,Lapsing Customers,Eligible,Treatment,1,1,0,0.0
C002356,Browsers / No Purchase,Eligible,Treatment,4,0,0,0.0
C002357,New Customers,Eligible,Treatment,5,0,1,120.07
C002358,New Customers,Eligible,Treatment,4,0,0,0.0
C002359,Browsers / No Purchase,Eligible,Treatment,2,0,0,0.0
C002360,High-Value Loyalists,Eligible,Treatment,6,0,1,47.36
C002361,Browsers / No Purchase,Eligible,Treatment,1,0,0,0.0
C002362,High-Value Loyalists,Eligible,Treatment,4,1,0,0.0
C002363,Lapsing Customers,Eligible,Treatment,5,1,0,0.0
C002364,Browsers / No Purchase,Eligible,Treatment,6,0,0,0.0
C002365,New Customers,Eligible,Treatment,1,0,1,60.72
C002366,New Customers,Eligible,Treatment,2,0,0,0.0
C002367,Lapsing Customers,Eligible,Treatment,6,1,0,0.0
C002368,Lapsing Customers,Eligible,Treatment,5,0,0,0.0
C002369,Lapsing Customers,Eligible,Treatment,1,0,0,0.0
C002370,New Customers,Eligible,Treatment,6,0,0,0.0
C002371,Lapsing Customers,Eligible,Treatment,5,0,0,0.0
C002372,Lapsing Customers,Eligible,Treatment,2,0,0,0.0
C002373,Lapsing Customers,Eligible,Treatment,2,0,0,0.0
C002374,Lapsing Customers,Eligible,Control,0,0,0,0.0
C002375,Lapsing Customers,Eligible,Treatment,5,0,0,0.0
C002376,High-Value Loyalists,Eligible,Treatment,6,1,0,0.0
C002377,Browsers / No Purchase,Eligible,Treatment,3,0,0,0.0
C002378,New Customers,Eligible,Treatment,3,0,0,0.0
C002379,High-Value Loyalists,Eligible,Treatment,5,0,1,40.14
C002380,New Customers,Eligible,Control,0,0,0,0.0
C002381,Browsers / No Purchase,Eligible,Treatment,5,2,0,0.0
C002382,Lapsing Customers,Eligible,Treatment,1,0,0,0.0
C002383,High-Value Loyalists,Eligible,Treatment,3,1,0,0.0
C002384,High-Value Loyalists,Suppressed,Suppressed,0,0,0,0.0
C002385,High-Value Loyalists,Suppressed,Suppressed,0,0,0,0.0
C002386,Browsers / No Purchase,Eligible,Treatment,4,0,0,0.0
C002387,Browsers / No Purchase,Eligible,Treatment,5,0,0,0.0
C002388,High-Value Loyalists,Eligible,Control,0,0,1,49.91
C002389,Browsers / No Purchase,Eligible,Treatment,6,1,0,0.0
C002390,High-Value Loyalists,Suppressed,Suppressed,0,0,0,0.0
C002391,New Customers,Eligible,Treatment,4,1,0,0.0
C002392,Browsers / No Purchase,Eligible,Treatment,4,0,0,0.0
C002393,Lapsing Customers,Eligible,Control,0,0,0,0.0
C002394,High-Value Loyalists,Eligible,Treatment,6,3,1,78.92
C002395,New Customers,Eligible,Treatment,3,0,0,0.0
C002396,Browsers / No Purchase,Eligible,Treatment,1,0,0,0.0
C002397,Lapsing Customers,Eligible,Treatment,2,0,0,0.0
C002398,High-Value Loyalists,Eligible,Treatment,4,0,0,0.0
C002399,High-Value Loyalists,Eligible,Treatment,5,0,0,0.0
C002400,New Customers,Eligible,Treatment,3,1,0,0.0
C002401,New Customers,Eligible,Treatment,4,0,0,0.0
C002402,Browsers / No Purchase,Eligible,Treatment,6,1,0,0.0
C002403,Browsers / No Purchase,Eligible,Treatment,1,0,0,0.0
C002404,Browsers / No Purchase,Eligible,Treatment,6,0,0,0.0
C002405,Browsers / No Purchase,Eligible,Treatment,4,0,0,0.0
C002406,Lapsing Customers,Eligible,Treatment,2,0,0,0.0
C002407,New Customers,Eligible,Treatment,1,0,0,0.0
C002408,Lapsing Customers,Eligible,Treatment,6,0,0,0.0
C002409,Lapsing Customers,Eligible,Treatment,4,1,0,0.0
C002410,Browsers / No Purchase,Eligible,Treatment,4,0,0,0.0
C002411,New Customers,Eligible,Treatment,4,0,0,0.0
C002412,Browsers / No Purchase,Suppressed,Suppressed,0,0,0,0.0
C002413,Lapsing Customers,Suppressed,Suppressed,0,0,0,0.0
C002414,New Customers,Eligible,Control,0,0,0,0.0
C002415,New Customers,Suppressed,Suppressed,0,0,1,109.85
C002416,High-Value Loyalists,Eligible,Control,0,0,0,0.0
C002417,Lapsing Customers,Eligible,Treatment,1,0,1,59.86
C002418,New Customers,Eligible,Treatment,4,0,0,0.0
C002419,High-Value Loyalists,Eligible,Treatment,3,0,0,0.0
C002420,Browsers / No Purchase,Eligible,Treatment,3,0,0,0.0
C002421,High-Value Loyalists,Eligible,Treatment,1,0,0,0.0
C002422,High-Value Loyalists,Eligible,Control,0,0,0,0.0
C002423,Browsers / No Purchase,Eligible,Treatment,4,0,0,0.0
C002424,High-Value Loyalists,Eligible,Treatment,6,0,0,0.0
C002425,Browsers / No Purchase,Eligible,Treatment,2,0,0,0.0
C002426,Browsers / No Purchase,Eligible,Treatment,4,0,1,58.93
C002427,High-Value Loyalists,Suppressed,Suppressed,0,0,0,0.0
C002428,New Customers,Eligible,Treatment,6,0,0,0.0
C002429,New Customers,Eligible,Treatment,4,1,0,0.0
C002430,Browsers / No Purchase,Eligible,Treatment,2,0,0,0.0
C002431,Browsers / No Purchase,Eligible,Treatment,1,0,0,0.0
C002432,Browsers / No Purchase,Eligible,Control,0,0,0,0.0
C002433,New Customers,Eligible,Treatment,5,0,0,0.0
C002434,Lapsing Customers,Eligible,Treatment,6,1,0,0.0
C002435,New Customers,Suppressed,Suppressed,0,0,0,0.0
C002436,Browsers / No Purchase,Eligible,Treatment,5,1,0,0.0
C002437,New Customers,Eligible,Treatment,2,1,1,28.0
C002438,New Customers,Eligible,Treatment,2,0,0,0.0
C002439,Lapsing Customers,Eligible,Control,0,0,0,0.0
C002440,Browsers / No Purchase,Eligible,Treatment,3,0,0,0.0
C002441,Browsers / No Purchase,Eligible,Treatment,4,0,1,74.43
C002442,High-Value Loyalists,Eligible,Treatment,2,0,0,0.0
C002443,Lapsing Customers,Eligible,Treatment,1,1,0,0.0
C002444,New Customers,Eligible,Treatment,5,0,1,63.19
C002445,New Customers,Eligible,Treatment,1,0,0,0.0
C002446,New Customers,Eligible,Treatment,2,0,0,0.0
C002447,High-Value Loyalists,Eligible,Control,0,0,0,0.0
C002448,Lapsing Customers,Eligible,Treatment,1,0,0,0.0
C002449,New Customers,Eligible,Treatment,1,0,0,0.0
C002450,New Customers,Eligible,Treatment,5,1,0,0.0
C002451,New Customers,Eligible,Treatment,2,0,0,0.0
C002452,Browsers / No Purchase,Eligible,Control,0,0,0,0.0
C002453,New Customers,Suppressed,Suppressed,0,0,0,0.0
C002454,Browsers / No Purchase,Eligible,Treatment,4,0,0,0.0
C002455,New Customers,Eligible,Treatment,6,0,1,34.25
C002456,New Customers,Eligible,Treatment,2,0,0,0.0
C002457,New Customers,Eligible,Treatment,6,2,0,0.0
C002458,High-Value Loyalists,Eligible,Treatment,3,1,0,0.0
C002459,Lapsing Customers,Eligible,Treatment,4,0,0,0.0
C002460,New Customers,Eligible,Treatment,1,0,1,150.28
C002461,Browsers / No Purchase,Eligible,Treatment,1,0,0,0.0
C002462,New Customers,Eligible,Treatment,1,1,0,0.0
C002463,High-Value Loyalists,Eligible,Treatment,5,1,0,0.0
C002464,New Customers,Eligible,Control,0,0,0,0.0
C002465,Lapsing Customers,Eligible,Treatment,5,0,0,0.0
C002466,Browsers / No Purchase,Eligible,Treatment,3,0,0,0.0
C002467,Browsers / No Purchase,Eligible,Treatment,3,0,0,0.0
C002468,New Customers,Eligible,Treatment,3,0,0,0.0
C002469,New Customers,Eligible,Treatment,3,0,0,0.0
C002470,Lapsing Customers,Eligible,Treatment,1,0,0,0.0
C002471,Lapsing Customers,Eligible,Treatment,2,0,0,0.0
C002472,Browsers / No Purchase,Suppressed,Suppressed,0,0,0,0.0
C002473,Browsers / No Purchase,Eligible,Treatment,5,0,0,0.0
C002474,New Customers,Suppressed,Suppressed,0,0,0,0.0
C002475,Lapsing Customers,Eligible,Treatment,3,0,0,0.0
C002476,High-Value Loyalists,Eligible,Treatment,3,0,0,0.0
C002477,High-Value Loyalists,Eligible,Treatment,5,1,1,56.34
C002478,High-Value Loyalists,Eligible,Treatment,6,0,0,0.0
C002479,Lapsing Customers,Suppressed,Suppressed,0,0,0,0.0
C002480,Browsers / No Purchase,Eligible,Control,0,0,0,0.0
C002481,New Customers,Eligible,Treatment,4,0,0,0.0
C002482,Lapsing Customers,Eligible,Treatment,3,1,0,0.0
C002483,High-Value Loyalists,Eligible,Treatment,6,1,1,63.39
C002484,Lapsing Customers,Eligible,Treatment,4,0,0,0.0
C002485,Browsers / No Purchase,Eligible,Treatment,1,0,0,0.0
C002486,Lapsing Customers,Eligible,Treatment,2,0,1,143.7
C002487,Browsers / No Purchase,Eligible,Treatment,2,0,0,0.0
C002488,Browsers / No Purchase,Eligible,Treatment,2,1,0,0.0
C002489,High-Value Loyalists,Eligible,Treatment,3,0,0,0.0
C002490,New Customers,Suppressed,Suppressed,0,0,0,0.0
C002491,Browsers / No Purchase,Eligible,Treatment,5,2,0,0.0
C002492,Lapsing Customers,Eligible,Treatment,5,1,0,0.0
C002493,High-Value Loyalists,Eligible,Treatment,3,0,0,0.0
C002494,Browsers / No Purchase,Eligible,Treatment,5,1,0,0.0
C002495,Browsers / No Purchase,Eligible,Control,0,0,0,0.0
C002496,New Customers,Eligible,Treatment,3,1,0,0.0
C002497,New Customers,Eligible,Treatment,3,0,0,0.0
C002498,Lapsing Customers,Eligible,Control,0,0,0,0.0
C002499,Browsers / No Purchase,Eligible,Treatment,4,0,0,0.0
C002500,New Customers,Eligible,Treatment,2,1,0,0.0
C002501,High-Value Loyalists,Suppressed,Suppressed,0,0,0,0.0
C002502,New Customers,Eligible,Treatment,3,0,0,0.0
C002503,Browsers / No Purchase,Eligible,Treatment,5,0,0,0.0
C002504,Browsers / No Purchase,Eligible,Treatment,2,0,0,0.0
C002505,Lapsing Customers,Eligible,Treatment,1,0,0,0.0
C002506,High-Value Loyalists,Eligible,Treatment,5,0,0,0.0
C002507,Browsers / No Purchase,Eligible,Treatment,2,0,0,0.0
C002508,Browsers / No Purchase,Suppressed,Suppressed,0,0,0,0.0
C002509,New Customers,Eligible,Treatment,1,0,1,81.18
C002510,New Customers,Eligible,Treatment,3,1,0,0.0
C002511,Lapsing Customers,Eligible,Treatment,3,0,0,0.0
C002512,Lapsing Customers,Eligible,Treatment,6,1,0,0.0
C002513,High-Value Loyalists,Eligible,Treatment,5,0,0,0.0
C002514,High-Value Loyalists,Eligible,Treatment,3,1,1,19.6
C002515,Lapsing Customers,Eligible,Control,0,0,0,0.0
C002516,Browsers / No Purchase,Eligible,Treatment,5,0,0,0.0
C002517,High-Value Loyalists,Eligible,Treatment,1,0,1,119.77
C002518,Lapsing Customers,Suppressed,Suppressed,0,0,1,48.31
C002519,New Customers,Suppressed,Suppressed,0,0,0,0.0
C002520,Lapsing Customers,Eligible,Treatment,4,0,0,0.0
C002521,High-Value Loyalists,Eligible,Treatment,6,1,0,0.0
C002522,New Customers,Eligible,Treatment,4,0,0,0.0
C002523,Lapsing Customers,Eligible,Treatment,2,0,0,0.0
C002524,New Customers,Eligible,Treatment,4,0,0,0.0
C002525,Browsers / No Purchase,Eligible,Treatment,2,0,0,0.0
C002526,High-Value Loyalists,Eligible,Treatment,1,0,0,0.0
C002527,Browsers / No Purchase,Eligible,Treatment,4,0,1,51.11
C002528,Browsers / No Purchase,Eligible,Treatment,1,0,0,0.0
C002529,Browsers / No Purchase,Eligible,Treatment,2,0,0,0.0
C002530,New Customers,Eligible,Treatment,1,0,1,87.61
C002531,New Customers,Eligible,Treatment,5,0,0,0.0
C002532,New Customers,Suppressed,Suppressed,0,0,1,79.86
C002533,New Customers,Eligible,Treatment,6,0,0,0.0
C002534,High-Value Loyalists,Eligible,Treatment,6,2,1,35.03
C002535,Browsers / No Purchase,Eligible,Treatment,6,0,0,0.0
C002536,New Customers,Eligible,Treatment,2,0,0,0.0
C002537,Browsers / No Purchase,Eligible,Control,0,0,0,0.0
C002538,Lapsing Customers,Eligible,Treatment,2,0,0,0.0
C002539,High-Value Loyalists,Eligible,Treatment,6,0,0,0.0
C002540,New Customers,Eligible,Treatment,3,0,0,0.0
C002541,New Customers,Eligible,Treatment,5,0,0,0.0
C002542,Lapsing Customers,Eligible,Treatment,3,0,0,0.0
C002543,Lapsing Customers,Eligible,Treatment,4,1,0,0.0
C002544,Lapsing Customers,Eligible,Treatment,4,2,0,0.0
C002545,New Customers,Suppressed,Suppressed,0,0,0,0.0
C002546,Lapsing Customers,Eligible,Treatment,3,1,0,0.0
C002547,Browsers / No Purchase,Eligible,Treatment,6,0,0,0.0
C002548,High-Value Loyalists,Suppressed,Suppressed,0,0,0,0.0
C002549,Lapsing Customers,Suppressed,Suppressed,0,0,0,0.0
C002550,Lapsing Customers,Suppressed,Suppressed,0,0,0,0.0
C002551,New Customers,Eligible,Treatment,6,0,0,0.0
C002552,New Customers,Suppressed,Suppressed,0,0,0,0.0
C002553,New Customers,Eligible,Control,0,0,0,0.0
C002554,Browsers / No Purchase,Eligible,Treatment,5,1,0,0.0
C002555,Lapsing Customers,Eligible,Treatment,3,0,0,0.0
C002556,New Customers,Eligible,Treatment,6,0,0,0.0
C002557,High-Value Loyalists,Suppressed,Suppressed,0,0,0,0.0
C002558,Lapsing Customers,Eligible,Treatment,4,0,0,0.0
C002559,Lapsing Customers,Eligible,Treatment,3,0,0,0.0
C002560,High-Value Loyalists,Eligible,Treatment,4,0,0,0.0
C002561,New Customers,Eligible,Control,0,0,0,0.0
C002562,New Customers,Eligible,Treatment,4,0,0,0.0
C002563,Browsers / No Purchase,Eligible,Treatment,3,0,0,0.0
C002564,New Customers,Eligible,Treatment,1,0,0,0.0
C002565,New Customers,Eligible,Treatment,2,0,0,0.0
C002566,Lapsing Customers,Eligible,Treatment,2,0,0,0.0
C002567,High-Value Loyalists,Eligible,Treatment,2,0,1,107.9
C002568,High-Value Loyalists,Eligible,Control,0,0,0,0.0
C002569,New Customers,Eligible,Treatment,5,0,0,0.0
C002570,Browsers / No Purchase,Eligible,Treatment,6,1,0,0.0
C002571,High-Value Loyalists,Eligible,Treatment,1,0,0,0.0
C002572,New Customers,Eligible,Treatment,6,0,0,0.0
C002573,Browsers / No Purchase,Eligible,Treatment,4,1,0,0.0
C002574,Browsers / No Purchase,Eligible,Treatment,5,0,0,0.0
C002575,New Customers,Eligible,Treatment,6,0,0,0.0
C002576,New Customers,Eligible,Treatment,2,0,0,0.0
C002577,New Customers,Eligible,Treatment,6,0,1,56.11
C002578,Browsers / No Purchase,Suppressed,Suppressed,0,0,0,0.0
C002579,High-Value Loyalists,Suppressed,Suppressed,0,0,0,0.0
C002580,Browsers / No Purchase,Eligible,Treatment,4,0,0,0.0
C002581,High-Value Loyalists,Eligible,Control,0,0,0,0.0
C002582,Browsers / No Purchase,Eligible,Treatment,1,1,1,81.97
C002583,High-Value Loyalists,Eligible,Treatment,1,0,0,0.0
C002584,High-Value Loyalists,Eligible,Treatment,1,0,0,0.0
C002585,High-Value Loyalists,Eligible,Treatment,5,1,0,0.0
C002586,Lapsing Customers,Eligible,Treatment,4,1,0,0.0
C002587,Lapsing Customers,Eligible,Treatment,3,0,0,0.0
C002588,High-Value Loyalists,Eligible,Treatment,4,0,0,0.0
C002589,Lapsing Customers,Eligible,Treatment,4,0,0,0.0
C002590,Lapsing Customers,Eligible,Treatment,2,0,0,0.0
C002591,Browsers / No Purchase,Eligible,Treatment,4,0,0,0.0
C002592,Browsers / No Purchase,Eligible,Treatment,6,0,0,0.0
C002593,New Customers,Eligible,Treatment,6,0,0,0.0
C002594,High-Value Loyalists,Eligible,Treatment,2,0,0,0.0
C002595,Lapsing Customers,Eligible,Treatment,2,0,0,0.0
C002596,Browsers / No Purchase,Eligible,Treatment,1,0,1,123.07
C002597,High-Value Loyalists,Eligible,Treatment,6,1,0,0.0
C002598,Lapsing Customers,Eligible,Treatment,3,0,0,0.0
C002599,Browsers / No Purchase,Eligible,Control,0,0,0,0.0
C002600,Browsers / No Purchase,Eligible,Treatment,3,1,0,0.0
C002601,Lapsing Customers,Eligible,Treatment,1,0,0,0.0
C002602,New Customers,Eligible,Treatment,3,1,0,0.0
C002603,Lapsing Customers,Eligible,Control,0,0,0,0.0
C002604,Browsers / No Purchase,Eligible,Treatment,5,1,0,0.0
C002605,High-Value Loyalists,Eligible,Treatment,3,0,0,0.0
C002606,High-Value Loyalists,Eligible,Treatment,2,0,0,0.0
C002607,New Customers,Eligible,Treatment,2,1,0,0.0
C002608,Lapsing Customers,Eligible,Treatment,4,0,1,68.6
C002609,New Customers,Eligible,Treatment,2,0,0,0.0
C002610,Lapsing Customers,Eligible,Treatment,4,1,0,0.0
C002611,Browsers / No Purchase,Suppressed,Suppressed,0,0,0,0.0
C002612,Browsers / No Purchase,Eligible,Treatment,6,0,0,0.0
C002613,New Customers,Eligible,Treatment,1,0,0,0.0
C002614,Browsers / No Purchase,Eligible,Treatment,5,1,0,0.0
C002615,Lapsing Customers,Eligible,Treatment,6,0,0,0.0
C002616,New Customers,Suppressed,Suppressed,0,0,0,0.0
C002617,High-Value Loyalists,Eligible,Treatment,6,0,0,0.0
C002618,Browsers / No Purchase,Eligible,Control,0,0,0,0.0
C002619,Browsers / No Purchase,Eligible,Treatment,4,0,1,162.97
C002620,Browsers / No Purchase,Eligible,Treatment,1,0,0,0.0
C002621,Browsers / No Purchase,Eligible,Treatment,5,1,0,0.0
C002622,Browsers / No Purchase,Eligible,Control,0,0,0,0.0
C002623,Lapsing Customers,Eligible,Treatment,2,1,1,110.5
C002624,Browsers / No Purchase,Eligible,Treatment,6,0,0,0.0
C002625,New Customers,Eligible,Treatment,3,0,0,0.0
C002626,Lapsing Customers,Eligible,Treatment,5,1,0,0.0
C002627,New Customers,Eligible,Treatment,2,0,0,0.0
C002628,Lapsing Customers,Eligible,Treatment,6,1,0,0.0
C002629,Lapsing Customers,Eligible,Treatment,6,2,0,0.0
C002630,Lapsing Customers,Eligible,Treatment,1,0,0,0.0
C002631,High-Value Loyalists,Eligible,Treatment,6,0,1,26.6
C002632,New Customers,Suppressed,Suppressed,0,0,0,0.0
C002633,Browsers / No Purchase,Eligible,Treatment,1,0,0,0.0
C002634,New Customers,Eligible,Control,0,0,1,62.74
C002635,New Customers,Eligible,Treatment,3,0,0,0.0
C002636,Lapsing Customers,Eligible,Treatment,1,0,0,0.0
C002637,Lapsing Customers,Eligible,Treatment,5,0,0,0.0
C002638,Lapsing Customers,Eligible,Control,0,0,0,0.0
C002639,Browsers / No Purchase,Eligible,Treatment,2,0,0,0.0
C002640,High-Value Loyalists,Eligible,Treatment,6,0,1,104.94
C002641,Browsers / No Purchase,Eligible,Treatment,3,0,0,0.0
C002642,Browsers / No Purchase,Eligible,Treatment,5,0,0,0.0
C002643,New Customers,Eligible,Treatment,3,0,0,0.0
C002644,Browsers / No Purchase,Eligible,Treatment,4,1,0,0.0
C002645,Lapsing Customers,Eligible,Treatment,4,0,1,61.12
C002646,Browsers / No Purchase,Eligible,Treatment,6,0,0,0.0
C002647,Browsers / No Purchase,Eligible,Treatment,5,0,0,0.0
C002648,Browsers / No Purchase,Eligible,Treatment,4,0,0,0.0
C002649,New Customers,Eligible,Treatment,1,1,0,0.0
C002650,Browsers / No Purchase,Eligible,Treatment,1,0,0,0.0
C002651,Browsers / No Purchase,Eligible,Treatment,1,0,0,0.0
C002652,Lapsing Customers,Suppressed,Suppressed,0,0,0,0.0
C002653,Browsers / No Purchase,Eligible,Control,0,0,0,0.0
C002654,Browsers / No Purchase,Eligible,Treatment,1,0,0,0.0
C002655,Lapsing Customers,Suppressed,Suppressed,0,0,0,0.0
C002656,Browsers / No Purchase,Suppressed,Suppressed,0,0,0,0.0
C002657,Lapsing Customers,Eligible,Treatment,6,0,0,0.0
C002658,New Customers,Eligible,Control,0,0,0,0.0
C002659,High-Value Loyalists,Eligible,Control,0,0,0,0.0
C002660,Lapsing Customers,Eligible,Treatment,6,0,0,0.0
C002661,Browsers / No Purchase,Eligible,Treatment,3,0,0,0.0
C002662,Lapsing Customers,Eligible,Treatment,1,0,0,0.0
C002663,Lapsing Customers,Eligible,Treatment,6,0,1,58.86
C002664,Lapsing Customers,Eligible,Treatment,6,0,0,0.0
C002665,New Customers,Suppressed,Suppressed,0,0,0,0.0
C002666,Browsers / No Purchase,Eligible,Treatment,2,0,0,0.0
C002667,Browsers / No Purchase,Suppressed,Suppressed,0,0,0,0.0
C002668,High-Value Loyalists,Eligible,Treatment,3,0,0,0.0
C002669,New Customers,Suppressed,Suppressed,0,0,0,0.0
C002670,Lapsing Customers,Eligible,Treatment,6,0,0,0.0
C002671,New Customers,Eligible,Treatment,6,0,0,0.0
C002672,Lapsing Customers,Eligible,Treatment,3,1,0,0.0
C002673,Lapsing Customers,Eligible,Treatment,5,1,0,0.0
C002674,Lapsing Customers,Eligible,Treatment,5,1,0,0.0
C002675,New Customers,Eligible,Treatment,3,0,0,0.0
C002676,New Customers,Suppressed,Suppressed,0,0,0,0.0
C002677,Lapsing Customers,Eligible,Treatment,5,0,0,0.0
C002678,Browsers / No Purchase,Eligible,Treatment,2,0,0,0.0
C002679,Browsers / No Purchase,Eligible,Treatment,3,1,0,0.0
C002680,Lapsing Customers,Eligible,Treatment,2,0,0,0.0
C002681,Browsers / No Purchase,Eligible,Control,0,0,0,0.0
C002682,Browsers / No Purchase,Eligible,Treatment,4,0,0,0.0
C002683,High-Value Loyalists,Eligible,Treatment,1,0,0,0.0
C002684,New Customers,Eligible,Treatment,3,0,0,0.0
C002685,Lapsing Customers,Eligible,Treatment,5,0,0,0.0
C002686,Browsers / No Purchase,Eligible,Treatment,3,1,0,0.0
C002687,Lapsing Customers,Eligible,Treatment,4,1,0,0.0
C002688,New Customers,Eligible,Control,0,0,0,0.0
C002689,Lapsing Customers,Eligible,Treatment,1,0,0,0.0
C002690,New Customers,Eligible,Treatment,6,0,0,0.0
C002691,Browsers / No Purchase,Eligible,Treatment,5,0,0,0.0
C002692,Lapsing Customers,Suppressed,Suppressed,0,0,1,60.51
C002693,Browsers / No Purchase,Eligible,Treatment,3,0,0,0.0
C002694,Browsers / No Purchase,Eligible,Treatment,2,0,0,0.0
C002695,Browsers / No Purchase,Eligible,Treatment,4,0,0,0.0
C002696,High-Value Loyalists,Eligible,Control,0,0,0,0.0
C002697,Browsers / No Purchase,Eligible,Treatment,4,0,0,0.0
C002698,High-Value Loyalists,Eligible,Treatment,4,0,1,121.63
C002699,Lapsing Customers,Eligible,Treatment,5,1,1,175.92
C002700,Browsers / No Purchase,Eligible,Treatment,5,0,0,0.0
C002701,New Customers,Eligible,Treatment,5,0,0,0.0
C002702,New Customers,Eligible,Treatment,6,0,0,0.0
C002703,Lapsing Customers,Eligible,Treatment,5,1,0,0.0
C002704,Browsers / No Purchase,Suppressed,Suppressed,0,0,0,0.0
C002705,Browsers / No Purchase,Eligible,Treatment,2,0,0,0.0
C002706,Lapsing Customers,Suppressed,Suppressed,0,0,0,0.0
C002707,Browsers / No Purchase,Eligible,Treatment,1,0,0,0.0
C002708,Lapsing Customers,Eligible,Treatment,2,0,0,0.0
C002709,High-Value Loyalists,Eligible,Control,0,0,0,0.0
C002710,New Customers,Eligible,Treatment,2,0,0,0.0
C002711,Browsers / No Purchase,Eligible,Treatment,5,1,0,0.0
C002712,Lapsing Customers,Eligible,Treatment,5,0,0,0.0
C002713,Lapsing Customers,Eligible,Treatment,3,0,0,0.0
C002714,High-Value Loyalists,Eligible,Treatment,2,1,0,0.0
C002715,Browsers / No Purchase,Eligible,Treatment,3,0,0,0.0
C002716,Lapsing Customers,Suppressed,Suppressed,0,0,0,0.0
C002717,New Customers,Eligible,Treatment,4,0,0,0.0
C002718,Browsers / No Purchase,Eligible,Treatment,3,2,0,0.0
C002719,High-Value Loyalists,Suppressed,Suppressed,0,0,0,0.0
C002720,New Customers,Eligible,Treatment,3,1,0,0.0
C002721,New Customers,Eligible,Control,0,0,0,0.0
C002722,Browsers / No Purchase,Eligible,Treatment,1,0,0,0.0
C002723,Lapsing Customers,Eligible,Treatment,4,0,1,49.01
C002724,Lapsing Customers,Eligible,Treatment,3,0,0,0.0
C002725,High-Value Loyalists,Eligible,Treatment,2,0,0,0.0
C002726,Browsers / No Purchase,Eligible,Treatment,3,0,0,0.0
C002727,Browsers / No Purchase,Eligible,Treatment,5,1,0,0.0
C002728,High-Value Loyalists,Suppressed,Suppressed,0,0,1,110.91
C002729,Lapsing Customers,Eligible,Control,0,0,0,0.0
C002730,Browsers / No Purchase,Eligible,Treatment,3,0,0,0.0
C002731,High-Value Loyalists,Eligible,Treatment,6,1,0,0.0
C002732,Lapsing Customers,Eligible,Treatment,1,0,1,82.56
C002733,New Customers,Eligible,Treatment,6,0,0,0.0
C002734,Lapsing Customers,Eligible,Treatment,5,0,0,0.0
C002735,Lapsing Customers,Eligible,Treatment,2,0,1,61.08
C002736,Lapsing Customers,Eligible,Treatment,6,0,0,0.0
C002737,High-Value Loyalists,Eligible,Treatment,4,0,1,54.94
C002738,New Customers,Eligible,Treatment,5,1,0,0.0
C002739,Browsers / No Purchase,Eligible,Control,0,0,0,0.0
C002740,New Customers,Eligible,Treatment,1,0,0,0.0
C002741,High-Value Loyalists,Eligible,Treatment,3,0,1,111.75
C002742,Browsers / No Purchase,Eligible,Treatment,4,0,0,0.0
C002743,High-Value Loyalists,Eligible,Treatment,1,0,0,0.0
C002744,Browsers / No Purchase,Eligible,Treatment,2,0,0,0.0
C002745,Lapsing Customers,Eligible,Treatment,2,2,0,0.0
C002746,Browsers / No Purchase,Eligible,Treatment,3,0,0,0.0
C002747,Lapsing Customers,Eligible,Treatment,2,0,0,0.0
C002748,High-Value Loyalists,Eligible,Treatment,6,0,1,53.62
C002749,New Customers,Eligible,Treatment,5,0,0,0.0
C002750,High-Value Loyalists,Eligible,Treatment,1,0,0,0.0
C002751,Lapsing Customers,Eligible,Treatment,2,0,0,0.0
C002752,Browsers / No Purchase,Eligible,Treatment,6,0,0,0.0
C002753,Browsers / No Purchase,Eligible,Treatment,5,1,0,0.0
C002754,High-Value Loyalists,Eligible,Treatment,3,0,0,0.0
C002755,Browsers / No Purchase,Eligible,Treatment,2,0,0,0.0
C002756,Browsers / No Purchase,Eligible,Treatment,4,1,1,105.14
C002757,Browsers / No Purchase,Eligible,Treatment,5,0,0,0.0
C002758,New Customers,Eligible,Control,0,0,0,0.0
C002759,New Customers,Suppressed,Suppressed,0,0,0,0.0
C002760,New Customers,Eligible,Treatment,4,0,0,0.0
C002761,New Customers,Eligible,Treatment,4,1,0,0.0
C002762,Browsers / No Purchase,Eligible,Control,0,0,0,0.0
C002763,High-Value Loyalists,Eligible,Treatment,2,0,0,0.0
C002764,Lapsing Customers,Eligible,Treatment,1,0,0,0.0
C002765,High-Value Loyalists,Eligible,Treatment,4,1,1,75.12
C002766,Browsers / No Purchase,Eligible,Treatment,2,0,0,0.0
C002767,Lapsing Customers,Suppressed,Suppressed,0,0,0,0.0
C002768,New Customers,Eligible,Treatment,5,0,0,0.0
C002769,Browsers / No Purchase,Eligible,Treatment,5,1,0,0.0
C002770,Browsers / No Purchase,Eligible,Control,0,0,0,0.0
C002771,High-Value Loyalists,Eligible,Treatment,4,0,1,27.33
C002772,Browsers / No Purchase,Eligible,Treatment,4,2,0,0.0
C002773,Browsers / No Purchase,Eligible,Treatment,5,0,0,0.0
C002774,High-Value Loyalists,Eligible,Treatment,6,1,0,0.0
C002775,Browsers / No Purchase,Eligible,Treatment,6,0,0,0.0
C002776,Lapsing Customers,Suppressed,Suppressed,0,0,0,0.0
C002777,New Customers,Eligible,Treatment,2,0,0,0.0
C002778,New Customers,Eligible,Treatment,6,0,0,0.0
C002779,Lapsing Customers,Eligible,Treatment,4,0,0,0.0
C002780,High-Value Loyalists,Suppressed,Suppressed,0,0,0,0.0
C002781,High-Value Loyalists,Eligible,Treatment,4,0,0,0.0
C002782,High-Value Loyalists,Eligible,Treatment,6,1,0,0.0
C002783,New Customers,Eligible,Treatment,5,1,0,0.0
C002784,Lapsing Customers,Eligible,Treatment,3,1,0,0.0
C002785,Lapsing Customers,Suppressed,Suppressed,0,0,0,0.0
C002786,New Customers,Eligible,Treatment,5,0,1,72.5
C002787,New Customers,Eligible,Treatment,5,1,0,0.0
C002788,New Customers,Eligible,Treatment,6,2,0,0.0
C002789,Browsers / No Purchase,Eligible,Treatment,3,0,0,0.0
C002790,Lapsing Customers,Eligible,Treatment,6,0,0,0.0
C002791,Browsers / No Purchase,Eligible,Treatment,2,0,0,0.0
C002792,High-Value Loyalists,Eligible,Treatment,1,1,0,0.0
C002793,Browsers / No Purchase,Eligible,Treatment,2,1,0,0.0
C002794,Browsers / No Purchase,Eligible,Treatment,5,1,0,0.0
C002795,Browsers / No Purchase,Eligible,Treatment,2,0,0,0.0
C002796,New Customers,Eligible,Control,0,0,0,0.0
C002797,New Customers,Eligible,Treatment,3,0,0,0.0
C002798,Lapsing Customers,Suppressed,Suppressed,0,0,0,0.0
C002799,New Customers,Eligible,Treatment,2,1,0,0.0
C002800,Browsers / No Purchase,Eligible,Control,0,0,0,0.0
C002801,Browsers / No Purchase,Suppressed,Suppressed,0,0,0,0.0
C002802,New Customers,Eligible,Treatment,3,0,0,0.0
C002803,High-Value Loyalists,Eligible,Treatment,5,0,0,0.0
C002804,New Customers,Suppressed,Suppressed,0,0,0,0.0
C002805,High-Value Loyalists,Eligible,Treatment,1,0,1,46.76
C002806,Lapsing Customers,Eligible,Treatment,5,1,0,0.0
C002807,Lapsing Customers,Eligible,Treatment,3,0,0,0.0
C002808,Browsers / No Purchase,Suppressed,Suppressed,0,0,0,0.0
C002809,High-Value Loyalists,Eligible,Treatment,1,0,0,0.0
C002810,High-Value Loyalists,Suppressed,Suppressed,0,0,0,0.0
C002811,High-Value Loyalists,Eligible,Treatment,6,0,1,52.49
C002812,Browsers / No Purchase,Eligible,Treatment,3,0,0,0.0
C002813,New Customers,Eligible,Treatment,5,1,1,47.22
C002814,High-Value Loyalists,Suppressed,Suppressed,0,0,0,0.0
C002815,High-Value Loyalists,Suppressed,Suppressed,0,0,0,0.0
C002816,New Customers,Eligible,Treatment,5,0,0,0.0
C002817,Lapsing Customers,Eligible,Treatment,2,0,0,0.0
C002818,New Customers,Eligible,Treatment,6,0,1,54.95
C002819,Lapsing Customers,Eligible,Treatment,2,0,0,0.0
C002820,Browsers / No Purchase,Eligible,Treatment,2,0,0,0.0
C002821,Lapsing Customers,Suppressed,Suppressed,0,0,0,0.0
C002822,New Customers,Eligible,Treatment,2,0,0,0.0
C002823,High-Value Loyalists,Eligible,Treatment,6,0,0,0.0
C002824,Browsers / No Purchase,Eligible,Treatment,4,0,0,0.0
C002825,Browsers / No Purchase,Eligible,Treatment,4,0,0,0.0
C002826,Browsers / No Purchase,Eligible,Treatment,3,0,1,66.57
C002827,Lapsing Customers,Eligible,Treatment,2,0,0,0.0
C002828,Lapsing Customers,Suppressed,Suppressed,0,0,0,0.0
C002829,Browsers / No Purchase,Eligible,Treatment,5,1,0,0.0
C002830,Browsers / No Purchase,Eligible,Treatment,1,0,0,0.0
C002831,Lapsing Customers,Eligible,Treatment,2,0,0,0.0
C002832,Lapsing Customers,Eligible,Treatment,4,2,0,0.0
C002833,Lapsing Customers,Eligible,Treatment,3,0,0,0.0
C002834,Browsers / No Purchase,Eligible,Treatment,3,0,0,0.0
C002835,New Customers,Eligible,Treatment,4,1,0,0.0
C002836,New Customers,Eligible,Treatment,4,1,0,0.0
C002837,New Customers,Eligible,Treatment,2,1,0,0.0
C002838,Lapsing Customers,Eligible,Treatment,5,0,0,0.0
C002839,Lapsing Customers,Eligible,Treatment,6,0,0,0.0
C002840,High-Value Loyalists,Suppressed,Suppressed,0,0,0,0.0
C002841,Browsers / No Purchase,Suppressed,Suppressed,0,0,0,0.0
C002842,Lapsing Customers,Eligible,Treatment,4,0,0,0.0
C002843,Lapsing Customers,Eligible,Treatment,4,0,0,0.0
C002844,Lapsing Customers,Eligible,Treatment,3,0,1,31.4
C002845,Lapsing Customers,Suppressed,Suppressed,0,0,0,0.0
C002846,New Customers,Eligible,Treatment,6,0,0,0.0
C002847,Lapsing Customers,Eligible,Treatment,1,0,0,0.0
C002848,High-Value Loyalists,Eligible,Control,0,0,0,0.0
C002849,Browsers / No Purchase,Eligible,Treatment,2,0,0,0.0
C002850,Lapsing Customers,Eligible,Treatment,5,0,0,0.0
C002851,Lapsing Customers,Eligible,Treatment,4,0,0,0.0
C002852,Lapsing Customers,Eligible,Treatment,3,0,1,75.86
C002853,Browsers / No Purchase,Eligible,Treatment,5,0,0,0.0
C002854,Lapsing Customers,Eligible,Control,0,0,0,0.0
C002855,Browsers / No Purchase,Eligible,Treatment,5,1,0,0.0
C002856,Browsers / No Purchase,Eligible,Treatment,3,1,0,0.0
C002857,New Customers,Eligible,Treatment,3,0,0,0.0
C002858,Lapsing Customers,Eligible,Treatment,4,0,0,0.0
C002859,Browsers / No Purchase,Eligible,Control,0,0,0,0.0
C002860,Lapsing Customers,Eligible,Treatment,6,0,0,0.0
C002861,Lapsing Customers,Eligible,Control,0,0,0,0.0
C002862,New Customers,Eligible,Treatment,4,1,0,0.0
C002863,Lapsing Customers,Eligible,Treatment,2,0,0,0.0
C002864,High-Value Loyalists,Eligible,Treatment,3,0,1,188.99
C002865,Lapsing Customers,Eligible,Treatment,1,0,0,0.0
C002866,High-Value Loyalists,Eligible,Treatment,1,0,0,0.0
C002867,Lapsing Customers,Eligible,Treatment,4,0,0,0.0
C002868,New Customers,Suppressed,Suppressed,0,0,1,81.26
C002869,Browsers / No Purchase,Eligible,Treatment,1,0,0,0.0
C002870,High-Value Loyalists,Eligible,Treatment,1,0,1,96.73
C002871,New Customers,Eligible,Treatment,2,0,0,0.0
C002872,Lapsing Customers,Eligible,Treatment,1,0,0,0.0
C002873,High-Value Loyalists,Eligible,Treatment,3,0,0,0.0
C002874,Lapsing Customers,Eligible,Treatment,2,0,0,0.0
C002875,High-Value Loyalists,Eligible,Treatment,3,0,0,0.0
C002876,Lapsing Customers,Eligible,Treatment,4,0,1,83.08
C002877,Lapsing Customers,Eligible,Treatment,2,0,0,0.0
C002878,Lapsing Customers,Eligible,Treatment,6,0,0,0.0
C002879,New Customers,Suppressed,Suppressed,0,0,0,0.0
C002880,High-Value Loyalists,Eligible,Treatment,1,0,1,80.44
C002881,High-Value Loyalists,Suppressed,Suppressed,0,0,0,0.0
C002882,High-Value Loyalists,Eligible,Treatment,5,0,0,0.0
C002883,New Customers,Suppressed,Suppressed,0,0,0,0.0
C002884,Lapsing Customers,Suppressed,Suppressed,0,0,1,65.01
C002885,New Customers,Eligible,Treatment,5,0,0,0.0
C002886,Lapsing Customers,Eligible,Treatment,4,0,0,0.0
C002887,High-Value Loyalists,Eligible,Treatment,1,0,0,0.0
C002888,Browsers / No Purchase,Eligible,Treatment,5,0,1,137.85
C002889,High-Value Loyalists,Eligible,Treatment,1,0,0,0.0
C002890,High-Value Loyalists,Eligible,Treatment,4,0,0,0.0
C002891,High-Value Loyalists,Eligible,Treatment,5,0,0,0.0
C002892,Browsers / No Purchase,Eligible,Treatment,5,0,0,0.0
C002893,New Customers,Eligible,Treatment,6,0,0,0.0
C002894,New Customers,Eligible,Treatment,1,0,0,0.0
C002895,Browsers / No Purchase,Eligible,Control,0,0,0,0.0
C002896,High-Value Loyalists,Eligible,Treatment,2,0,0,0.0
C002897,Browsers / No Purchase,Suppressed,Suppressed,0,0,0,0.0
C002898,Lapsing Customers,Suppressed,Suppressed,0,0,0,0.0
C002899,New Customers,Suppressed,Suppressed,0,0,0,0.0
C002900,Lapsing Customers,Eligible,Treatment,1,0,0,0.0
C002901,Lapsing Customers,Eligible,Treatment,3,1,0,0.0
C002902,Browsers / No Purchase,Eligible,Treatment,6,0,0,0.0
C002903,High-Value Loyalists,Suppressed,Suppressed,0,0,0,0.0
C002904,Browsers / No Purchase,Eligible,Treatment,3,1,0,0.0
C002905,Lapsing Customers,Eligible,Treatment,5,0,0,0.0
C002906,New Customers,Eligible,Treatment,3,0,0,0.0
C002907,Browsers / No Purchase,Eligible,Treatment,2,0,0,0.0
C002908,High-Value Loyalists,Suppressed,Suppressed,0,0,0,0.0
C002909,Browsers / No Purchase,Eligible,Control,0,0,0,0.0
C002910,New Customers,Eligible,Treatment,2,0,0,0.0
C002911,Browsers / No Purchase,Eligible,Treatment,4,1,0,0.0
C002912,High-Value Loyalists,Eligible,Control,0,0,1,17.76
C002913,New Customers,Eligible,Treatment,1,0,0,0.0
C002914,New Customers,Eligible,Treatment,4,1,0,0.0
C002915,Lapsing Customers,Suppressed,Suppressed,0,0,0,0.0
C002916,High-Value Loyalists,Eligible,Treatment,2,0,0,0.0
C002917,Lapsing Customers,Eligible,Treatment,1,0,0,0.0
C002918,Browsers / No Purchase,Eligible,Treatment,5,0,0,0.0
C002919,High-Value Loyalists,Eligible,Treatment,3,0,0,0.0
C002920,Browsers / No Purchase,Eligible,Control,0,0,0,0.0
C002921,Browsers / No Purchase,Eligible,Treatment,3,0,0,0.0
C002922,High-Value Loyalists,Eligible,Treatment,4,0,1,90.14
C002923,High-Value Loyalists,Eligible,Treatment,3,2,0,0.0
C002924,New Customers,Eligible,Treatment,3,0,0,0.0
C002925,High-Value Loyalists,Suppressed,Suppressed,0,0,0,0.0
C002926,New Customers,Eligible,Treatment,6,0,0,0.0
C002927,New Customers,Eligible,Treatment,3,0,0,0.0
C002928,New Customers,Eligible,Treatment,2,0,0,0.0
C002929,Lapsing Customers,Eligible,Control,0,0,0,0.0
C002930,New Customers,Eligible,Control,0,0,0,0.0
C002931,New Customers,Eligible,Treatment,5,0,0,0.0
C002932,Lapsing Customers,Eligible,Treatment,4,2,1,99.85
C002933,New Customers,Eligible,Treatment,4,2,0,0.0
C002934,Browsers / No Purchase,Suppressed,Suppressed,0,0,0,0.0
C002935,New Customers,Eligible,Treatment,5,1,1,70.29
C002936,Lapsing Customers,Suppressed,Suppressed,0,0,0,0.0
C002937,Lapsing Customers,Eligible,Treatment,4,0,0,0.0
C002938,High-Value Loyalists,Suppressed,Suppressed,0,0,0,0.0
C002939,Lapsing Customers,Eligible,Treatment,2,1,1,42.38
C002940,High-Value Loyalists,Eligible,Treatment,3,1,0,0.0
C002941,Browsers / No Purchase,Eligible,Treatment,6,1,0,0.0
C002942,Lapsing Customers,Eligible,Treatment,4,0,0,0.0
C002943,Browsers / No Purchase,Eligible,Treatment,2,0,0,0.0
C002944,High-Value Loyalists,Eligible,Treatment,1,0,0,0.0
C002945,Lapsing Customers,Eligible,Treatment,3,0,0,0.0
C002946,Lapsing Customers,Eligible,Treatment,4,0,0,0.0
C002947,Lapsing Customers,Suppressed,Suppressed,0,0,0,0.0
C002948,Browsers / No Purchase,Eligible,Treatment,3,0,0,0.0
C002949,Browsers / No Purchase,Eligible,Treatment,4,2,0,0.0
C002950,Browsers / No Purchase,Eligible,Treatment,6,0,0,0.0
C002951,High-Value Loyalists,Eligible,Control,0,0,0,0.0
C002952,Browsers / No Purchase,Eligible,Treatment,2,0,0,0.0
C002953,High-Value Loyalists,Eligible,Treatment,5,0,0,0.0
C002954,Browsers / No Purchase,Eligible,Treatment,1,0,0,0.0
C002955,New Customers,Eligible,Treatment,1,0,0,0.0
C002956,Lapsing Customers,Eligible,Treatment,3,0,0,0.0
C002957,High-Value Loyalists,Eligible,Treatment,2,0,0,0.0
C002958,High-Value Loyalists,Eligible,Treatment,2,1,0,0.0
C002959,Lapsing Customers,Eligible,Treatment,4,0,0,0.0
C002960,Browsers / No Purchase,Eligible,Treatment,5,1,1,116.3
C002961,Browsers / No Purchase,Eligible,Treatment,4,0,0,0.0
C002962,Browsers / No Purchase,Eligible,Treatment,1,0,0,0.0
C002963,High-Value Loyalists,Suppressed,Suppressed,0,0,0,0.0
C002964,New Customers,Eligible,Treatment,4,0,1,33.92
C002965,Lapsing Customers,Eligible,Treatment,3,0,0,0.0
C002966,New Customers,Eligible,Treatment,3,0,0,0.0
C002967,Lapsing Customers,Eligible,Treatment,5,0,0,0.0
C002968,Lapsing Customers,Eligible,Treatment,6,1,0,0.0
C002969,New Customers,Eligible,Treatment,1,0,0,0.0
C002970,High-Value Loyalists,Eligible,Treatment,6,1,0,0.0
C002971,Lapsing Customers,Eligible,Treatment,3,0,0,0.0
C002972,New Customers,Eligible,Treatment,5,0,0,0.0
C002973,High-Value Loyalists,Eligible,Control,0,0,0,0.0
C002974,Browsers / No Purchase,Eligible,Treatment,3,0,0,0.0
C002975,New Customers,Suppressed,Suppressed,0,0,0,0.0
C002976,Browsers / No Purchase,Eligible,Treatment,3,0,0,0.0
C002977,New Customers,Eligible,Treatment,1,0,0,0.0
C002978,Browsers / No Purchase,Eligible,Treatment,1,0,0,0.0
C002979,Browsers / No Purchase,Eligible,Treatment,6,1,0,0.0
C002980,Browsers / No Purchase,Eligible,Treatment,6,1,0,0.0
C002981,New Customers,Suppressed,Suppressed,0,0,0,0.0
C002982,Lapsing Customers,Eligible,Treatment,6,1,0,0.0
C002983,High-Value Loyalists,Eligible,Treatment,6,0,0,0.0
C002984,New Customers,Eligible,Treatment,2,0,0,0.0
C002985,High-Value Loyalists,Eligible,Treatment,4,0,1,96.97
C002986,Lapsing Customers,Eligible,Treatment,3,1,0,0.0
C002987,High-Value Loyalists,Eligible,Treatment,6,4,0,0.0
C002988,New Customers,Eligible,Treatment,4,0,0,0.0
C002989,High-Value Loyalists,Eligible,Treatment,1,0,0,0.0
C002990,New Customers,Eligible,Treatment,4,0,0,0.0
C002991,Browsers / No Purchase,Eligible,Treatment,4,0,0,0.0
C002992,Browsers / No Purchase,Eligible,Treatment,3,0,0,0.0
C002993,Lapsing Customers,Eligible,Treatment,3,1,0,0.0
C002994,New Customers,Eligible,Treatment,4,0,0,0.0
C002995,New Customers,Eligible,Treatment,3,1,0,0.0
C002996,Lapsing Customers,Eligible,Control,0,0,0,0.0
C002997,New Customers,Eligible,Treatment,2,1,0,0.0
C002998,Lapsing Customers,Suppressed,Suppressed,0,0,0,0.0
C002999,Browsers / No Purchase,Eligible,Treatment,1,0,0,0.0
C003000,High-Value Loyalists,Eligible,Control,0,0,1,94.44
C003001,Browsers / No Purchase,Eligible,Treatment,3,1,0,0.0
C003002,New Customers,Suppressed,Suppressed,0,0,0,0.0
C003003,Lapsing Customers,Eligible,Treatment,5,0,0,0.0
C003004,Browsers / No Purchase,Eligible,Treatment,1,0,0,0.0
C003005,High-Value Loyalists,Eligible,Treatment,2,0,0,0.0
C003006,Browsers / No Purchase,Eligible,Treatment,4,1,0,0.0
C003007,New Customers,Eligible,Treatment,1,1,0,0.0
C003008,High-Value Loyalists,Eligible,Treatment,4,0,0,0.0
C003009,High-Value Loyalists,Eligible,Treatment,4,0,0,0.0
C003010,Browsers / No Purchase,Eligible,Treatment,1,0,0,0.0
C003011,Lapsing Customers,Eligible,Treatment,2,0,0,0.0
C003012,Browsers / No Purchase,Eligible,Treatment,3,0,0,0.0
C003013,Browsers / No Purchase,Eligible,Treatment,1,0,0,0.0
C003014,New Customers,Eligible,Treatment,6,1,1,74.68
C003015,Lapsing Customers,Eligible,Treatment,4,0,1,91.35
C003016,Browsers / No Purchase,Eligible,Treatment,6,1,0,0.0
C003017,Browsers / No Purchase,Eligible,Control,0,0,0,0.0
C003018,High-Value Loyalists,Eligible,Treatment,4,0,1,57.06
C003019,Lapsing Customers,Suppressed,Suppressed,0,0,0,0.0
C003020,Lapsing Customers,Eligible,Treatment,1,0,0,0.0
C003021,Lapsing Customers,Eligible,Treatment,3,0,0,0.0
C003022,Browsers / No Purchase,Eligible,Control,0,0,0,0.0
C003023,Lapsing Customers,Eligible,Control,0,0,0,0.0
C003024,New Customers,Eligible,Treatment,1,0,0,0.0
C003025,Lapsing Customers,Eligible,Treatment,1,0,0,0.0
C003026,High-Value Loyalists,Eligible,Control,0,0,0,0.0
C003027,Lapsing Customers,Eligible,Treatment,3,2,0,0.0
C003028,Browsers / No Purchase,Eligible,Treatment,4,1,0,0.0
C003029,New Customers,Eligible,Treatment,4,1,0,0.0
C003030,Lapsing Customers,Eligible,Treatment,2,0,0,0.0
C003031,Browsers / No Purchase,Eligible,Treatment,4,0,0,0.0
C003032,High-Value Loyalists,Eligible,Treatment,1,0,1,22.92
C003033,Lapsing Customers,Eligible,Treatment,2,0,1,138.34
C003034,Lapsing Customers,Eligible,Control,0,0,0,0.0
C003035,Browsers / No Purchase,Eligible,Treatment,5,3,0,0.0
C003036,Browsers / No Purchase,Suppressed,Suppressed,0,0,0,0.0
C003037,New Customers,Eligible,Treatment,2,0,0,0.0
C003038,High-Value Loyalists,Suppressed,Suppressed,0,0,0,0.0
C003039,High-Value Loyalists,Eligible,Treatment,4,0,0,0.0
C003040,New Customers,Eligible,Treatment,1,0,0,0.0
C003041,Lapsing Customers,Eligible,Control,0,0,0,0.0
C003042,Browsers / No Purchase,Eligible,Treatment,6,0,0,0.0
C003043,Browsers / No Purchase,Suppressed,Suppressed,0,0,0,0.0
C003044,Lapsing Customers,Eligible,Treatment,5,0,1,40.07
C003045,Browsers / No Purchase,Eligible,Treatment,4,0,0,0.0
C003046,Browsers / No Purchase,Eligible,Treatment,1,0,0,0.0
C003047,Lapsing Customers,Suppressed,Suppressed,0,0,0,0.0
C003048,New Customers,Eligible,Treatment,4,0,0,0.0
C003049,Browsers / No Purchase,Eligible,Control,0,0,0,0.0
C003050,Lapsing Customers,Eligible,Treatment,3,0,0,0.0
C003051,Browsers / No Purchase,Eligible,Treatment,4,0,0,0.0
C003052,High-Value Loyalists,Eligible,Treatment,1,0,0,0.0
C003053,New Customers,Eligible,Treatment,2,0,0,0.0
C003054,Browsers / No Purchase,Eligible,Treatment,3,0,0,0.0
C003055,New Customers,Eligible,Treatment,6,0,0,0.0
C003056,New Customers,Eligible,Treatment,3,1,0,0.0
C003057,New Customers,Eligible,Treatment,6,0,1,53.37
C003058,High-Value Loyalists,Eligible,Treatment,2,0,1,48.29
C003059,Lapsing Customers,Eligible,Treatment,2,0,1,93.85
C003060,Lapsing Customers,Suppressed,Suppressed,0,0,1,37.04
C003061,New Customers,Eligible,Treatment,3,0,0,0.0
C003062,Lapsing Customers,Eligible,Treatment,2,0,0,0.0
C003063,Lapsing Customers,Eligible,Treatment,5,1,0,0.0
C003064,Browsers / No Purchase,Eligible,Control,0,0,0,0.0
C003065,Lapsing Customers,Eligible,Treatment,1,0,0,0.0
C003066,Lapsing Customers,Eligible,Treatment,6,0,1,123.75
C003067,Lapsing Customers,Eligible,Treatment,1,0,0,0.0
C003068,High-Value Loyalists,Eligible,Treatment,1,0,0,0.0
C003069,Browsers / No Purchase,Suppressed,Suppressed,0,0,0,0.0
C003070,Lapsing Customers,Eligible,Treatment,1,0,1,106.52
C003071,High-Value Loyalists,Suppressed,Suppressed,0,0,1,92.03
C003072,Browsers / No Purchase,Eligible,Control,0,0,0,0.0
C003073,Browsers / No Purchase,Eligible,Treatment,5,1,0,0.0
C003074,Browsers / No Purchase,Eligible,Treatment,4,1,0,0.0
C003075,Browsers / No Purchase,Eligible,Control,0,0,0,0.0
C003076,Browsers / No Purchase,Eligible,Treatment,5,0,0,0.0
C003077,Lapsing Customers,Eligible,Control,0,0,0,0.0
C003078,New Customers,Eligible,Treatment,3,0,0,0.0
C003079,New Customers,Eligible,Treatment,4,0,0,0.0
C003080,Lapsing Customers,Suppressed,Suppressed,0,0,0,0.0
C003081,Lapsing Customers,Eligible,Treatment,5,0,1,82.97
C003082,High-Value Loyalists,Eligible,Treatment,2,1,1,30.48
C003083,New Customers,Eligible,Treatment,6,0,0,0.0
C003084,Browsers / No Purchase,Eligible,Treatment,3,0,0,0.0
C003085,Browsers / No Purchase,Eligible,Treatment,6,0,1,76.79
C003086,Lapsing Customers,Eligible,Treatment,6,0,0,0.0
C003087,Lapsing Customers,Eligible,Control,0,0,0,0.0
C003088,Lapsing Customers,Eligible,Treatment,1,0,0,0.0
C003089,New Customers,Eligible,Treatment,6,0,0,0.0
C003090,Browsers / No Purchase,Eligible,Treatment,4,0,0,0.0
C003091,Browsers / No Purchase,Eligible,Treatment,5,0,0,0.0
C003092,Browsers / No Purchase,Eligible,Treatment,3,0,0,0.0
C003093,Browsers / No Purchase,Eligible,Control,0,0,0,0.0
C003094,Browsers / No Purchase,Eligible,Treatment,4,0,0,0.0
C003095,Lapsing Customers,Eligible,Treatment,2,0,0,0.0
C003096,High-Value Loyalists,Eligible,Control,0,0,0,0.0
C003097,High-Value Loyalists,Eligible,Treatment,5,2,0,0.0
C003098,Lapsing Customers,Eligible,Treatment,4,0,0,0.0
C003099,Lapsing Customers,Eligible,Control,0,0,0,0.0
C003100,High-Value Loyalists,Eligible,Treatment,4,0,0,0.0
C003101,Browsers / No Purchase,Eligible,Treatment,2,0,0,0.0
C003102,High-Value Loyalists,Eligible,Treatment,4,0,0,0.0
C003103,Browsers / No Purchase,Eligible,Treatment,1,0,0,0.0
C003104,Browsers / No Purchase,Suppressed,Suppressed,0,0,0,0.0
C003105,New Customers,Eligible,Treatment,4,1,0,0.0
C003106,New Customers,Eligible,Treatment,3,0,0,0.0
C003107,Lapsing Customers,Eligible,Treatment,5,1,0,0.0
C003108,New Customers,Eligible,Treatment,3,0,0,0.0
C003109,High-Value Loyalists,Eligible,Treatment,5,0,0,0.0
C003110,Browsers / No Purchase,Eligible,Treatment,4,0,0,0.0
C003111,Lapsing Customers,Eligible,Treatment,1,1,0,0.0
C003112,Lapsing Customers,Eligible,Treatment,6,0,0,0.0
C003113,Browsers / No Purchase,Eligible,Treatment,3,1,0,0.0
C003114,New Customers,Eligible,Treatment,1,0,0,0.0
C003115,Lapsing Customers,Suppressed,Suppressed,0,0,0,0.0
C003116,New Customers,Eligible,Treatment,6,1,0,0.0
C003117,High-Value Loyalists,Suppressed,Suppressed,0,0,0,0.0
C003118,New Customers,Eligible,Treatment,6,0,0,0.0
C003119,Lapsing Customers,Eligible,Treatment,2,0,0,0.0
C003120,Lapsing Customers,Eligible,Treatment,3,0,0,0.0
C003121,High-Value Loyalists,Eligible,Treatment,4,0,1,32.55
C003122,Lapsing Customers,Eligible,Treatment,4,0,0,0.0
C003123,Lapsing Customers,Eligible,Treatment,1,0,0,0.0
C003124,Lapsing Customers,Eligible,Treatment,2,0,0,0.0
C003125,High-Value Loyalists,Eligible,Treatment,2,0,0,0.0
C003126,High-Value Loyalists,Eligible,Treatment,3,0,0,0.0
C003127,New Customers,Eligible,Treatment,2,0,0,0.0
C003128,High-Value Loyalists,Eligible,Treatment,5,1,0,0.0
C003129,New Customers,Eligible,Treatment,4,1,0,0.0
C003130,Browsers / No Purchase,Eligible,Treatment,1,0,0,0.0
C003131,Lapsing Customers,Eligible,Treatment,5,1,0,0.0
C003132,Browsers / No Purchase,Suppressed,Suppressed,0,0,0,0.0
C003133,High-Value Loyalists,Eligible,Treatment,2,0,1,78.87
C003134,High-Value Loyalists,Eligible,Treatment,4,2,0,0.0
C003135,Browsers / No Purchase,Eligible,Treatment,2,0,0,0.0
C003136,Browsers / No Purchase,Eligible,Control,0,0,0,0.0
C003137,Browsers / No Purchase,Suppressed,Suppressed,0,0,0,0.0
C003138,High-Value Loyalists,Eligible,Treatment,3,0,0,0.0
C003139,Browsers / No Purchase,Eligible,Treatment,2,0,0,0.0
C003140,Lapsing Customers,Eligible,Treatment,2,0,0,0.0
C003141,Lapsing Customers,Eligible,Treatment,1,0,0,0.0
C003142,High-Value Loyalists,Eligible,Treatment,3,0,0,0.0
C003143,Browsers / No Purchase,Suppressed,Suppressed,0,0,0,0.0
C003144,High-Value Loyalists,Eligible,Treatment,4,0,0,0.0
C003145,Browsers / No Purchase,Eligible,Control,0,0,0,0.0
C003146,New Customers,Suppressed,Suppressed,0,0,0,0.0
C003147,Browsers / No Purchase,Eligible,Control,0,0,0,0.0
C003148,Browsers / No Purchase,Eligible,Treatment,4,0,0,0.0
C003149,Browsers / No Purchase,Eligible,Control,0,0,0,0.0
C003150,High-Value Loyalists,Eligible,Treatment,1,0,0,0.0
C003151,High-Value Loyalists,Suppressed,Suppressed,0,0,0,0.0
C003152,New Customers,Eligible,Treatment,5,0,0,0.0
C003153,Lapsing Customers,Eligible,Treatment,5,0,0,0.0
C003154,High-Value Loyalists,Eligible,Treatment,4,0,0,0.0
C003155,High-Value Loyalists,Eligible,Treatment,3,0,1,27.03
C003156,Lapsing Customers,Eligible,Treatment,6,0,0,0.0
C003157,High-Value Loyalists,Eligible,Treatment,2,0,0,0.0
C003158,High-Value Loyalists,Eligible,Treatment,3,0,0,0.0
C003159,Browsers / No Purchase,Eligible,Treatment,6,1,0,0.0
C003160,Lapsing Customers,Eligible,Treatment,1,0,0,0.0
C003161,Browsers / No Purchase,Suppressed,Suppressed,0,0,0,0.0
C003162,Browsers / No Purchase,Eligible,Treatment,5,0,0,0.0
C003163,High-Value Loyalists,Eligible,Treatment,3,0,0,0.0
C003164,Browsers / No Purchase,Eligible,Treatment,6,0,0,0.0
C003165,New Customers,Eligible,Treatment,2,0,0,0.0
C003166,New Customers,Eligible,Treatment,4,1,0,0.0
C003167,High-Value Loyalists,Eligible,Treatment,6,0,0,0.0
C003168,High-Value Loyalists,Eligible,Treatment,3,0,0,0.0
C003169,High-Value Loyalists,Suppressed,Suppressed,0,0,1,78.75
C003170,New Customers,Eligible,Treatment,4,1,0,0.0
C003171,Browsers / No Purchase,Eligible,Treatment,4,1,0,0.0
C003172,New Customers,Eligible,Treatment,6,1,0,0.0
C003173,Browsers / No Purchase,Eligible,Treatment,3,0,1,81.43
C003174,Browsers / No Purchase,Eligible,Treatment,1,0,0,0.0
C003175,New Customers,Suppressed,Suppressed,0,0,0,0.0
C003176,High-Value Loyalists,Eligible,Treatment,1,0,0,0.0
C003177,Browsers / No Purchase,Eligible,Treatment,2,1,0,0.0
C003178,Lapsing Customers,Suppressed,Suppressed,0,0,0,0.0
C003179,High-Value Loyalists,Eligible,Treatment,5,0,0,0.0
C003180,New Customers,Eligible,Treatment,2,0,0,0.0
C003181,Browsers / No Purchase,Eligible,Treatment,1,0,0,0.0
C003182,Lapsing Customers,Eligible,Treatment,5,0,0,0.0
C003183,New Customers,Eligible,Treatment,4,0,0,0.0
C003184,High-Value Loyalists,Eligible,Control,0,0,0,0.0
C003185,High-Value Loyalists,Eligible,Treatment,3,0,0,0.0
C003186,High-Value Loyalists,Eligible,Treatment,2,0,0,0.0
C003187,Browsers / No Purchase,Suppressed,Suppressed,0,0,0,0.0
C003188,Browsers / No Purchase,Eligible,Treatment,6,0,0,0.0
C003189,High-Value Loyalists,Eligible,Treatment,1,0,0,0.0
C003190,Lapsing Customers,Eligible,Treatment,5,0,0,0.0
C003191,High-Value Loyalists,Suppressed,Suppressed,0,0,0,0.0
C003192,High-Value Loyalists,Eligible,Treatment,5,0,0,0.0
C003193,New Customers,Eligible,Treatment,4,0,0,0.0
C003194,New Customers,Eligible,Treatment,4,1,1,87.91
C003195,New Customers,Eligible,Treatment,5,1,0,0.0
C003196,Lapsing Customers,Eligible,Control,0,0,0,0.0
C003197,New Customers,Eligible,Treatment,6,0,0,0.0
C003198,High-Value Loyalists,Suppressed,Suppressed,0,0,0,0.0
C003199,High-Value Loyalists,Eligible,Control,0,0,0,0.0
C003200,Browsers / No Purchase,Eligible,Treatment,1,0,0,0.0
C003201,Browsers / No Purchase,Suppressed,Suppressed,0,0,0,0.0
C003202,Browsers / No Purchase,Eligible,Treatment,3,0,0,0.0
C003203,Browsers / No Purchase,Eligible,Treatment,5,2,0,0.0
C003204,New Customers,Eligible,Treatment,4,0,0,0.0
C003205,Browsers / No Purchase,Eligible,Treatment,6,0,0,0.0
C003206,Lapsing Customers,Eligible,Treatment,6,0,0,0.0
C003207,High-Value Loyalists,Eligible,Treatment,5,1,1,52.4
C003208,High-Value Loyalists,Eligible,Treatment,2,0,0,0.0
C003209,High-Value Loyalists,Eligible,Treatment,5,0,0,0.0
C003210,High-Value Loyalists,Eligible,Treatment,1,0,0,0.0
C003211,Lapsing Customers,Eligible,Treatment,2,1,0,0.0
C003212,Browsers / No Purchase,Eligible,Treatment,1,0,0,0.0
C003213,Browsers / No Purchase,Eligible,Treatment,6,2,0,0.0
C003214,New Customers,Eligible,Treatment,5,1,0,0.0
C003215,High-Value Loyalists,Eligible,Treatment,3,0,0,0.0
C003216,Browsers / No Purchase,Eligible,Treatment,3,0,0,0.0
C003217,Lapsing Customers,Eligible,Treatment,2,0,0,0.0
C003218,High-Value Loyalists,Eligible,Treatment,1,0,0,0.0
C003219,Lapsing Customers,Suppressed,Suppressed,0,0,0,0.0
C003220,Lapsing Customers,Eligible,Treatment,5,0,1,65.91
C003221,Lapsing Customers,Eligible,Treatment,1,0,0,0.0
C003222,Browsers / No Purchase,Eligible,Treatment,1,0,0,0.0
C003223,Browsers / No Purchase,Eligible,Treatment,2,0,0,0.0
C003224,New Customers,Eligible,Treatment,4,0,0,0.0
C003225,High-Value Loyalists,Eligible,Treatment,6,0,0,0.0
C003226,Browsers / No Purchase,Eligible,Treatment,4,0,0,0.0
C003227,New Customers,Eligible,Treatment,2,0,0,0.0
C003228,High-Value Loyalists,Eligible,Treatment,6,0,0,0.0
C003229,New Customers,Eligible,Treatment,3,1,0,0.0
C003230,New Customers,Eligible,Treatment,3,0,0,0.0
C003231,Lapsing Customers,Eligible,Treatment,6,1,0,0.0
C003232,High-Value Loyalists,Eligible,Treatment,5,0,0,0.0
C003233,New Customers,Eligible,Control,0,0,0,0.0
C003234,High-Value Loyalists,Eligible,Treatment,1,0,0,0.0
C003235,High-Value Loyalists,Suppressed,Suppressed,0,0,0,0.0
C003236,High-Value Loyalists,Eligible,Treatment,4,0,1,57.7
C003237,Browsers / No Purchase,Eligible,Treatment,4,0,0,0.0
C003238,Lapsing Customers,Eligible,Treatment,3,0,0,0.0
C003239,Lapsing Customers,Eligible,Treatment,3,0,0,0.0
C003240,Lapsing Customers,Eligible,Treatment,2,0,0,0.0
C003241,Browsers / No Purchase,Eligible,Treatment,1,0,0,0.0
C003242,New Customers,Eligible,Treatment,6,0,0,0.0
C003243,Browsers / No Purchase,Suppressed,Suppressed,0,0,0,0.0
C003244,Lapsing Customers,Eligible,Treatment,4,2,0,0.0
C003245,High-Value Loyalists,Eligible,Treatment,4,0,0,0.0
C003246,New Customers,Eligible,Treatment,4,1,0,0.0
C003247,Lapsing Customers,Eligible,Treatment,5,0,0,0.0
C003248,Browsers / No Purchase,Eligible,Treatment,1,0,0,0.0
C003249,Browsers / No Purchase,Eligible,Treatment,3,0,0,0.0
C003250,Lapsing Customers,Eligible,Treatment,5,1,0,0.0
C003251,Browsers / No Purchase,Eligible,Treatment,4,0,0,0.0
C003252,New Customers,Eligible,Treatment,3,0,0,0.0
C003253,Lapsing Customers,Eligible,Treatment,2,0,0,0.0
C003254,New Customers,Eligible,Control,0,0,0,0.0
C003255,High-Value Loyalists,Eligible,Treatment,1,0,1,23.17
C003256,Browsers / No Purchase,Suppressed,Suppressed,0,0,0,0.0
C003257,High-Value Loyalists,Eligible,Treatment,5,0,0,0.0
C003258,Lapsing Customers,Eligible,Treatment,5,0,0,0.0
C003259,New Customers,Eligible,Treatment,4,0,0,0.0
C003260,High-Value Loyalists,Eligible,Control,0,0,0,0.0
C003261,High-Value Loyalists,Eligible,Treatment,2,0,0,0.0
C003262,New Customers,Eligible,Treatment,6,0,1,73.46
C003263,High-Value Loyalists,Eligible,Treatment,5,0,0,0.0
C003264,Lapsing Customers,Eligible,Treatment,3,0,0,0.0
C003265,Lapsing Customers,Eligible,Treatment,3,0,0,0.0
C003266,Lapsing Customers,Suppressed,Suppressed,0,0,0,0.0
C003267,High-Value Loyalists,Eligible,Treatment,2,0,0,0.0
C003268,Browsers / No Purchase,Suppressed,Suppressed,0,0,0,0.0
C003269,Browsers / No Purchase,Suppressed,Suppressed,0,0,0,0.0
C003270,High-Value Loyalists,Suppressed,Suppressed,0,0,0,0.0
C003271,Browsers / No Purchase,Eligible,Treatment,6,1,0,0.0
C003272,New Customers,Eligible,Treatment,3,0,1,127.69
C003273,New Customers,Suppressed,Suppressed,0,0,1,89.88
C003274,Browsers / No Purchase,Eligible,Treatment,2,0,0,0.0
C003275,Browsers / No Purchase,Eligible,Treatment,2,0,0,0.0
C003276,Browsers / No Purchase,Eligible,Treatment,6,1,0,0.0
C003277,New Customers,Eligible,Treatment,1,0,0,0.0
C003278,New Customers,Eligible,Treatment,2,0,0,0.0
C003279,Lapsing Customers,Eligible,Treatment,4,0,1,115.69
C003280,High-Value Loyalists,Eligible,Treatment,6,0,0,0.0
C003281,New Customers,Eligible,Treatment,5,0,0,0.0
C003282,High-Value Loyalists,Eligible,Treatment,6,0,0,0.0
C003283,Lapsing Customers,Eligible,Treatment,1,1,1,81.58
C003284,High-Value Loyalists,Eligible,Treatment,4,2,0,0.0
C003285,High-Value Loyalists,Eligible,Treatment,3,0,0,0.0
C003286,New Customers,Eligible,Treatment,2,0,0,0.0
C003287,New Customers,Eligible,Treatment,4,0,1,86.39
C003288,Lapsing Customers,Eligible,Treatment,1,0,0,0.0
C003289,High-Value Loyalists,Eligible,Treatment,2,0,0,0.0
C003290,Lapsing Customers,Eligible,Treatment,2,0,0,0.0
C003291,Lapsing Customers,Eligible,Treatment,3,0,0,0.0
C003292,Browsers / No Purchase,Suppressed,Suppressed,0,0,0,0.0
C003293,New Customers,Eligible,Treatment,4,0,0,0.0
C003294,New Customers,Eligible,Treatment,2,0,0,0.0
C003295,New Customers,Eligible,Treatment,6,1,0,0.0
C003296,Browsers / No Purchase,Eligible,Treatment,2,1,0,0.0
C003297,Browsers / No Purchase,Suppressed,Suppressed,0,0,0,0.0
C003298,New Customers,Eligible,Treatment,1,0,0,0.0
C003299,Lapsing Customers,Suppressed,Suppressed,0,0,0,0.0
C003300,High-Value Loyalists,Eligible,Treatment,4,0,0,0.0
C003301,Browsers / No Purchase,Eligible,Treatment,2,0,0,0.0
C003302,Lapsing Customers,Eligible,Treatment,4,1,0,0.0
C003303,Lapsing Customers,Eligible,Treatment,5,0,0,0.0
C003304,Browsers / No Purchase,Eligible,Treatment,5,1,0,0.0
C003305,Browsers / No Purchase,Eligible,Treatment,6,0,0,0.0
C003306,High-Value Loyalists,Eligible,Treatment,6,0,0,0.0
C003307,High-Value Loyalists,Eligible,Treatment,2,0,1,73.56
C003308,High-Value Loyalists,Eligible,Treatment,1,0,0,0.0
C003309,New Customers,Eligible,Treatment,5,0,1,85.27
C003310,High-Value Loyalists,Eligible,Treatment,3,1,0,0.0
C003311,Browsers / No Purchase,Eligible,Treatment,4,1,0,0.0
C003312,Browsers / No Purchase,Eligible,Treatment,4,0,0,0.0
C003313,New Customers,Eligible,Treatment,1,0,0,0.0
C003314,New Customers,Eligible,Control,0,0,1,74.78
C003315,Lapsing Customers,Eligible,Control,0,0,0,0.0
C003316,High-Value Loyalists,Eligible,Treatment,2,0,0,0.0
C003317,Browsers / No Purchase,Eligible,Treatment,3,0,0,0.0
C003318,High-Value Loyalists,Suppressed,Suppressed,0,0,0,0.0
C003319,High-Value Loyalists,Eligible,Treatment,2,0,0,0.0
C003320,Lapsing Customers,Suppressed,Suppressed,0,0,0,0.0
C003321,High-Value Loyalists,Eligible,Treatment,3,0,0,0.0
C003322,Lapsing Customers,Eligible,Treatment,6,0,0,0.0
C003323,Browsers / No Purchase,Eligible,Treatment,4,0,0,0.0
C003324,Browsers / No Purchase,Suppressed,Suppressed,0,0,0,0.0
C003325,New Customers,Eligible,Control,0,0,0,0.0
C003326,Browsers / No Purchase,Eligible,Treatment,2,0,0,0.0
C003327,Lapsing Customers,Eligible,Treatment,6,0,0,0.0
C003328,Browsers / No Purchase,Suppressed,Suppressed,0,0,0,0.0
C003329,New Customers,Eligible,Treatment,2,0,0,0.0
C003330,Lapsing Customers,Eligible,Treatment,2,0,0,0.0
C003331,Browsers / No Purchase,Eligible,Treatment,2,0,0,0.0
C003332,Lapsing Customers,Eligible,Treatment,1,0,0,0.0
C003333,High-Value Loyalists,Suppressed,Suppressed,0,0,0,0.0
C003334,Lapsing Customers,Eligible,Control,0,0,0,0.0
C003335,Lapsing Customers,Eligible,Treatment,1,0,0,0.0
C003336,Lapsing Customers,Suppressed,Suppressed,0,0,1,34.93
C003337,New Customers,Eligible,Treatment,5,0,0,0.0
C003338,Browsers / No Purchase,Eligible,Treatment,2,0,0,0.0
C003339,Lapsing Customers,Eligible,Treatment,2,1,0,0.0
C003340,New Customers,Eligible,Treatment,3,2,0,0.0
C003341,Lapsing Customers,Eligible,Treatment,4,0,0,0.0
C003342,Browsers / No Purchase,Eligible,Treatment,3,1,0,0.0
C003343,High-Value Loyalists,Eligible,Treatment,2,0,0,0.0
C003344,High-Value Loyalists,Eligible,Control,0,0,1,60.84
C003345,New Customers,Eligible,Control,0,0,0,0.0
C003346,New Customers,Eligible,Treatment,2,0,1,37.0
C003347,Browsers / No Purchase,Eligible,Control,0,0,0,0.0
C003348,New Customers,Eligible,Treatment,2,1,0,0.0
C003349,Browsers / No Purchase,Eligible,Control,0,0,0,0.0
C003350,Lapsing Customers,Eligible,Control,0,0,0,0.0
C003351,High-Value Loyalists,Eligible,Treatment,2,0,0,0.0
C003352,High-Value Loyalists,Eligible,Treatment,1,0,1,47.51
C003353,High-Value Loyalists,Eligible,Treatment,5,1,1,173.95
C003354,Lapsing Customers,Eligible,Treatment,2,0,0,0.0
C003355,New Customers,Suppressed,Suppressed,0,0,0,0.0
C003356,Lapsing Customers,Eligible,Treatment,3,0,0,0.0
C003357,New Customers,Suppressed,Suppressed,0,0,0,0.0
C003358,New Customers,Eligible,Treatment,1,0,0,0.0
C003359,New Customers,Eligible,Treatment,1,0,0,0.0
C003360,New Customers,Eligible,Treatment,2,0,0,0.0
C003361,Lapsing Customers,Eligible,Treatment,4,0,0,0.0
C003362,Lapsing Customers,Eligible,Treatment,6,0,0,0.0
C003363,New Customers,Eligible,Control,0,0,0,0.0
C003364,New Customers,Eligible,Treatment,6,0,0,0.0
C003365,Lapsing Customers,Eligible,Treatment,4,1,0,0.0
C003366,Lapsing Customers,Eligible,Treatment,1,1,0,0.0
C003367,New Customers,Eligible,Treatment,4,0,0,0.0
C003368,New Customers,Eligible,Treatment,2,0,0,0.0
C003369,High-Value Loyalists,Eligible,Treatment,4,1,0,0.0
C003370,Lapsing Customers,Eligible,Control,0,0,0,0.0
C003371,Browsers / No Purchase,Eligible,Treatment,6,1,0,0.0
C003372,High-Value Loyalists,Suppressed,Suppressed,0,0,0,0.0
C003373,Browsers / No Purchase,Eligible,Treatment,2,1,0,0.0
C003374,High-Value Loyalists,Eligible,Treatment,3,0,0,0.0
C003375,New Customers,Eligible,Control,0,0,1,103.27
C003376,Lapsing Customers,Eligible,Treatment,2,0,0,0.0
C003377,High-Value Loyalists,Eligible,Treatment,6,1,1,77.35
C003378,Browsers / No Purchase,Suppressed,Suppressed,0,0,0,0.0
C003379,Lapsing Customers,Eligible,Treatment,2,0,0,0.0
C003380,Browsers / No Purchase,Eligible,Treatment,1,0,0,0.0
C003381,Lapsing Customers,Eligible,Treatment,4,0,0,0.0
C003382,Browsers / No Purchase,Eligible,Treatment,4,1,0,0.0
C003383,Browsers / No Purchase,Eligible,Treatment,2,0,0,0.0
C003384,New Customers,Eligible,Treatment,6,0,0,0.0
C003385,Lapsing Customers,Suppressed,Suppressed,0,0,0,0.0
C003386,New Customers,Eligible,Treatment,3,0,0,0.0
C003387,New Customers,Eligible,Control,0,0,0,0.0
C003388,Browsers / No Purchase,Eligible,Treatment,5,1,0,0.0
C003389,Lapsing Customers,Eligible,Control,0,0,0,0.0
C003390,Lapsing Customers,Eligible,Treatment,4,0,0,0.0
C003391,High-Value Loyalists,Eligible,Treatment,6,1,0,0.0
C003392,New Customers,Eligible,Treatment,3,1,0,0.0
C003393,Browsers / No Purchase,Eligible,Treatment,1,0,0,0.0
C003394,High-Value Loyalists,Eligible,Control,0,0,0,0.0
C003395,Browsers / No Purchase,Eligible,Treatment,5,0,0,0.0
C003396,Browsers / No Purchase,Eligible,Treatment,6,0,0,0.0
C003397,High-Value Loyalists,Eligible,Treatment,5,0,0,0.0
C003398,High-Value Loyalists,Eligible,Treatment,2,0,0,0.0
C003399,New Customers,Eligible,Treatment,5,0,0,0.0
C003400,New Customers,Eligible,Control,0,0,1,76.05
C003401,High-Value Loyalists,Eligible,Treatment,3,0,0,0.0
C003402,Browsers / No Purchase,Eligible,Treatment,6,1,0,0.0
C003403,New Customers,Eligible,Treatment,3,0,0,0.0
C003404,Browsers / No Purchase,Eligible,Treatment,2,1,0,0.0
C003405,Browsers / No Purchase,Eligible,Treatment,3,0,0,0.0
C003406,Browsers / No Purchase,Eligible,Treatment,3,1,0,0.0
C003407,New Customers,Eligible,Treatment,6,0,0,0.0
C003408,Lapsing Customers,Eligible,Treatment,1,0,1,50.32
C003409,New Customers,Eligible,Treatment,1,0,0,0.0
C003410,High-Value Loyalists,Eligible,Control,0,0,0,0.0
C003411,New Customers,Eligible,Treatment,4,1,1,96.12
C003412,High-Value Loyalists,Eligible,Treatment,1,0,0,0.0
C003413,New Customers,Eligible,Control,0,0,1,144.34
C003414,High-Value Loyalists,Eligible,Treatment,2,0,0,0.0
C003415,Lapsing Customers,Eligible,Control,0,0,0,0.0
C003416,Lapsing Customers,Eligible,Treatment,6,0,1,70.86
C003417,New Customers,Eligible,Treatment,4,0,0,0.0
C003418,Browsers / No Purchase,Eligible,Treatment,2,0,0,0.0
C003419,High-Value Loyalists,Eligible,Treatment,6,0,0,0.0
C003420,Browsers / No Purchase,Suppressed,Suppressed,0,0,0,0.0
C003421,Browsers / No Purchase,Eligible,Treatment,1,0,0,0.0
C003422,Lapsing Customers,Eligible,Treatment,6,1,0,0.0
C003423,New Customers,Eligible,Treatment,1,0,0,0.0
C003424,Lapsing Customers,Suppressed,Suppressed,0,0,0,0.0
C003425,High-Value Loyalists,Eligible,Treatment,1,0,0,0.0
C003426,New Customers,Eligible,Treatment,6,0,0,0.0
C003427,High-Value Loyalists,Eligible,Treatment,5,0,0,0.0
C003428,Browsers / No Purchase,Eligible,Treatment,3,1,0,0.0
C003429,Browsers / No Purchase,Suppressed,Suppressed,0,0,0,0.0
C003430,Browsers / No Purchase,Eligible,Treatment,2,0,0,0.0
C003431,New Customers,Eligible,Treatment,6,0,0,0.0
C003432,New Customers,Eligible,Treatment,5,0,0,0.0
C003433,Browsers / No Purchase,Eligible,Treatment,1,0,1,86.38
C003434,Lapsing Customers,Eligible,Treatment,4,0,0,0.0
C003435,High-Value Loyalists,Eligible,Treatment,6,0,0,0.0
C003436,New Customers,Eligible,Treatment,4,0,0,0.0
C003437,Lapsing Customers,Eligible,Treatment,2,0,0,0.0
C003438,Lapsing Customers,Eligible,Treatment,2,0,0,0.0
C003439,High-Value Loyalists,Eligible,Treatment,6,1,0,0.0
C003440,New Customers,Eligible,Treatment,3,0,1,23.55
C003441,Lapsing Customers,Eligible,Treatment,2,1,0,0.0
C003442,High-Value Loyalists,Eligible,Treatment,3,0,0,0.0
C003443,High-Value Loyalists,Eligible,Treatment,2,1,0,0.0
C003444,Lapsing Customers,Eligible,Control,0,0,0,0.0
C003445,Browsers / No Purchase,Eligible,Treatment,1,0,0,0.0
C003446,Lapsing Customers,Eligible,Treatment,6,0,0,0.0
C003447,New Customers,Eligible,Treatment,4,0,0,0.0
C003448,Browsers / No Purchase,Eligible,Treatment,1,0,0,0.0
C003449,Lapsing Customers,Eligible,Treatment,4,0,0,0.0
C003450,Browsers / No Purchase,Eligible,Treatment,5,0,0,0.0
C003451,New Customers,Eligible,Treatment,6,0,0,0.0
C003452,New Customers,Eligible,Treatment,2,0,0,0.0
C003453,High-Value Loyalists,Eligible,Treatment,4,1,0,0.0
C003454,High-Value Loyalists,Suppressed,Suppressed,0,0,0,0.0
C003455,Browsers / No Purchase,Eligible,Treatment,5,1,0,0.0
C003456,Browsers / No Purchase,Eligible,Treatment,2,0,0,0.0
C003457,Browsers / No Purchase,Eligible,Treatment,1,0,0,0.0
C003458,Browsers / No Purchase,Eligible,Treatment,3,1,0,0.0
C003459,High-Value Loyalists,Eligible,Treatment,2,0,1,67.27
C003460,Browsers / No Purchase,Eligible,Treatment,3,0,0,0.0
C003461,Lapsing Customers,Eligible,Treatment,5,0,0,0.0
C003462,Browsers / No Purchase,Eligible,Treatment,5,0,0,0.0
C003463,High-Value Loyalists,Eligible,Treatment,2,0,1,46.93
C003464,Lapsing Customers,Suppressed,Suppressed,0,0,0,0.0
C003465,Browsers / No Purchase,Eligible,Control,0,0,0,0.0
C003466,Browsers / No Purchase,Suppressed,Suppressed,0,0,0,0.0
C003467,New Customers,Eligible,Treatment,6,0,0,0.0
C003468,Lapsing Customers,Suppressed,Suppressed,0,0,0,0.0
C003469,Lapsing Customers,Eligible,Treatment,4,1,0,0.0
C003470,Browsers / No Purchase,Eligible,Treatment,2,0,0,0.0
C003471,Lapsing Customers,Eligible,Treatment,6,0,0,0.0
C003472,Lapsing Customers,Eligible,Treatment,2,0,0,0.0
C003473,New Customers,Eligible,Treatment,2,0,0,0.0
C003474,Lapsing Customers,Eligible,Treatment,2,0,0,0.0
C003475,New Customers,Eligible,Treatment,3,0,0,0.0
C003476,Lapsing Customers,Eligible,Treatment,4,0,0,0.0
C003477,Browsers / No Purchase,Eligible,Treatment,3,0,0,0.0
C003478,Browsers / No Purchase,Eligible,Treatment,3,1,0,0.0
C003479,Browsers / No Purchase,Suppressed,Suppressed,0,0,0,0.0
C003480,New Customers,Eligible,Treatment,3,0,0,0.0
C003481,Lapsing Customers,Suppressed,Suppressed,0,0,0,0.0
C003482,Browsers / No Purchase,Eligible,Treatment,6,1,0,0.0
C003483,Browsers / No Purchase,Eligible,Treatment,6,0,0,0.0
C003484,New Customers,Eligible,Treatment,5,0,0,0.0
C003485,New Customers,Suppressed,Suppressed,0,0,0,0.0
C003486,Browsers / No Purchase,Eligible,Treatment,3,0,0,0.0
C003487,New Customers,Suppressed,Suppressed,0,0,0,0.0
C003488,Browsers / No Purchase,Eligible,Treatment,5,0,0,0.0
C003489,Lapsing Customers,Eligible,Treatment,1,0,0,0.0
C003490,New Customers,Eligible,Control,0,0,0,0.0
C003491,New Customers,Eligible,Treatment,4,0,0,0.0
C003492,High-Value Loyalists,Suppressed,Suppressed,0,0,0,0.0
C003493,Browsers / No Purchase,Eligible,Treatment,5,0,0,0.0
C003494,New Customers,Eligible,Treatment,6,0,0,0.0
C003495,High-Value Loyalists,Eligible,Treatment,1,0,0,0.0
C003496,Browsers / No Purchase,Eligible,Treatment,6,0,0,0.0
C003497,Browsers / No Purchase,Eligible,Treatment,4,0,0,0.0
C003498,Browsers / No Purchase,Eligible,Treatment,6,1,1,53.12
C003499,Lapsing Customers,Eligible,Treatment,5,0,1,51.11
C003500,Browsers / No Purchase,Eligible,Treatment,4,0,0,0.0
C003501,Lapsing Customers,Eligible,Treatment,4,0,0,0.0
C003502,New Customers,Eligible,Treatment,5,0,0,0.0
C003503,High-Value Loyalists,Eligible,Treatment,1,0,0,0.0
C003504,New Customers,Eligible,Treatment,1,0,0,0.0
C003505,Browsers / No Purchase,Eligible,Treatment,2,0,0,0.0
C003506,New Customers,Eligible,Control,0,0,0,0.0
C003507,New Customers,Eligible,Treatment,4,1,0,0.0
C003508,Browsers / No Purchase,Eligible,Treatment,4,0,0,0.0
C003509,New Customers,Suppressed,Suppressed,0,0,0,0.0
C003510,Lapsing Customers,Eligible,Treatment,4,1,0,0.0
C003511,Browsers / No Purchase,Suppressed,Suppressed,0,0,0,0.0
C003512,Browsers / No Purchase,Eligible,Treatment,2,0,0,0.0
C003513,Browsers / No Purchase,Eligible,Control,0,0,0,0.0
C003514,Browsers / No Purchase,Eligible,Treatment,4,0,0,0.0
C003515,Browsers / No Purchase,Eligible,Treatment,3,0,0,0.0
C003516,Browsers / No Purchase,Eligible,Treatment,2,0,0,0.0
C003517,New Customers,Eligible,Treatment,4,0,0,0.0
C003518,High-Value Loyalists,Eligible,Treatment,5,1,0,0.0
C003519,New Customers,Eligible,Control,0,0,0,0.0
C003520,Browsers / No Purchase,Eligible,Treatment,3,1,0,0.0
C003521,New Customers,Suppressed,Suppressed,0,0,0,0.0
C003522,Browsers / No Purchase,Eligible,Treatment,4,0,0,0.0
C003523,High-Value Loyalists,Eligible,Treatment,1,0,0,0.0
C003524,Lapsing Customers,Eligible,Treatment,6,0,0,0.0
C003525,New Customers,Eligible,Control,0,0,0,0.0
C003526,Lapsing Customers,Eligible,Treatment,6,0,0,0.0
C003527,High-Value Loyalists,Eligible,Treatment,2,0,0,0.0
C003528,High-Value Loyalists,Eligible,Treatment,5,0,0,0.0
C003529,Browsers / No Purchase,Eligible,Treatment,2,0,0,0.0
C003530,New Customers,Eligible,Control,0,0,0,0.0
C003531,High-Value Loyalists,Eligible,Treatment,3,0,0,0.0
C003532,High-Value Loyalists,Eligible,Treatment,3,0,0,0.0
C003533,Lapsing Customers,Suppressed,Suppressed,0,0,0,0.0
C003534,High-Value Loyalists,Eligible,Treatment,4,1,0,0.0
C003535,Browsers / No Purchase,Eligible,Treatment,1,0,0,0.0
C003536,Browsers / No Purchase,Suppressed,Suppressed,0,0,0,0.0
C003537,Lapsing Customers,Eligible,Treatment,1,0,0,0.0
C003538,New Customers,Suppressed,Suppressed,0,0,0,0.0
C003539,High-Value Loyalists,Eligible,Treatment,5,0,1,138.93
C003540,Lapsing Customers,Eligible,Treatment,2,0,0,0.0
C003541,Browsers / No Purchase,Eligible,Treatment,2,0,0,0.0
C003542,New Customers,Eligible,Treatment,3,0,1,82.8
C003543,Browsers / No Purchase,Eligible,Treatment,5,1,0,0.0
C003544,Lapsing Customers,Eligible,Treatment,5,0,0,0.0
C003545,Lapsing Customers,Eligible,Treatment,4,0,0,0.0
C003546,Lapsing Customers,Eligible,Control,0,0,1,83.72
C003547,New Customers,Eligible,Treatment,6,1,0,0.0
C003548,Browsers / No Purchase,Eligible,Treatment,1,0,0,0.0
C003549,High-Value Loyalists,Eligible,Treatment,4,1,0,0.0
C003550,Browsers / No Purchase,Eligible,Treatment,5,1,0,0.0
C003551,Browsers / No Purchase,Eligible,Treatment,5,0,0,0.0
C003552,New Customers,Eligible,Treatment,6,0,0,0.0
C003553,Lapsing Customers,Eligible,Treatment,1,0,0,0.0
C003554,New Customers,Eligible,Treatment,2,1,0,0.0
C003555,Lapsing Customers,Eligible,Treatment,2,0,0,0.0
C003556,Browsers / No Purchase,Eligible,Treatment,6,1,0,0.0
C003557,New Customers,Eligible,Treatment,6,1,0,0.0
C003558,Browsers / No Purchase,Eligible,Treatment,6,0,0,0.0
C003559,New Customers,Suppressed,Suppressed,0,0,0,0.0
C003560,New Customers,Eligible,Treatment,1,0,1,71.53
C003561,Browsers / No Purchase,Suppressed,Suppressed,0,0,0,0.0
C003562,New Customers,Eligible,Treatment,1,0,0,0.0
C003563,Browsers / No Purchase,Eligible,Treatment,1,0,0,0.0
C003564,High-Value Loyalists,Eligible,Treatment,3,0,0,0.0
C003565,Browsers / No Purchase,Eligible,Treatment,5,0,0,0.0
C003566,Browsers / No Purchase,Eligible,Treatment,5,0,0,0.0
C003567,Browsers / No Purchase,Eligible,Treatment,4,0,0,0.0
C003568,New Customers,Eligible,Treatment,3,0,0,0.0
C003569,Browsers / No Purchase,Eligible,Treatment,6,0,0,0.0
C003570,Lapsing Customers,Suppressed,Suppressed,0,0,0,0.0
C003571,Browsers / No Purchase,Eligible,Treatment,5,0,0,0.0
C003572,High-Value Loyalists,Eligible,Treatment,1,0,0,0.0
C003573,Lapsing Customers,Eligible,Treatment,1,0,0,0.0
C003574,Lapsing Customers,Eligible,Treatment,2,1,0,0.0
C003575,Lapsing Customers,Eligible,Treatment,6,1,0,0.0
C003576,Lapsing Customers,Eligible,Treatment,5,0,0,0.0
C003577,Browsers / No Purchase,Eligible,Treatment,2,0,0,0.0
C003578,Lapsing Customers,Suppressed,Suppressed,0,0,0,0.0
C003579,Browsers / No Purchase,Eligible,Treatment,1,0,0,0.0
C003580,High-Value Loyalists,Eligible,Treatment,3,0,0,0.0
C003581,Browsers / No Purchase,Suppressed,Suppressed,0,0,0,0.0
C003582,Browsers / No Purchase,Eligible,Treatment,6,0,0,0.0
C003583,Lapsing Customers,Eligible,Treatment,5,2,1,86.43
C003584,Browsers / No Purchase,Suppressed,Suppressed,0,0,0,0.0
C003585,Browsers / No Purchase,Eligible,Control,0,0,0,0.0
C003586,Browsers / No Purchase,Eligible,Treatment,3,0,0,0.0
C003587,Lapsing Customers,Suppressed,Suppressed,0,0,0,0.0
C003588,New Customers,Eligible,Treatment,6,0,0,0.0
C003589,Browsers / No Purchase,Eligible,Treatment,1,1,0,0.0
C003590,Lapsing Customers,Eligible,Treatment,6,1,0,0.0
C003591,Browsers / No Purchase,Eligible,Treatment,1,0,0,0.0
C003592,Lapsing Customers,Suppressed,Suppressed,0,0,0,0.0
C003593,Browsers / No Purchase,Eligible,Treatment,1,0,0,0.0
C003594,High-Value Loyalists,Eligible,Control,0,0,0,0.0
C003595,High-Value Loyalists,Eligible,Control,0,0,0,0.0
C003596,Browsers / No Purchase,Suppressed,Suppressed,0,0,0,0.0
C003597,Browsers / No Purchase,Suppressed,Suppressed,0,0,0,0.0
C003598,Browsers / No Purchase,Eligible,Treatment,2,0,0,0.0
C003599,Browsers / No Purchase,Eligible,Treatment,5,0,0,0.0
C003600,Lapsing Customers,Eligible,Control,0,0,0,0.0
C003601,Lapsing Customers,Eligible,Treatment,2,1,0,0.0
C003602,High-Value Loyalists,Eligible,Treatment,4,1,0,0.0
C003603,New Customers,Eligible,Treatment,1,0,0,0.0
C003604,Lapsing Customers,Suppressed,Suppressed,0,0,0,0.0
C003605,Browsers / No Purchase,Eligible,Treatment,5,0,0,0.0
C003606,High-Value Loyalists,Eligible,Treatment,1,1,0,0.0
C003607,High-Value Loyalists,Eligible,Treatment,2,0,0,0.0
C003608,Lapsing Customers,Eligible,Treatment,6,0,0,0.0
C003609,High-Value Loyalists,Eligible,Treatment,5,1,0,0.0
C003610,Lapsing Customers,Eligible,Treatment,3,0,1,79.69
C003611,New Customers,Eligible,Treatment,2,1,0,0.0
C003612,Lapsing Customers,Eligible,Treatment,1,0,0,0.0
C003613,New Customers,Eligible,Treatment,6,0,0,0.0
C003614,Browsers / No Purchase,Suppressed,Suppressed,0,0,0,0.0
C003615,New Customers,Eligible,Treatment,1,0,0,0.0
C003616,New Customers,Eligible,Treatment,3,1,0,0.0
C003617,Lapsing Customers,Eligible,Treatment,3,0,0,0.0
C003618,High-Value Loyalists,Eligible,Treatment,2,0,0,0.0
C003619,Lapsing Customers,Eligible,Treatment,2,0,1,31.65
C003620,Browsers / No Purchase,Eligible,Treatment,5,0,0,0.0
C003621,New Customers,Eligible,Treatment,4,0,0,0.0
C003622,Lapsing Customers,Eligible,Treatment,2,0,0,0.0
C003623,Lapsing Customers,Eligible,Treatment,3,2,0,0.0
C003624,Browsers / No Purchase,Eligible,Treatment,5,0,0,0.0
C003625,New Customers,Suppressed,Suppressed,0,0,0,0.0
C003626,New Customers,Eligible,Treatment,2,0,0,0.0
C003627,Browsers / No Purchase,Eligible,Treatment,2,0,0,0.0
C003628,New Customers,Eligible,Treatment,4,0,0,0.0
C003629,New Customers,Eligible,Treatment,3,1,0,0.0
C003630,High-Value Loyalists,Eligible,Treatment,4,0,0,0.0
C003631,High-Value Loyalists,Eligible,Treatment,3,2,0,0.0
C003632,Browsers / No Purchase,Eligible,Treatment,5,0,0,0.0
C003633,New Customers,Eligible,Treatment,1,0,0,0.0
C003634,Lapsing Customers,Eligible,Control,0,0,0,0.0
C003635,New Customers,Eligible,Treatment,6,1,0,0.0
C003636,High-Value Loyalists,Eligible,Control,0,0,0,0.0
C003637,Browsers / No Purchase,Eligible,Treatment,2,0,0,0.0
C003638,Lapsing Customers,Eligible,Treatment,6,0,1,109.19
C003639,Browsers / No Purchase,Eligible,Treatment,1,0,0,0.0
C003640,New Customers,Eligible,Control,0,0,0,0.0
C003641,Lapsing Customers,Suppressed,Suppressed,0,0,0,0.0
C003642,High-Value Loyalists,Eligible,Treatment,6,0,1,127.96
C003643,Browsers / No Purchase,Eligible,Treatment,1,0,0,0.0
C003644,High-Value Loyalists,Suppressed,Suppressed,0,0,0,0.0
C003645,High-Value Loyalists,Eligible,Treatment,5,0,1,89.41
C003646,Browsers / No Purchase,Eligible,Treatment,5,0,0,0.0
C003647,Lapsing Customers,Eligible,Treatment,4,0,0,0.0
C003648,Lapsing Customers,Eligible,Treatment,4,0,0,0.0
C003649,Lapsing Customers,Eligible,Control,0,0,0,0.0
C003650,Browsers / No Purchase,Eligible,Treatment,6,1,0,0.0
C003651,Lapsing Customers,Eligible,Treatment,2,1,0,0.0
C003652,Lapsing Customers,Eligible,Treatment,4,0,0,0.0
C003653,Lapsing Customers,Eligible,Treatment,4,1,0,0.0
C003654,Lapsing Customers,Eligible,Treatment,2,0,0,0.0
C003655,Lapsing Customers,Suppressed,Suppressed,0,0,0,0.0
C003656,High-Value Loyalists,Eligible,Treatment,2,0,0,0.0
C003657,High-Value Loyalists,Eligible,Treatment,5,0,0,0.0
C003658,Lapsing Customers,Eligible,Treatment,3,0,0,0.0
C003659,Browsers / No Purchase,Eligible,Treatment,4,1,0,0.0
C003660,High-Value Loyalists,Eligible,Treatment,4,0,0,0.0
C003661,Lapsing Customers,Eligible,Treatment,1,0,0,0.0
C003662,Browsers / No Purchase,Eligible,Treatment,3,1,0,0.0
C003663,Browsers / No Purchase,Eligible,Control,0,0,0,0.0
C003664,New Customers,Eligible,Treatment,6,1,0,0.0
C003665,Lapsing Customers,Eligible,Treatment,1,0,0,0.0
C003666,Lapsing Customers,Eligible,Control,0,0,0,0.0
C003667,Lapsing Customers,Eligible,Treatment,6,0,0,0.0
C003668,High-Value Loyalists,Eligible,Control,0,0,1,140.91
C003669,Lapsing Customers,Eligible,Treatment,6,0,0,0.0
C003670,New Customers,Eligible,Treatment,3,0,0,0.0
C003671,Lapsing Customers,Eligible,Treatment,2,0,0,0.0
C003672,New Customers,Suppressed,Suppressed,0,0,0,0.0
C003673,Lapsing Customers,Eligible,Treatment,1,0,0,0.0
C003674,Lapsing Customers,Eligible,Treatment,6,2,0,0.0
C003675,Browsers / No Purchase,Eligible,Treatment,4,1,0,0.0
C003676,Browsers / No Purchase,Eligible,Treatment,4,0,0,0.0
C003677,Lapsing Customers,Eligible,Treatment,4,1,0,0.0
C003678,New Customers,Suppressed,Suppressed,0,0,0,0.0
C003679,Lapsing Customers,Eligible,Treatment,6,0,0,0.0
C003680,High-Value Loyalists,Eligible,Treatment,2,0,0,0.0
C003681,Browsers / No Purchase,Eligible,Treatment,3,0,0,0.0
C003682,High-Value Loyalists,Eligible,Treatment,3,0,0,0.0
C003683,Lapsing Customers,Suppressed,Suppressed,0,0,0,0.0
C003684,New Customers,Eligible,Treatment,5,1,0,0.0
C003685,High-Value Loyalists,Eligible,Treatment,3,1,0,0.0
C003686,High-Value Loyalists,Eligible,Treatment,6,0,0,0.0
C003687,Lapsing Customers,Eligible,Treatment,2,0,0,0.0
C003688,Browsers / No Purchase,Eligible,Treatment,5,0,0,0.0
C003689,New Customers,Eligible,Control,0,0,0,0.0
C003690,Lapsing Customers,Eligible,Treatment,3,1,0,0.0
C003691,High-Value Loyalists,Suppressed,Suppressed,0,0,0,0.0
C003692,New Customers,Eligible,Treatment,5,1,0,0.0
C003693,High-Value Loyalists,Eligible,Treatment,2,1,1,51.82
C003694,New Customers,Eligible,Control,0,0,0,0.0
C003695,Browsers / No Purchase,Eligible,Treatment,3,1,0,0.0
C003696,Lapsing Customers,Eligible,Control,0,0,1,158.53
C003697,Lapsing Customers,Eligible,Treatment,3,0,0,0.0
C003698,High-Value Loyalists,Suppressed,Suppressed,0,0,0,0.0
C003699,High-Value Loyalists,Eligible,Treatment,6,1,0,0.0
C003700,Lapsing Customers,Suppressed,Suppressed,0,0,0,0.0
C003701,Browsers / No Purchase,Eligible,Treatment,3,0,0,0.0
C003702,Lapsing Customers,Eligible,Treatment,6,0,0,0.0
C003703,New Customers,Eligible,Treatment,3,0,0,0.0
C003704,New Customers,Eligible,Treatment,2,0,0,0.0
C003705,High-Value Loyalists,Eligible,Treatment,4,1,0,0.0
C003706,High-Value Loyalists,Suppressed,Suppressed,0,0,0,0.0
C003707,Lapsing Customers,Eligible,Treatment,1,0,0,0.0
C003708,New Customers,Eligible,Treatment,4,1,0,0.0
C003709,Lapsing Customers,Eligible,Treatment,2,0,0,0.0
C003710,Browsers / No Purchase,Suppressed,Suppressed,0,0,0,0.0
C003711,Browsers / No Purchase,Eligible,Control,0,0,0,0.0
C003712,Browsers / No Purchase,Eligible,Treatment,1,0,0,0.0
C003713,Browsers / No Purchase,Eligible,Treatment,4,0,0,0.0
C003714,Browsers / No Purchase,Eligible,Treatment,3,0,0,0.0
C003715,Browsers / No Purchase,Eligible,Treatment,2,0,0,0.0
C003716,Browsers / No Purchase,Eligible,Treatment,1,0,0,0.0
C003717,Browsers / No Purchase,Suppressed,Suppressed,0,0,0,0.0
C003718,Browsers / No Purchase,Eligible,Treatment,4,0,0,0.0
C003719,Browsers / No Purchase,Eligible,Treatment,3,0,0,0.0
C003720,Lapsing Customers,Eligible,Treatment,2,0,0,0.0
C003721,New Customers,Eligible,Treatment,4,1,0,0.0
C003722,New Customers,Suppressed,Suppressed,0,0,0,0.0
C003723,Browsers / No Purchase,Eligible,Treatment,3,1,0,0.0
C003724,Lapsing Customers,Eligible,Treatment,2,0,0,0.0
C003725,Browsers / No Purchase,Eligible,Treatment,3,2,0,0.0
C003726,Browsers / No Purchase,Eligible,Treatment,3,0,0,0.0
C003727,Browsers / No Purchase,Eligible,Control,0,0,0,0.0
C003728,Lapsing Customers,Eligible,Treatment,5,1,0,0.0
C003729,Browsers / No Purchase,Eligible,Treatment,3,0,0,0.0
C003730,Browsers / No Purchase,Eligible,Treatment,1,0,0,0.0
C003731,Browsers / No Purchase,Eligible,Treatment,2,0,0,0.0
C003732,Browsers / No Purchase,Eligible,Treatment,4,0,0,0.0
C003733,New Customers,Eligible,Treatment,4,0,0,0.0
C003734,New Customers,Eligible,Treatment,2,0,0,0.0
C003735,High-Value Loyalists,Eligible,Control,0,0,1,140.46
C003736,Browsers / No Purchase,Eligible,Treatment,5,0,0,0.0
C003737,Lapsing Customers,Eligible,Treatment,4,1,0,0.0
C003738,Browsers / No Purchase,Eligible,Treatment,1,0,0,0.0
C003739,Browsers / No Purchase,Eligible,Control,0,0,0,0.0
C003740,Lapsing Customers,Eligible,Treatment,5,1,0,0.0
C003741,Lapsing Customers,Eligible,Treatment,2,0,0,0.0
C003742,High-Value Loyalists,Eligible,Treatment,5,2,1,116.68
C003743,Browsers / No Purchase,Eligible,Treatment,3,0,0,0.0
C003744,New Customers,Eligible,Treatment,1,1,0,0.0
C003745,High-Value Loyalists,Suppressed,Suppressed,0,0,1,69.52
C003746,Browsers / No Purchase,Eligible,Treatment,6,0,0,0.0
C003747,Lapsing Customers,Eligible,Treatment,5,0,0,0.0
C003748,Browsers / No Purchase,Eligible,Treatment,1,0,0,0.0
C003749,Lapsing Customers,Eligible,Treatment,6,1,0,0.0
C003750,Lapsing Customers,Eligible,Control,0,0,0,0.0
C003751,High-Value Loyalists,Suppressed,Suppressed,0,0,0,0.0
C003752,New Customers,Eligible,Treatment,2,0,1,48.86
C003753,Lapsing Customers,Eligible,Treatment,4,0,0,0.0
C003754,Browsers / No Purchase,Eligible,Treatment,2,0,0,0.0
C003755,Lapsing Customers,Eligible,Treatment,3,1,0,0.0
C003756,Lapsing Customers,Eligible,Treatment,6,1,0,0.0
C003757,Lapsing Customers,Eligible,Treatment,4,0,1,28.51
C003758,Lapsing Customers,Suppressed,Suppressed,0,0,0,0.0
C003759,Browsers / No Purchase,Eligible,Treatment,2,0,0,0.0
C003760,High-Value Loyalists,Eligible,Treatment,1,1,1,84.19
C003761,Browsers / No Purchase,Eligible,Treatment,6,0,0,0.0
C003762,Lapsing Customers,Eligible,Treatment,4,0,0,0.0
C003763,High-Value Loyalists,Eligible,Treatment,6,2,0,0.0
C003764,Lapsing Customers,Eligible,Treatment,5,1,0,0.0
C003765,High-Value Loyalists,Eligible,Treatment,1,0,0,0.0
C003766,Browsers / No Purchase,Eligible,Treatment,6,0,0,0.0
C003767,New Customers,Suppressed,Suppressed,0,0,0,0.0
C003768,Lapsing Customers,Eligible,Treatment,4,0,0,0.0
C003769,New Customers,Eligible,Treatment,4,0,0,0.0
C003770,New Customers,Eligible,Treatment,1,0,0,0.0
C003771,Browsers / No Purchase,Eligible,Treatment,4,0,0,0.0
C003772,Browsers / No Purchase,Suppressed,Suppressed,0,0,0,0.0
C003773,New Customers,Eligible,Treatment,5,0,0,0.0
C003774,Browsers / No Purchase,Suppressed,Suppressed,0,0,0,0.0
C003775,Browsers / No Purchase,Eligible,Treatment,3,0,0,0.0
C003776,New Customers,Eligible,Treatment,5,0,1,93.37
C003777,Browsers / No Purchase,Suppressed,Suppressed,0,0,0,0.0
C003778,High-Value Loyalists,Eligible,Treatment,1,0,0,0.0
C003779,Browsers / No Purchase,Eligible,Treatment,3,1,0,0.0
C003780,Browsers / No Purchase,Eligible,Treatment,5,0,0,0.0
C003781,High-Value Loyalists,Suppressed,Suppressed,0,0,0,0.0
C003782,Browsers / No Purchase,Eligible,Treatment,1,1,0,0.0
C003783,Browsers / No Purchase,Eligible,Treatment,4,0,0,0.0
C003784,Lapsing Customers,Eligible,Treatment,3,1,0,0.0
C003785,New Customers,Eligible,Treatment,2,0,0,0.0
C003786,Browsers / No Purchase,Suppressed,Suppressed,0,0,0,0.0
C003787,Browsers / No Purchase,Eligible,Treatment,3,1,0,0.0
C003788,High-Value Loyalists,Eligible,Treatment,6,1,0,0.0
C003789,Lapsing Customers,Eligible,Treatment,6,0,0,0.0
C003790,New Customers,Eligible,Treatment,3,0,0,0.0
C003791,Lapsing Customers,Eligible,Control,0,0,0,0.0
C003792,Lapsing Customers,Eligible,Treatment,1,0,0,0.0
C003793,High-Value Loyalists,Eligible,Treatment,5,0,0,0.0
C003794,High-Value Loyalists,Eligible,Treatment,5,0,0,0.0
C003795,New Customers,Eligible,Treatment,3,0,0,0.0
C003796,New Customers,Eligible,Treatment,3,0,0,0.0
C003797,New Customers,Suppressed,Suppressed,0,0,0,0.0
C003798,Browsers / No Purchase,Eligible,Treatment,4,0,1,76.04
C003799,Lapsing Customers,Suppressed,Suppressed,0,0,0,0.0
C003800,Lapsing Customers,Eligible,Treatment,6,2,0,0.0
C003801,High-Value Loyalists,Eligible,Treatment,3,0,0,0.0
C003802,Lapsing Customers,Eligible,Treatment,2,0,0,0.0
C003803,Lapsing Customers,Eligible,Treatment,5,0,1,40.36
C003804,High-Value Loyalists,Eligible,Treatment,4,1,1,91.35
C003805,High-Value Loyalists,Eligible,Treatment,5,0,0,0.0
C003806,High-Value Loyalists,Eligible,Treatment,1,0,0,0.0
C003807,New Customers,Eligible,Treatment,3,0,0,0.0
C003808,New Customers,Suppressed,Suppressed,0,0,0,0.0
C003809,Browsers / No Purchase,Suppressed,Suppressed,0,0,0,0.0
C003810,Browsers / No Purchase,Eligible,Treatment,2,0,0,0.0
C003811,New Customers,Eligible,Treatment,4,1,0,0.0
C003812,High-Value Loyalists,Eligible,Treatment,3,1,0,0.0
C003813,New Customers,Eligible,Treatment,4,0,0,0.0
C003814,High-Value Loyalists,Eligible,Treatment,5,0,0,0.0
C003815,Lapsing Customers,Suppressed,Suppressed,0,0,0,0.0
C003816,Lapsing Customers,Eligible,Treatment,6,1,1,48.61
C003817,Lapsing Customers,Eligible,Treatment,4,1,0,0.0
C003818,Lapsing Customers,Eligible,Treatment,3,1,0,0.0
C003819,New Customers,Suppressed,Suppressed,0,0,0,0.0
C003820,Browsers / No Purchase,Eligible,Treatment,1,0,0,0.0
C003821,Browsers / No Purchase,Eligible,Treatment,5,1,1,79.37
C003822,New Customers,Eligible,Control,0,0,0,0.0
C003823,New Customers,Eligible,Treatment,4,0,1,62.45
C003824,High-Value Loyalists,Eligible,Control,0,0,0,0.0
C003825,Browsers / No Purchase,Eligible,Control,0,0,0,0.0
C003826,New Customers,Eligible,Treatment,3,0,0,0.0
C003827,Lapsing Customers,Eligible,Treatment,1,0,0,0.0
C003828,Lapsing Customers,Eligible,Treatment,3,1,0,0.0
C003829,Browsers / No Purchase,Eligible,Treatment,6,0,0,0.0
C003830,New Customers,Suppressed,Suppressed,0,0,0,0.0
C003831,Lapsing Customers,Eligible,Treatment,5,1,0,0.0
C003832,New Customers,Eligible,Treatment,3,0,0,0.0
C003833,Lapsing Customers,Eligible,Treatment,3,0,0,0.0
C003834,Lapsing Customers,Eligible,Treatment,5,0,0,0.0
C003835,Lapsing Customers,Suppressed,Suppressed,0,0,0,0.0
C003836,Lapsing Customers,Eligible,Treatment,2,0,0,0.0
C003837,New Customers,Eligible,Control,0,0,0,0.0
C003838,High-Value Loyalists,Eligible,Treatment,4,0,0,0.0
C003839,Browsers / No Purchase,Eligible,Treatment,2,0,0,0.0
C003840,Lapsing Customers,Eligible,Treatment,2,0,0,0.0
C003841,New Customers,Eligible,Treatment,1,1,0,0.0
C003842,New Customers,Eligible,Treatment,4,0,0,0.0
C003843,New Customers,Eligible,Treatment,1,0,0,0.0
C003844,New Customers,Suppressed,Suppressed,0,0,0,0.0
C003845,Browsers / No Purchase,Eligible,Treatment,1,0,0,0.0
C003846,New Customers,Eligible,Control,0,0,1,76.77
C003847,Browsers / No Purchase,Eligible,Treatment,3,0,0,0.0
C003848,Browsers / No Purchase,Eligible,Treatment,4,0,0,0.0
C003849,Lapsing Customers,Eligible,Control,0,0,0,0.0
C003850,Lapsing Customers,Eligible,Treatment,2,0,0,0.0
C003851,Lapsing Customers,Eligible,Treatment,2,0,0,0.0
C003852,Lapsing Customers,Eligible,Treatment,3,0,0,0.0
C003853,Lapsing Customers,Eligible,Treatment,3,0,0,0.0
C003854,Lapsing Customers,Eligible,Treatment,3,0,1,122.92
C003855,New Customers,Eligible,Treatment,1,0,0,0.0
C003856,Lapsing Customers,Eligible,Treatment,6,1,0,0.0
C003857,Browsers / No Purchase,Eligible,Treatment,2,2,0,0.0
C003858,Lapsing Customers,Suppressed,Suppressed,0,0,0,0.0
C003859,Browsers / No Purchase,Eligible,Treatment,4,1,0,0.0
C003860,High-Value Loyalists,Eligible,Treatment,4,0,0,0.0
C003861,Lapsing Customers,Eligible,Treatment,6,2,0,0.0
C003862,High-Value Loyalists,Eligible,Treatment,1,0,1,39.57
C003863,New Customers,Eligible,Treatment,3,1,0,0.0
C003864,Lapsing Customers,Eligible,Treatment,2,0,0,0.0
C003865,Browsers / No Purchase,Eligible,Treatment,6,0,0,0.0
C003866,Lapsing Customers,Suppressed,Suppressed,0,0,0,0.0
C003867,New Customers,Eligible,Treatment,2,0,0,0.0
C003868,Lapsing Customers,Suppressed,Suppressed,0,0,0,0.0
C003869,New Customers,Eligible,Control,0,0,0,0.0
C003870,Lapsing Customers,Eligible,Treatment,1,0,0,0.0
C003871,Lapsing Customers,Eligible,Treatment,6,1,1,139.01
C003872,Lapsing Customers,Eligible,Treatment,1,0,0,0.0
C003873,High-Value Loyalists,Suppressed,Suppressed,0,0,0,0.0
C003874,High-Value Loyalists,Eligible,Treatment,3,0,0,0.0
C003875,Browsers / No Purchase,Eligible,Treatment,3,0,0,0.0
C003876,Lapsing Customers,Eligible,Treatment,5,0,0,0.0
C003877,High-Value Loyalists,Eligible,Treatment,2,0,0,0.0
C003878,Browsers / No Purchase,Eligible,Treatment,3,0,0,0.0
C003879,High-Value Loyalists,Eligible,Treatment,4,0,0,0.0
C003880,Lapsing Customers,Eligible,Treatment,1,0,0,0.0
C003881,Browsers / No Purchase,Suppressed,Suppressed,0,0,0,0.0
C003882,Browsers / No Purchase,Eligible,Treatment,4,0,0,0.0
C003883,Browsers / No Purchase,Eligible,Treatment,2,0,0,0.0
C003884,Lapsing Customers,Eligible,Treatment,3,0,0,0.0
C003885,Browsers / No Purchase,Eligible,Treatment,4,0,0,0.0
C003886,High-Value Loyalists,Eligible,Treatment,6,3,0,0.0
C003887,Browsers / No Purchase,Eligible,Treatment,4,0,0,0.0
C003888,Browsers / No Purchase,Suppressed,Suppressed,0,0,0,0.0
C003889,Browsers / No Purchase,Eligible,Treatment,5,1,0,0.0
C003890,Lapsing Customers,Suppressed,Suppressed,0,0,0,0.0
C003891,High-Value Loyalists,Eligible,Treatment,3,0,0,0.0
C003892,New Customers,Eligible,Treatment,5,0,0,0.0
C003893,New Customers,Eligible,Treatment,1,0,1,49.31
C003894,New Customers,Eligible,Treatment,6,0,0,0.0
C003895,Browsers / No Purchase,Eligible,Treatment,1,0,0,0.0
C003896,New Customers,Eligible,Treatment,6,0,0,0.0
C003897,Lapsing Customers,Eligible,Treatment,2,0,0,0.0
C003898,Lapsing Customers,Eligible,Treatment,3,0,0,0.0
C003899,High-Value Loyalists,Suppressed,Suppressed,0,0,1,91.51
C003900,High-Value Loyalists,Eligible,Treatment,5,1,0,0.0
C003901,High-Value Loyalists,Eligible,Treatment,4,0,0,0.0
C003902,Browsers / No Purchase,Eligible,Treatment,3,0,0,0.0
C003903,Browsers / No Purchase,Eligible,Treatment,5,1,0,0.0
C003904,New Customers,Eligible,Treatment,6,2,0,0.0
C003905,Lapsing Customers,Eligible,Treatment,3,0,0,0.0
C003906,New Customers,Suppressed,Suppressed,0,0,0,0.0
C003907,Browsers / No Purchase,Eligible,Treatment,6,0,0,0.0
C003908,Browsers / No Purchase,Eligible,Treatment,1,0,0,0.0
C003909,New Customers,Eligible,Treatment,2,1,0,0.0
C003910,Browsers / No Purchase,Eligible,Treatment,2,0,0,0.0
C003911,New Customers,Eligible,Treatment,4,0,0,0.0
C003912,Lapsing Customers,Eligible,Treatment,6,0,0,0.0
C003913,Browsers / No Purchase,Eligible,Treatment,6,1,0,0.0
C003914,Lapsing Customers,Eligible,Treatment,4,0,0,0.0
C003915,Lapsing Customers,Eligible,Treatment,6,0,0,0.0
C003916,Lapsing Customers,Suppressed,Suppressed,0,0,0,0.0
C003917,New Customers,Eligible,Treatment,5,0,0,0.0
C003918,New Customers,Eligible,Treatment,6,0,0,0.0
C003919,New Customers,Eligible,Treatment,5,0,0,0.0
C003920,Lapsing Customers,Eligible,Treatment,1,0,0,0.0
C003921,Lapsing Customers,Suppressed,Suppressed,0,0,0,0.0
C003922,Browsers / No Purchase,Eligible,Treatment,1,0,0,0.0
C003923,Lapsing Customers,Suppressed,Suppressed,0,0,0,0.0
C003924,Browsers / No Purchase,Eligible,Treatment,6,0,0,0.0
C003925,Lapsing Customers,Eligible,Treatment,5,0,0,0.0
C003926,New Customers,Eligible,Treatment,4,0,0,0.0
C003927,New Customers,Eligible,Treatment,6,0,0,0.0
C003928,Browsers / No Purchase,Eligible,Treatment,5,0,0,0.0
C003929,High-Value Loyalists,Eligible,Treatment,4,1,1,111.54
C003930,Browsers / No Purchase,Eligible,Treatment,3,0,0,0.0
C003931,New Customers,Eligible,Treatment,2,0,0,0.0
C003932,New Customers,Eligible,Treatment,2,0,0,0.0
C003933,New Customers,Suppressed,Suppressed,0,0,0,0.0
C003934,High-Value Loyalists,Eligible,Treatment,1,0,0,0.0
C003935,New Customers,Eligible,Treatment,1,0,0,0.0
C003936,Lapsing Customers,Suppressed,Suppressed,0,0,0,0.0
C003937,Lapsing Customers,Eligible,Treatment,3,0,0,0.0
C003938,New Customers,Eligible,Treatment,1,0,0,0.0
C003939,New Customers,Eligible,Treatment,2,0,1,81.66
C003940,High-Value Loyalists,Eligible,Treatment,6,1,1,116.59
C003941,High-Value Loyalists,Eligible,Treatment,4,0,0,0.0
C003942,High-Value Loyalists,Eligible,Treatment,6,0,0,0.0
C003943,High-Value Loyalists,Eligible,Treatment,2,0,0,0.0
C003944,New Customers,Eligible,Treatment,5,0,0,0.0
C003945,High-Value Loyalists,Eligible,Treatment,1,0,1,63.31
C003946,Browsers / No Purchase,Eligible,Control,0,0,0,0.0
C003947,Lapsing Customers,Suppressed,Suppressed,0,0,0,0.0
C003948,High-Value Loyalists,Eligible,Treatment,4,0,0,0.0
C003949,Browsers / No Purchase,Eligible,Treatment,1,0,0,0.0
C003950,Lapsing Customers,Eligible,Treatment,2,1,0,0.0
C003951,Lapsing Customers,Eligible,Treatment,5,0,0,0.0
C003952,Browsers / No Purchase,Eligible,Treatment,1,0,0,0.0
C003953,Browsers / No Purchase,Eligible,Treatment,6,2,0,0.0
C003954,Browsers / No Purchase,Eligible,Treatment,1,0,0,0.0
C003955,High-Value Loyalists,Eligible,Treatment,5,0,0,0.0
C003956,New Customers,Eligible,Treatment,5,0,0,0.0
C003957,Browsers / No Purchase,Eligible,Treatment,6,1,0,0.0
C003958,Browsers / No Purchase,Eligible,Treatment,3,0,0,0.0
C003959,High-Value Loyalists,Eligible,Treatment,1,0,1,49.73
C003960,Lapsing Customers,Eligible,Treatment,4,1,0,0.0
C003961,Lapsing Customers,Eligible,Treatment,6,0,0,0.0
C003962,High-Value Loyalists,Eligible,Control,0,0,0,0.0
C003963,New Customers,Eligible,Treatment,4,1,0,0.0
C003964,Lapsing Customers,Eligible,Treatment,3,0,0,0.0
C003965,Lapsing Customers,Eligible,Treatment,2,0,0,0.0
C003966,High-Value Loyalists,Eligible,Treatment,1,0,1,45.34
C003967,New Customers,Eligible,Treatment,1,0,0,0.0
C003968,High-Value Loyalists,Eligible,Treatment,6,1,1,158.88
C003969,Lapsing Customers,Suppressed,Suppressed,0,0,0,0.0
C003970,High-Value Loyalists,Eligible,Treatment,4,0,0,0.0
C003971,Browsers / No Purchase,Eligible,Treatment,3,0,0,0.0
C003972,High-Value Loyalists,Eligible,Treatment,2,0,0,0.0
C003973,New Customers,Eligible,Control,0,0,0,0.0
C003974,High-Value Loyalists,Eligible,Treatment,5,1,0,0.0
C003975,High-Value Loyalists,Eligible,Treatment,1,0,0,0.0
C003976,Lapsing Customers,Eligible,Treatment,3,0,1,50.08
C003977,High-Value Loyalists,Eligible,Treatment,3,0,0,0.0
C003978,High-Value Loyalists,Eligible,Treatment,5,0,0,0.0
C003979,New Customers,Suppressed,Suppressed,0,0,0,0.0
C003980,New Customers,Eligible,Control,0,0,0,0.0
C003981,High-Value Loyalists,Suppressed,Suppressed,0,0,0,0.0
C003982,Lapsing Customers,Eligible,Treatment,2,0,0,0.0
C003983,New Customers,Eligible,Treatment,3,0,0,0.0
C003984,Lapsing Customers,Suppressed,Suppressed,0,0,0,0.0
C003985,Lapsing Customers,Eligible,Treatment,2,0,0,0.0
C003986,High-Value Loyalists,Eligible,Control,0,0,0,0.0
C003987,Lapsing Customers,Eligible,Treatment,5,0,0,0.0
C003988,Lapsing Customers,Eligible,Treatment,5,0,0,0.0
C003989,Browsers / No Purchase,Suppressed,Suppressed,0,0,0,0.0
C003990,Browsers / No Purchase,Eligible,Treatment,3,0,0,0.0
C003991,Browsers / No Purchase,Eligible,Treatment,4,0,0,0.0
C003992,Lapsing Customers,Eligible,Treatment,1,0,0,0.0
C003993,High-Value Loyalists,Suppressed,Suppressed,0,0,0,0.0
C003994,Lapsing Customers,Eligible,Control,0,0,0,0.0
C003995,Lapsing Customers,Eligible,Treatment,5,0,0,0.0
C003996,High-Value Loyalists,Eligible,Treatment,5,0,0,0.0
C003997,High-Value Loyalists,Eligible,Treatment,4,0,0,0.0
C003998,Lapsing Customers,Eligible,Treatment,2,0,0,0.0
C003999,Lapsing Customers,Eligible,Treatment,3,0,0,0.0
C004000,High-Value Loyalists,Eligible,Treatment,4,1,0,0.0
C004001,Browsers / No Purchase,Eligible,Treatment,6,0,0,0.0
C004002,Lapsing Customers,Eligible,Treatment,6,0,0,0.0
C004003,Browsers / No Purchase,Eligible,Treatment,1,0,0,0.0
C004004,Lapsing Customers,Suppressed,Suppressed,0,0,1,73.79
C004005,New Customers,Suppressed,Suppressed,0,0,0,0.0
C004006,High-Value Loyalists,Eligible,Treatment,6,0,0,0.0
C004007,New Customers,Eligible,Treatment,3,0,0,0.0
C004008,High-Value Loyalists,Eligible,Treatment,5,1,0,0.0
C004009,High-Value Loyalists,Eligible,Treatment,1,0,0,0.0
C004010,New Customers,Eligible,Treatment,4,1,0,0.0
C004011,Lapsing Customers,Eligible,Treatment,3,1,0,0.0
C004012,High-Value Loyalists,Eligible,Treatment,2,0,0,0.0
C004013,Browsers / No Purchase,Eligible,Treatment,2,1,0,0.0
C004014,High-Value Loyalists,Eligible,Treatment,1,0,1,61.04
C004015,New Customers,Eligible,Control,0,0,0,0.0
C004016,New Customers,Eligible,Treatment,2,0,0,0.0
C004017,Lapsing Customers,Suppressed,Suppressed,0,0,0,0.0
C004018,Lapsing Customers,Eligible,Treatment,2,0,0,0.0
C004019,High-Value Loyalists,Eligible,Treatment,5,0,0,0.0
C004020,Browsers / No Purchase,Eligible,Treatment,4,0,0,0.0
C004021,Lapsing Customers,Eligible,Treatment,2,0,0,0.0
C004022,High-Value Loyalists,Eligible,Treatment,4,1,0,0.0
C004023,Lapsing Customers,Eligible,Treatment,2,1,0,0.0
C004024,Browsers / No Purchase,Eligible,Treatment,6,2,0,0.0
C004025,Browsers / No Purchase,Eligible,Treatment,1,0,0,0.0
C004026,Browsers / No Purchase,Eligible,Treatment,3,0,0,0.0
C004027,New Customers,Eligible,Treatment,4,0,0,0.0
C004028,New Customers,Eligible,Treatment,6,0,0,0.0
C004029,New Customers,Eligible,Treatment,1,0,0,0.0
C004030,Browsers / No Purchase,Eligible,Treatment,5,0,0,0.0
C004031,New Customers,Eligible,Treatment,2,0,0,0.0
C004032,Lapsing Customers,Eligible,Treatment,5,0,0,0.0
C004033,New Customers,Suppressed,Suppressed,0,0,0,0.0
C004034,New Customers,Eligible,Control,0,0,0,0.0
C004035,High-Value Loyalists,Eligible,Treatment,6,0,0,0.0
C004036,Lapsing Customers,Eligible,Treatment,4,0,1,66.77
C004037,Lapsing Customers,Eligible,Treatment,1,0,0,0.0
C004038,Browsers / No Purchase,Eligible,Treatment,4,0,0,0.0
C004039,Lapsing Customers,Eligible,Treatment,5,0,0,0.0
C004040,Browsers / No Purchase,Suppressed,Suppressed,0,0,0,0.0
C004041,Lapsing Customers,Eligible,Treatment,2,1,1,100.88
C004042,Browsers / No Purchase,Eligible,Treatment,4,0,0,0.0
C004043,High-Value Loyalists,Eligible,Treatment,1,0,0,0.0
C004044,Browsers / No Purchase,Eligible,Treatment,6,1,0,0.0
C004045,New Customers,Eligible,Treatment,2,0,0,0.0
C004046,Lapsing Customers,Eligible,Treatment,2,1,1,79.39
C004047,Lapsing Customers,Eligible,Treatment,5,0,0,0.0
C004048,Lapsing Customers,Eligible,Treatment,1,0,0,0.0
C004049,Lapsing Customers,Eligible,Treatment,1,0,0,0.0
C004050,Browsers / No Purchase,Eligible,Control,0,0,0,0.0
C004051,Browsers / No Purchase,Eligible,Treatment,1,1,0,0.0
C004052,New Customers,Eligible,Treatment,6,0,0,0.0
C004053,New Customers,Eligible,Treatment,5,1,0,0.0
C004054,Lapsing Customers,Eligible,Treatment,2,0,0,0.0
C004055,Browsers / No Purchase,Eligible,Treatment,1,0,0,0.0
C004056,Browsers / No Purchase,Eligible,Treatment,1,0,0,0.0
C004057,Lapsing Customers,Eligible,Treatment,4,0,0,0.0
C004058,Browsers / No Purchase,Eligible,Treatment,4,0,0,0.0
C004059,Lapsing Customers,Eligible,Treatment,3,0,0,0.0
C004060,Browsers / No Purchase,Eligible,Treatment,5,0,1,41.46
C004061,Browsers / No Purchase,Eligible,Treatment,4,1,0,0.0
C004062,Browsers / No Purchase,Eligible,Treatment,4,0,0,0.0
C004063,High-Value Loyalists,Eligible,Treatment,1,0,0,0.0
C004064,New Customers,Eligible,Treatment,2,0,0,0.0
C004065,High-Value Loyalists,Eligible,Control,0,0,0,0.0
C004066,Browsers / No Purchase,Eligible,Treatment,3,0,0,0.0
C004067,Lapsing Customers,Eligible,Treatment,2,0,0,0.0
C004068,New Customers,Eligible,Treatment,2,0,0,0.0
C004069,Browsers / No Purchase,Eligible,Treatment,1,0,0,0.0
C004070,High-Value Loyalists,Suppressed,Suppressed,0,0,1,88.27
C004071,Lapsing Customers,Suppressed,Suppressed,0,0,0,0.0
C004072,New Customers,Eligible,Treatment,4,0,0,0.0
C004073,Lapsing Customers,Eligible,Treatment,6,0,0,0.0
C004074,High-Value Loyalists,Eligible,Treatment,1,0,1,33.3
C004075,High-Value Loyalists,Eligible,Treatment,3,0,0,0.0
C004076,Lapsing Customers,Eligible,Treatment,5,0,0,0.0
C004077,New Customers,Suppressed,Suppressed,0,0,1,69.76
C004078,New Customers,Eligible,Treatment,5,0,0,0.0
C004079,High-Value Loyalists,Suppressed,Suppressed,0,0,1,53.15
C004080,Lapsing Customers,Suppressed,Suppressed,0,0,0,0.0
C004081,Lapsing Customers,Eligible,Treatment,2,0,0,0.0
C004082,Lapsing Customers,Eligible,Treatment,6,1,0,0.0
C004083,Browsers / No Purchase,Eligible,Treatment,6,1,0,0.0
C004084,Lapsing Customers,Eligible,Treatment,2,1,0,0.0
C004085,New Customers,Eligible,Control,0,0,0,0.0
C004086,Browsers / No Purchase,Eligible,Treatment,2,0,0,0.0
C004087,New Customers,Eligible,Treatment,6,0,0,0.0
C004088,New Customers,Suppressed,Suppressed,0,0,0,0.0
C004089,High-Value Loyalists,Eligible,Treatment,3,2,1,34.25
C004090,High-Value Loyalists,Eligible,Treatment,5,0,0,0.0
C004091,High-Value Loyalists,Eligible,Treatment,2,1,1,63.46
C004092,Browsers / No Purchase,Eligible,Treatment,1,0,0,0.0
C004093,Browsers / No Purchase,Eligible,Treatment,6,1,0,0.0
C004094,High-Value Loyalists,Suppressed,Suppressed,0,0,1,56.85
C004095,Lapsing Customers,Eligible,Treatment,1,0,0,0.0
C004096,Lapsing Customers,Eligible,Treatment,5,1,0,0.0
C004097,New Customers,Eligible,Treatment,1,0,0,0.0
C004098,New Customers,Suppressed,Suppressed,0,0,0,0.0
C004099,New Customers,Eligible,Treatment,2,0,0,0.0
C004100,Browsers / No Purchase,Eligible,Control,0,0,0,0.0
C004101,Lapsing Customers,Eligible,Treatment,2,0,0,0.0
C004102,New Customers,Eligible,Treatment,6,1,0,0.0
C004103,New Customers,Eligible,Control,0,0,1,149.34
C004104,Lapsing Customers,Eligible,Treatment,5,0,0,0.0
C004105,Browsers / No Purchase,Eligible,Treatment,6,0,0,0.0
C004106,High-Value Loyalists,Eligible,Treatment,3,0,1,125.56
C004107,Browsers / No Purchase,Eligible,Treatment,1,0,0,0.0
C004108,Browsers / No Purchase,Eligible,Treatment,5,1,0,0.0
C004109,Browsers / No Purchase,Eligible,Treatment,1,0,0,0.0
C004110,New Customers,Eligible,Treatment,6,0,0,0.0
C004111,Lapsing Customers,Eligible,Treatment,3,0,0,0.0
C004112,Browsers / No Purchase,Eligible,Treatment,6,0,0,0.0
C004113,Browsers / No Purchase,Eligible,Treatment,1,0,0,0.0
C004114,New Customers,Eligible,Treatment,6,0,0,0.0
C004115,Browsers / No Purchase,Suppressed,Suppressed,0,0,0,0.0
C004116,Lapsing Customers,Eligible,Treatment,5,0,0,0.0
C004117,New Customers,Eligible,Treatment,3,1,1,15.38
C004118,Browsers / No Purchase,Eligible,Treatment,4,1,0,0.0
C004119,Lapsing Customers,Eligible,Treatment,2,0,0,0.0
C004120,New Customers,Eligible,Treatment,4,0,0,0.0
C004121,Browsers / No Purchase,Eligible,Treatment,4,0,0,0.0
C004122,Browsers / No Purchase,Eligible,Treatment,2,0,1,45.07
C004123,Browsers / No Purchase,Suppressed,Suppressed,0,0,0,0.0
C004124,Lapsing Customers,Eligible,Treatment,3,1,0,0.0
C004125,Browsers / No Purchase,Eligible,Treatment,3,0,0,0.0
C004126,High-Value Loyalists,Eligible,Treatment,1,0,0,0.0
C004127,New Customers,Eligible,Treatment,1,0,0,0.0
C004128,Lapsing Customers,Eligible,Treatment,1,0,0,0.0
C004129,Browsers / No Purchase,Eligible,Treatment,4,0,0,0.0
C004130,Browsers / No Purchase,Eligible,Treatment,1,0,0,0.0
C004131,Browsers / No Purchase,Suppressed,Suppressed,0,0,0,0.0
C004132,New Customers,Eligible,Treatment,3,0,0,0.0
C004133,Lapsing Customers,Eligible,Treatment,5,2,0,0.0
C004134,New Customers,Eligible,Treatment,1,0,0,0.0
C004135,New Customers,Eligible,Treatment,4,0,0,0.0
C004136,High-Value Loyalists,Eligible,Treatment,6,2,0,0.0
C004137,New Customers,Eligible,Treatment,6,0,0,0.0
C004138,Browsers / No Purchase,Eligible,Treatment,6,0,0,0.0
C004139,Browsers / No Purchase,Eligible,Treatment,6,0,1,110.23
C004140,Browsers / No Purchase,Eligible,Treatment,5,0,0,0.0
C004141,Lapsing Customers,Eligible,Treatment,5,0,0,0.0
C004142,New Customers,Eligible,Treatment,4,0,0,0.0
C004143,High-Value Loyalists,Eligible,Treatment,5,0,0,0.0
C004144,Lapsing Customers,Eligible,Treatment,6,0,0,0.0
C004145,Lapsing Customers,Eligible,Treatment,2,0,1,48.55
C004146,Lapsing Customers,Eligible,Treatment,2,0,0,0.0
C004147,High-Value Loyalists,Suppressed,Suppressed,0,0,0,0.0
C004148,New Customers,Eligible,Treatment,4,0,0,0.0
C004149,Lapsing Customers,Eligible,Treatment,6,0,0,0.0
C004150,Lapsing Customers,Suppressed,Suppressed,0,0,0,0.0
C004151,Lapsing Customers,Eligible,Treatment,2,1,1,70.03
C004152,New Customers,Suppressed,Suppressed,0,0,0,0.0
C004153,Lapsing Customers,Eligible,Control,0,0,0,0.0
C004154,Lapsing Customers,Eligible,Treatment,6,0,0,0.0
C004155,New Customers,Eligible,Treatment,3,0,0,0.0
C004156,High-Value Loyalists,Eligible,Treatment,2,0,0,0.0
C004157,Browsers / No Purchase,Eligible,Treatment,3,0,0,0.0
C004158,High-Value Loyalists,Eligible,Control,0,0,1,82.57
C004159,Lapsing Customers,Eligible,Treatment,6,0,0,0.0
C004160,Lapsing Customers,Eligible,Treatment,1,0,0,0.0
C004161,New Customers,Eligible,Treatment,5,0,0,0.0
C004162,Lapsing Customers,Eligible,Treatment,4,2,0,0.0
C004163,Browsers / No Purchase,Eligible,Control,0,0,0,0.0
C004164,Lapsing Customers,Eligible,Control,0,0,0,0.0
C004165,New Customers,Suppressed,Suppressed,0,0,0,0.0
C004166,Lapsing Customers,Suppressed,Suppressed,0,0,0,0.0
C004167,High-Value Loyalists,Eligible,Treatment,5,0,1,99.27
C004168,Lapsing Customers,Eligible,Treatment,4,0,0,0.0
C004169,New Customers,Eligible,Treatment,5,1,0,0.0
C004170,Lapsing Customers,Eligible,Treatment,5,0,0,0.0
C004171,Browsers / No Purchase,Eligible,Treatment,2,0,0,0.0
C004172,Browsers / No Purchase,Suppressed,Suppressed,0,0,0,0.0
C004173,Browsers / No Purchase,Eligible,Treatment,5,0,0,0.0
C004174,Lapsing Customers,Suppressed,Suppressed,0,0,0,0.0
C004175,Browsers / No Purchase,Eligible,Treatment,3,0,0,0.0
C004176,New Customers,Eligible,Treatment,4,0,0,0.0
C004177,New Customers,Eligible,Treatment,2,0,0,0.0
C004178,Browsers / No Purchase,Eligible,Treatment,1,0,0,0.0
C004179,New Customers,Eligible,Treatment,2,0,0,0.0
C004180,Browsers / No Purchase,Eligible,Treatment,2,0,0,0.0
C004181,Browsers / No Purchase,Eligible,Treatment,4,0,0,0.0
C004182,High-Value Loyalists,Eligible,Treatment,6,1,0,0.0
C004183,New Customers,Eligible,Treatment,4,0,0,0.0
C004184,New Customers,Suppressed,Suppressed,0,0,0,0.0
C004185,Browsers / No Purchase,Suppressed,Suppressed,0,0,0,0.0
C004186,Browsers / No Purchase,Eligible,Treatment,5,0,0,0.0
C004187,High-Value Loyalists,Eligible,Treatment,1,0,0,0.0
C004188,High-Value Loyalists,Eligible,Treatment,5,0,1,70.13
C004189,High-Value Loyalists,Eligible,Treatment,3,0,0,0.0
C004190,New Customers,Eligible,Treatment,4,1,0,0.0
C004191,High-Value Loyalists,Eligible,Treatment,2,0,0,0.0
C004192,Browsers / No Purchase,Suppressed,Suppressed,0,0,0,0.0
C004193,New Customers,Eligible,Treatment,5,0,0,0.0
C004194,Browsers / No Purchase,Eligible,Treatment,6,1,0,0.0
C004195,Lapsing Customers,Eligible,Treatment,1,0,1,112.23
C004196,New Customers,Eligible,Treatment,3,0,0,0.0
C004197,High-Value Loyalists,Eligible,Treatment,4,1,1,40.99
C004198,Browsers / No Purchase,Eligible,Control,0,0,0,0.0
C004199,High-Value Loyalists,Eligible,Control,0,0,1,161.09
C004200,High-Value Loyalists,Eligible,Treatment,5,0,0,0.0
C004201,Lapsing Customers,Eligible,Treatment,1,0,0,0.0
C004202,Browsers / No Purchase,Eligible,Treatment,3,0,0,0.0
C004203,High-Value Loyalists,Eligible,Treatment,2,0,1,78.65
C004204,New Customers,Eligible,Treatment,3,0,0,0.0
C004205,Browsers / No Purchase,Eligible,Treatment,3,0,0,0.0
C004206,Browsers / No Purchase,Eligible,Treatment,2,0,0,0.0
C004207,High-Value Loyalists,Eligible,Treatment,5,0,0,0.0
C004208,High-Value Loyalists,Eligible,Control,0,0,0,0.0
C004209,Lapsing Customers,Eligible,Control,0,0,0,0.0
C004210,Lapsing Customers,Suppressed,Suppressed,0,0,0,0.0
C004211,New Customers,Eligible,Treatment,4,1,0,0.0
C004212,Lapsing Customers,Eligible,Treatment,2,0,0,0.0
C004213,Lapsing Customers,Eligible,Treatment,6,1,0,0.0
C004214,High-Value Loyalists,Suppressed,Suppressed,0,0,0,0.0
C004215,New Customers,Eligible,Treatment,6,0,0,0.0
C004216,High-Value Loyalists,Eligible,Treatment,3,1,0,0.0
C004217,New Customers,Eligible,Treatment,1,0,0,0.0
C004218,High-Value Loyalists,Eligible,Treatment,5,1,0,0.0
C004219,Browsers / No Purchase,Eligible,Treatment,4,0,0,0.0
C004220,New Customers,Eligible,Treatment,5,0,0,0.0
C004221,High-Value Loyalists,Eligible,Treatment,3,0,0,0.0
C004222,High-Value Loyalists,Eligible,Treatment,4,0,1,244.81
C004223,Lapsing Customers,Eligible,Treatment,1,0,0,0.0
C004224,High-Value Loyalists,Eligible,Treatment,3,0,0,0.0
C004225,Lapsing Customers,Eligible,Treatment,4,0,0,0.0
C004226,Browsers / No Purchase,Eligible,Treatment,5,0,0,0.0
C004227,New Customers,Eligible,Control,0,0,1,80.64
C004228,High-Value Loyalists,Eligible,Treatment,1,1,0,0.0
C004229,New Customers,Eligible,Treatment,3,0,0,0.0
C004230,Lapsing Customers,Eligible,Treatment,5,1,0,0.0
C004231,Browsers / No Purchase,Eligible,Treatment,1,0,0,0.0
C004232,High-Value Loyalists,Eligible,Control,0,0,0,0.0
C004233,Browsers / No Purchase,Eligible,Treatment,6,1,0,0.0
C004234,Browsers / No Purchase,Eligible,Treatment,6,1,0,0.0
C004235,High-Value Loyalists,Eligible,Treatment,2,0,0,0.0
C004236,High-Value Loyalists,Suppressed,Suppressed,0,0,0,0.0
C004237,Lapsing Customers,Eligible,Treatment,2,0,0,0.0
C004238,Browsers / No Purchase,Eligible,Control,0,0,0,0.0
C004239,New Customers,Suppressed,Suppressed,0,0,0,0.0
C004240,New Customers,Eligible,Treatment,5,0,0,0.0
C004241,Browsers / No Purchase,Eligible,Treatment,3,1,0,0.0
C004242,Browsers / No Purchase,Eligible,Treatment,2,0,0,0.0
C004243,Lapsing Customers,Eligible,Treatment,6,0,1,84.71
C004244,New Customers,Suppressed,Suppressed,0,0,0,0.0
C004245,Browsers / No Purchase,Eligible,Treatment,3,0,0,0.0
C004246,Lapsing Customers,Eligible,Treatment,4,1,0,0.0
C004247,Browsers / No Purchase,Eligible,Treatment,1,0,0,0.0
C004248,High-Value Loyalists,Suppressed,Suppressed,0,0,0,0.0
C004249,High-Value Loyalists,Eligible,Control,0,0,1,56.94
C004250,Browsers / No Purchase,Eligible,Treatment,2,0,0,0.0
C004251,Lapsing Customers,Eligible,Treatment,5,0,0,0.0
C004252,High-Value Loyalists,Eligible,Treatment,5,1,0,0.0
C004253,High-Value Loyalists,Eligible,Treatment,3,0,0,0.0
C004254,New Customers,Suppressed,Suppressed,0,0,0,0.0
C004255,Browsers / No Purchase,Eligible,Control,0,0,0,0.0
C004256,High-Value Loyalists,Eligible,Control,0,0,0,0.0
C004257,High-Value Loyalists,Eligible,Treatment,3,1,0,0.0
C004258,Lapsing Customers,Suppressed,Suppressed,0,0,0,0.0
C004259,Browsers / No Purchase,Eligible,Treatment,3,0,0,0.0
C004260,Lapsing Customers,Eligible,Treatment,2,1,0,0.0
C004261,Browsers / No Purchase,Suppressed,Suppressed,0,0,0,0.0
C004262,Browsers / No Purchase,Eligible,Control,0,0,0,0.0
C004263,Lapsing Customers,Eligible,Treatment,4,0,0,0.0
C004264,Browsers / No Purchase,Suppressed,Suppressed,0,0,0,0.0
C004265,New Customers,Eligible,Treatment,3,1,0,0.0
C004266,New Customers,Eligible,Treatment,3,0,0,0.0
C004267,Lapsing Customers,Eligible,Treatment,2,1,0,0.0
C004268,Browsers / No Purchase,Eligible,Treatment,6,0,0,0.0
C004269,Browsers / No Purchase,Eligible,Treatment,5,0,0,0.0
C004270,Browsers / No Purchase,Eligible,Control,0,0,0,0.0
C004271,Browsers / No Purchase,Eligible,Treatment,4,2,1,107.45
C004272,Lapsing Customers,Eligible,Treatment,3,0,0,0.0
C004273,Browsers / No Purchase,Suppressed,Suppressed,0,0,0,0.0
C004274,Browsers / No Purchase,Eligible,Treatment,6,0,0,0.0
C004275,Lapsing Customers,Eligible,Treatment,1,0,1,42.25
C004276,High-Value Loyalists,Eligible,Treatment,2,0,0,0.0
C004277,Lapsing Customers,Eligible,Treatment,2,0,0,0.0
C004278,Browsers / No Purchase,Eligible,Treatment,4,0,0,0.0
C004279,Lapsing Customers,Eligible,Control,0,0,0,0.0
C004280,Browsers / No Purchase,Suppressed,Suppressed,0,0,0,0.0
C004281,High-Value Loyalists,Eligible,Treatment,1,0,1,134.05
C004282,Lapsing Customers,Eligible,Treatment,6,1,0,0.0
C004283,New Customers,Eligible,Treatment,6,0,1,84.6
C004284,High-Value Loyalists,Eligible,Treatment,3,1,0,0.0
C004285,Browsers / No Purchase,Eligible,Treatment,4,0,0,0.0
C004286,High-Value Loyalists,Eligible,Treatment,1,0,0,0.0
C004287,Browsers / No Purchase,Eligible,Treatment,5,1,0,0.0
C004288,Lapsing Customers,Eligible,Treatment,2,0,0,0.0
C004289,Browsers / No Purchase,Suppressed,Suppressed,0,0,0,0.0
C004290,New Customers,Eligible,Control,0,0,0,0.0
C004291,High-Value Loyalists,Eligible,Treatment,4,0,0,0.0
C004292,High-Value Loyalists,Eligible,Treatment,3,0,0,0.0
C004293,High-Value Loyalists,Eligible,Treatment,5,0,1,107.03
C004294,New Customers,Eligible,Treatment,5,0,0,0.0
C004295,Browsers / No Purchase,Eligible,Treatment,2,0,0,0.0
C004296,Lapsing Customers,Eligible,Treatment,5,0,0,0.0
C004297,Lapsing Customers,Eligible,Treatment,5,1,0,0.0
C004298,New Customers,Eligible,Treatment,1,0,1,91.74
C004299,New Customers,Eligible,Control,0,0,0,0.0
C004300,New Customers,Eligible,Treatment,1,1,0,0.0
C004301,Lapsing Customers,Eligible,Treatment,6,0,0,0.0
C004302,Browsers / No Purchase,Eligible,Treatment,2,0,0,0.0
C004303,Browsers / No Purchase,Eligible,Treatment,6,0,0,0.0
C004304,Lapsing Customers,Eligible,Treatment,3,1,1,35.78
C004305,High-Value Loyalists,Eligible,Treatment,2,0,0,0.0
C004306,High-Value Loyalists,Eligible,Treatment,4,0,1,76.94
C004307,New Customers,Eligible,Control,0,0,0,0.0
C004308,Lapsing Customers,Eligible,Treatment,3,0,0,0.0
C004309,Browsers / No Purchase,Eligible,Treatment,1,0,0,0.0
C004310,New Customers,Eligible,Treatment,5,3,0,0.0
C004311,New Customers,Eligible,Treatment,5,2,0,0.0
C004312,Browsers / No Purchase,Eligible,Treatment,4,0,0,0.0
C004313,Lapsing Customers,Eligible,Treatment,2,0,0,0.0
C004314,Browsers / No Purchase,Eligible,Treatment,5,0,0,0.0
C004315,High-Value Loyalists,Suppressed,Suppressed,0,0,0,0.0
C004316,New Customers,Eligible,Treatment,6,0,0,0.0
C004317,Browsers / No Purchase,Eligible,Treatment,2,0,0,0.0
C004318,Browsers / No Purchase,Eligible,Treatment,4,0,0,0.0
C004319,Browsers / No Purchase,Eligible,Treatment,4,0,0,0.0
C004320,Lapsing Customers,Eligible,Treatment,4,0,1,74.62
C004321,Browsers / No Purchase,Eligible,Treatment,1,0,0,0.0
C004322,New Customers,Eligible,Treatment,5,0,0,0.0
C004323,New Customers,Eligible,Treatment,4,0,0,0.0
C004324,High-Value Loyalists,Eligible,Treatment,4,0,0,0.0
C004325,Lapsing Customers,Eligible,Treatment,3,1,0,0.0
C004326,New Customers,Eligible,Treatment,6,1,0,0.0
C004327,High-Value Loyalists,Eligible,Control,0,0,0,0.0
C004328,Browsers / No Purchase,Eligible,Treatment,4,0,0,0.0
C004329,Browsers / No Purchase,Eligible,Control,0,0,0,0.0
C004330,Browsers / No Purchase,Suppressed,Suppressed,0,0,0,0.0
C004331,High-Value Loyalists,Eligible,Treatment,5,0,0,0.0
C004332,Browsers / No Purchase,Eligible,Treatment,3,0,0,0.0
C004333,High-Value Loyalists,Eligible,Control,0,0,0,0.0
C004334,Lapsing Customers,Eligible,Treatment,2,1,0,0.0
C004335,Browsers / No Purchase,Eligible,Treatment,5,0,0,0.0
C004336,High-Value Loyalists,Eligible,Treatment,6,0,0,0.0
C004337,High-Value Loyalists,Suppressed,Suppressed,0,0,0,0.0
C004338,High-Value Loyalists,Eligible,Treatment,2,0,0,0.0
C004339,New Customers,Eligible,Treatment,3,0,0,0.0
C004340,Browsers / No Purchase,Suppressed,Suppressed,0,0,0,0.0
C004341,High-Value Loyalists,Eligible,Treatment,4,0,0,0.0
C004342,High-Value Loyalists,Eligible,Treatment,6,1,0,0.0
C004343,New Customers,Eligible,Treatment,2,0,1,25.11
C004344,Lapsing Customers,Suppressed,Suppressed,0,0,0,0.0
C004345,Browsers / No Purchase,Eligible,Treatment,3,1,0,0.0
C004346,Browsers / No Purchase,Suppressed,Suppressed,0,0,0,0.0
C004347,Browsers / No Purchase,Eligible,Treatment,6,1,0,0.0
C004348,Browsers / No Purchase,Eligible,Treatment,6,1,0,0.0
C004349,New Customers,Eligible,Treatment,3,0,0,0.0
C004350,Browsers / No Purchase,Eligible,Treatment,3,0,0,0.0
C004351,High-Value Loyalists,Suppressed,Suppressed,0,0,0,0.0
C004352,High-Value Loyalists,Eligible,Treatment,6,1,0,0.0
C004353,New Customers,Eligible,Treatment,4,0,0,0.0
C004354,High-Value Loyalists,Eligible,Treatment,5,0,1,89.28
C004355,Browsers / No Purchase,Eligible,Treatment,1,1,0,0.0
C004356,New Customers,Eligible,Treatment,2,0,0,0.0
C004357,Browsers / No Purchase,Eligible,Treatment,5,0,0,0.0
C004358,Lapsing Customers,Eligible,Treatment,3,0,0,0.0
C004359,New Customers,Eligible,Treatment,6,0,0,0.0
C004360,Browsers / No Purchase,Eligible,Treatment,6,1,0,0.0
C004361,Lapsing Customers,Eligible,Treatment,6,0,0,0.0
C004362,New Customers,Eligible,Treatment,4,1,0,0.0
C004363,New Customers,Eligible,Treatment,5,0,0,0.0
C004364,Browsers / No Purchase,Eligible,Treatment,4,0,0,0.0
C004365,Browsers / No Purchase,Eligible,Treatment,3,2,0,0.0
C004366,High-Value Loyalists,Suppressed,Suppressed,0,0,1,34.38
C004367,Lapsing Customers,Eligible,Treatment,3,0,1,23.83
C004368,New Customers,Eligible,Treatment,5,0,0,0.0
C004369,High-Value Loyalists,Eligible,Treatment,3,0,0,0.0
C004370,Lapsing Customers,Eligible,Treatment,3,0,0,0.0
C004371,Lapsing Customers,Eligible,Treatment,3,0,0,0.0
C004372,High-Value Loyalists,Eligible,Treatment,6,1,1,73.61
C004373,New Customers,Eligible,Treatment,3,0,0,0.0
C004374,High-Value Loyalists,Eligible,Treatment,4,0,0,0.0
C004375,New Customers,Eligible,Treatment,5,0,0,0.0
C004376,High-Value Loyalists,Eligible,Treatment,6,0,0,0.0
C004377,Browsers / No Purchase,Eligible,Treatment,5,0,0,0.0
C004378,High-Value Loyalists,Eligible,Treatment,4,2,0,0.0
C004379,Browsers / No Purchase,Suppressed,Suppressed,0,0,0,0.0
C004380,High-Value Loyalists,Eligible,Treatment,2,0,1,25.74
C004381,New Customers,Eligible,Treatment,4,2,0,0.0
C004382,Lapsing Customers,Eligible,Treatment,1,0,0,0.0
C004383,Lapsing Customers,Eligible,Treatment,5,0,0,0.0
C004384,Lapsing Customers,Suppressed,Suppressed,0,0,0,0.0
C004385,Browsers / No Purchase,Eligible,Treatment,4,1,0,0.0
C004386,Browsers / No Purchase,Eligible,Treatment,4,0,0,0.0
C004387,Lapsing Customers,Eligible,Treatment,6,0,0,0.0
C004388,High-Value Loyalists,Eligible,Treatment,6,0,0,0.0
C004389,Browsers / No Purchase,Eligible,Treatment,6,1,0,0.0
C004390,New Customers,Eligible,Treatment,6,0,0,0.0
C004391,Lapsing Customers,Eligible,Control,0,0,0,0.0
C004392,Browsers / No Purchase,Eligible,Treatment,3,0,0,0.0
C004393,New Customers,Eligible,Treatment,6,1,1,48.31
C004394,New Customers,Eligible,Treatment,6,0,0,0.0
C004395,Lapsing Customers,Suppressed,Suppressed,0,0,0,0.0
C004396,Lapsing Customers,Eligible,Treatment,6,0,0,0.0
C004397,High-Value Loyalists,Eligible,Treatment,4,1,0,0.0
C004398,Browsers / No Purchase,Eligible,Control,0,0,0,0.0
C004399,High-Value Loyalists,Eligible,Treatment,6,0,0,0.0
C004400,Browsers / No Purchase,Eligible,Treatment,3,0,0,0.0
C004401,Browsers / No Purchase,Eligible,Treatment,4,0,1,139.51
C004402,Browsers / No Purchase,Eligible,Treatment,4,0,0,0.0
C004403,High-Value Loyalists,Eligible,Treatment,5,3,1,74.88
C004404,Lapsing Customers,Eligible,Treatment,1,0,0,0.0
C004405,Lapsing Customers,Eligible,Treatment,1,0,0,0.0
C004406,New Customers,Eligible,Treatment,2,0,0,0.0
C004407,Browsers / No Purchase,Eligible,Treatment,3,1,0,0.0
C004408,Lapsing Customers,Eligible,Control,0,0,0,0.0
C004409,Browsers / No Purchase,Eligible,Control,0,0,0,0.0
C004410,High-Value Loyalists,Eligible,Treatment,6,1,0,0.0
C004411,Lapsing Customers,Eligible,Treatment,5,0,0,0.0
C004412,High-Value Loyalists,Eligible,Treatment,6,0,1,147.8
C004413,Browsers / No Purchase,Eligible,Treatment,3,0,0,0.0
C004414,High-Value Loyalists,Eligible,Treatment,1,0,0,0.0
C004415,Lapsing Customers,Eligible,Treatment,5,0,0,0.0
C004416,Browsers / No Purchase,Eligible,Treatment,5,0,0,0.0
C004417,New Customers,Eligible,Treatment,1,0,0,0.0
C004418,High-Value Loyalists,Eligible,Treatment,1,1,0,0.0
C004419,High-Value Loyalists,Eligible,Treatment,3,0,0,0.0
C004420,New Customers,Eligible,Treatment,6,1,0,0.0
C004421,Lapsing Customers,Eligible,Treatment,1,0,0,0.0
C004422,High-Value Loyalists,Eligible,Treatment,4,0,0,0.0
C004423,New Customers,Eligible,Treatment,6,0,0,0.0
C004424,Lapsing Customers,Eligible,Treatment,1,0,1,47.15
C004425,New Customers,Eligible,Treatment,6,2,0,0.0
C004426,Lapsing Customers,Eligible,Treatment,6,0,0,0.0
C004427,High-Value Loyalists,Eligible,Treatment,3,0,0,0.0
C004428,High-Value Loyalists,Eligible,Control,0,0,0,0.0
C004429,Lapsing Customers,Eligible,Treatment,5,0,0,0.0
C004430,High-Value Loyalists,Suppressed,Suppressed,0,0,0,0.0
C004431,Lapsing Customers,Eligible,Treatment,3,1,0,0.0
C004432,Browsers / No Purchase,Eligible,Treatment,1,0,0,0.0
C004433,Browsers / No Purchase,Eligible,Treatment,3,0,0,0.0
C004434,Lapsing Customers,Eligible,Control,0,0,0,0.0
C004435,New Customers,Eligible,Treatment,3,0,0,0.0
C004436,New Customers,Eligible,Treatment,2,0,0,0.0
C004437,Browsers / No Purchase,Eligible,Control,0,0,0,0.0
C004438,Lapsing Customers,Eligible,Treatment,6,0,0,0.0
C004439,Lapsing Customers,Eligible,Control,0,0,0,0.0
C004440,Lapsing Customers,Eligible,Treatment,4,1,1,86.6
C004441,High-Value Loyalists,Eligible,Treatment,3,0,0,0.0
C004442,Lapsing Customers,Eligible,Treatment,5,1,0,0.0
C004443,Browsers / No Purchase,Eligible,Treatment,5,1,0,0.0
C004444,Browsers / No Purchase,Eligible,Control,0,0,0,0.0
C004445,High-Value Loyalists,Eligible,Treatment,3,1,0,0.0
C004446,Lapsing Customers,Eligible,Treatment,2,0,1,86.15
C004447,Lapsing Customers,Eligible,Treatment,1,0,0,0.0
C004448,New Customers,Suppressed,Suppressed,0,0,0,0.0
C004449,New Customers,Eligible,Treatment,6,2,0,0.0
C004450,High-Value Loyalists,Eligible,Treatment,5,1,0,0.0
C004451,Browsers / No Purchase,Eligible,Treatment,4,1,0,0.0
C004452,Browsers / No Purchase,Eligible,Treatment,4,1,0,0.0
C004453,New Customers,Eligible,Treatment,6,0,0,0.0
C004454,New Customers,Eligible,Treatment,3,0,0,0.0
C004455,New Customers,Suppressed,Suppressed,0,0,0,0.0
C004456,Lapsing Customers,Eligible,Treatment,1,0,1,93.5
C004457,High-Value Loyalists,Eligible,Treatment,4,1,0,0.0
C004458,New Customers,Eligible,Treatment,3,0,0,0.0
C004459,High-Value Loyalists,Eligible,Control,0,0,0,0.0
C004460,Browsers / No Purchase,Eligible,Treatment,4,1,0,0.0
C004461,Lapsing Customers,Eligible,Treatment,2,0,0,0.0
C004462,Lapsing Customers,Eligible,Treatment,1,1,0,0.0
C004463,Lapsing Customers,Eligible,Treatment,3,0,0,0.0
C004464,Browsers / No Purchase,Suppressed,Suppressed,0,0,0,0.0
C004465,High-Value Loyalists,Eligible,Treatment,1,0,0,0.0
C004466,High-Value Loyalists,Eligible,Treatment,6,2,0,0.0
C004467,High-Value Loyalists,Eligible,Treatment,1,0,1,44.71
C004468,New Customers,Eligible,Treatment,2,0,0,0.0
C004469,Browsers / No Purchase,Eligible,Treatment,1,0,0,0.0
C004470,Lapsing Customers,Eligible,Treatment,2,0,0,0.0
C004471,Browsers / No Purchase,Eligible,Treatment,2,0,0,0.0
C004472,Lapsing Customers,Eligible,Treatment,3,1,0,0.0
C004473,New Customers,Eligible,Control,0,0,0,0.0
C004474,High-Value Loyalists,Eligible,Treatment,5,0,1,87.36
C004475,New Customers,Eligible,Treatment,6,0,1,133.64
C004476,New Customers,Eligible,Treatment,3,0,0,0.0
C004477,New Customers,Eligible,Control,0,0,0,0.0
C004478,Lapsing Customers,Eligible,Treatment,1,0,0,0.0
C004479,Browsers / No Purchase,Eligible,Treatment,2,0,0,0.0
C004480,Browsers / No Purchase,Eligible,Treatment,5,0,0,0.0
C004481,Lapsing Customers,Eligible,Treatment,2,1,0,0.0
C004482,New Customers,Eligible,Treatment,4,0,0,0.0
C004483,Browsers / No Purchase,Eligible,Treatment,6,1,0,0.0
C004484,Lapsing Customers,Eligible,Treatment,5,0,0,0.0
C004485,Browsers / No Purchase,Eligible,Treatment,4,0,0,0.0
C004486,Lapsing Customers,Eligible,Treatment,2,1,0,0.0
C004487,Browsers / No Purchase,Eligible,Treatment,3,0,0,0.0
C004488,High-Value Loyalists,Eligible,Treatment,6,1,0,0.0
C004489,Lapsing Customers,Eligible,Treatment,3,0,0,0.0
C004490,New Customers,Eligible,Treatment,1,0,1,112.36
C004491,New Customers,Eligible,Treatment,3,1,1,57.34
C004492,Browsers / No Purchase,Suppressed,Suppressed,0,0,0,0.0
C004493,Browsers / No Purchase,Eligible,Treatment,3,0,0,0.0
C004494,High-Value Loyalists,Eligible,Treatment,1,0,0,0.0
C004495,Lapsing Customers,Suppressed,Suppressed,0,0,0,0.0
C004496,Lapsing Customers,Eligible,Treatment,2,0,1,34.93
C004497,Lapsing Customers,Eligible,Treatment,4,0,0,0.0
C004498,New Customers,Eligible,Treatment,1,0,0,0.0
C004499,Browsers / No Purchase,Eligible,Treatment,3,0,0,0.0
C004500,Browsers / No Purchase,Eligible,Treatment,5,0,0,0.0
C004501,High-Value Loyalists,Eligible,Treatment,1,0,0,0.0
C004502,Lapsing Customers,Eligible,Treatment,5,1,0,0.0
C004503,New Customers,Eligible,Treatment,1,0,0,0.0
C004504,Lapsing Customers,Eligible,Treatment,4,0,0,0.0
C004505,High-Value Loyalists,Eligible,Treatment,6,1,0,0.0
C004506,Lapsing Customers,Eligible,Treatment,6,0,0,0.0
C004507,Lapsing Customers,Eligible,Treatment,2,0,0,0.0
C004508,High-Value Loyalists,Eligible,Treatment,2,0,1,85.28
C004509,Browsers / No Purchase,Eligible,Control,0,0,0,0.0
C004510,Lapsing Customers,Suppressed,Suppressed,0,0,0,0.0
C004511,New Customers,Eligible,Treatment,3,0,0,0.0
C004512,New Customers,Eligible,Treatment,1,0,0,0.0
C004513,Browsers / No Purchase,Eligible,Treatment,3,0,0,0.0
C004514,High-Value Loyalists,Eligible,Treatment,3,0,1,55.85
C004515,High-Value Loyalists,Eligible,Treatment,1,0,0,0.0
C004516,Lapsing Customers,Eligible,Treatment,1,0,0,0.0
C004517,Lapsing Customers,Eligible,Control,0,0,0,0.0
C004518,Lapsing Customers,Eligible,Treatment,2,0,0,0.0
C004519,Browsers / No Purchase,Eligible,Control,0,0,0,0.0
C004520,Lapsing Customers,Eligible,Treatment,2,0,0,0.0
C004521,High-Value Loyalists,Eligible,Control,0,0,0,0.0
C004522,Lapsing Customers,Eligible,Treatment,4,0,0,0.0
C004523,Browsers / No Purchase,Eligible,Treatment,5,0,0,0.0
C004524,Browsers / No Purchase,Suppressed,Suppressed,0,0,0,0.0
C004525,Browsers / No Purchase,Eligible,Treatment,2,0,0,0.0
C004526,New Customers,Eligible,Treatment,1,0,0,0.0
C004527,Browsers / No Purchase,Eligible,Treatment,3,2,0,0.0
C004528,New Customers,Suppressed,Suppressed,0,0,0,0.0
C004529,Lapsing Customers,Suppressed,Suppressed,0,0,0,0.0
C004530,New Customers,Suppressed,Suppressed,0,0,1,66.78
C004531,Browsers / No Purchase,Eligible,Treatment,1,0,0,0.0
C004532,Lapsing Customers,Eligible,Treatment,2,1,0,0.0
C004533,New Customers,Eligible,Treatment,1,0,0,0.0
C004534,New Customers,Eligible,Treatment,4,0,0,0.0
C004535,New Customers,Eligible,Treatment,2,0,0,0.0
C004536,High-Value Loyalists,Eligible,Treatment,6,0,0,0.0
C004537,New Customers,Eligible,Treatment,5,1,0,0.0
C004538,Browsers / No Purchase,Eligible,Control,0,0,0,0.0
C004539,High-Value Loyalists,Eligible,Treatment,3,0,0,0.0
C004540,Lapsing Customers,Suppressed,Suppressed,0,0,0,0.0
C004541,High-Value Loyalists,Eligible,Treatment,4,1,0,0.0
C004542,High-Value Loyalists,Eligible,Treatment,4,1,0,0.0
C004543,Browsers / No Purchase,Eligible,Control,0,0,0,0.0
C004544,New Customers,Eligible,Control,0,0,1,64.3
C004545,Lapsing Customers,Eligible,Treatment,4,0,0,0.0
C004546,Lapsing Customers,Eligible,Treatment,4,0,0,0.0
C004547,Browsers / No Purchase,Eligible,Treatment,6,0,0,0.0
C004548,Lapsing Customers,Eligible,Treatment,5,1,0,0.0
C004549,Browsers / No Purchase,Eligible,Treatment,1,1,0,0.0
C004550,Lapsing Customers,Eligible,Control,0,0,0,0.0
C004551,High-Value Loyalists,Eligible,Treatment,1,0,0,0.0
C004552,New Customers,Eligible,Treatment,6,2,0,0.0
C004553,High-Value Loyalists,Eligible,Treatment,4,2,0,0.0
C004554,New Customers,Eligible,Treatment,5,1,0,0.0
C004555,Lapsing Customers,Eligible,Treatment,4,0,0,0.0
C004556,Browsers / No Purchase,Suppressed,Suppressed,0,0,1,55.92
C004557,Browsers / No Purchase,Eligible,Treatment,1,0,0,0.0
C004558,Browsers / No Purchase,Eligible,Treatment,3,1,0,0.0
C004559,High-Value Loyalists,Eligible,Treatment,5,0,0,0.0
C004560,Browsers / No Purchase,Suppressed,Suppressed,0,0,0,0.0
C004561,Browsers / No Purchase,Eligible,Treatment,3,0,0,0.0
C004562,Lapsing Customers,Eligible,Treatment,6,1,0,0.0
C004563,Lapsing Customers,Suppressed,Suppressed,0,0,1,145.21
C004564,Browsers / No Purchase,Eligible,Treatment,2,0,0,0.0
C004565,High-Value Loyalists,Eligible,Treatment,5,0,0,0.0
C004566,New Customers,Eligible,Treatment,1,0,0,0.0
C004567,Browsers / No Purchase,Eligible,Treatment,4,0,0,0.0
C004568,High-Value Loyalists,Eligible,Treatment,4,0,0,0.0
C004569,New Customers,Eligible,Treatment,2,0,0,0.0
C004570,New Customers,Suppressed,Suppressed,0,0,0,0.0
C004571,Lapsing Customers,Eligible,Treatment,3,0,0,0.0
C004572,Browsers / No Purchase,Eligible,Treatment,2,1,0,0.0
C004573,High-Value Loyalists,Eligible,Treatment,5,0,0,0.0
C004574,Lapsing Customers,Eligible,Treatment,3,1,0,0.0
C004575,Browsers / No Purchase,Eligible,Treatment,2,0,0,0.0
C004576,High-Value Loyalists,Eligible,Treatment,4,0,0,0.0
C004577,Browsers / No Purchase,Suppressed,Suppressed,0,0,0,0.0
C004578,High-Value Loyalists,Suppressed,Suppressed,0,0,1,65.81
C004579,New Customers,Eligible,Treatment,1,0,0,0.0
C004580,High-Value Loyalists,Suppressed,Suppressed,0,0,0,0.0
C004581,New Customers,Eligible,Control,0,0,0,0.0
C004582,Browsers / No Purchase,Eligible,Treatment,3,0,0,0.0
C004583,Browsers / No Purchase,Suppressed,Suppressed,0,0,0,0.0
C004584,Browsers / No Purchase,Eligible,Treatment,2,0,0,0.0
C004585,New Customers,Eligible,Treatment,5,1,0,0.0
C004586,Browsers / No Purchase,Suppressed,Suppressed,0,0,0,0.0
C004587,New Customers,Eligible,Treatment,4,1,0,0.0
C004588,Browsers / No Purchase,Eligible,Treatment,2,0,0,0.0
C004589,New Customers,Eligible,Treatment,1,0,0,0.0
C004590,Browsers / No Purchase,Eligible,Treatment,1,0,0,0.0
C004591,Lapsing Customers,Eligible,Treatment,3,0,0,0.0
C004592,New Customers,Eligible,Treatment,1,0,0,0.0
C004593,Browsers / No Purchase,Eligible,Treatment,6,1,0,0.0
C004594,Lapsing Customers,Eligible,Treatment,4,0,0,0.0
C004595,Lapsing Customers,Eligible,Treatment,3,0,0,0.0
C004596,Browsers / No Purchase,Eligible,Treatment,6,0,0,0.0
C004597,Lapsing Customers,Eligible,Treatment,5,1,0,0.0
C004598,High-Value Loyalists,Eligible,Treatment,2,0,0,0.0
C004599,Lapsing Customers,Eligible,Treatment,5,0,1,24.27
C004600,Lapsing Customers,Eligible,Treatment,6,0,0,0.0
C004601,New Customers,Eligible,Treatment,1,0,0,0.0
C004602,Browsers / No Purchase,Eligible,Treatment,3,1,1,84.72
C004603,Browsers / No Purchase,Eligible,Treatment,6,0,0,0.0
C004604,New Customers,Suppressed,Suppressed,0,0,1,40.7
C004605,New Customers,Eligible,Treatment,6,0,0,0.0
C004606,Lapsing Customers,Suppressed,Suppressed,0,0,0,0.0
C004607,Browsers / No Purchase,Eligible,Treatment,1,0,0,0.0
C004608,Lapsing Customers,Eligible,Treatment,6,0,0,0.0
C004609,High-Value Loyalists,Suppressed,Suppressed,0,0,0,0.0
C004610,Browsers / No Purchase,Eligible,Treatment,4,0,0,0.0
C004611,Browsers / No Purchase,Eligible,Treatment,3,1,0,0.0
C004612,Lapsing Customers,Eligible,Treatment,4,1,0,0.0
C004613,New Customers,Suppressed,Suppressed,0,0,0,0.0
C004614,Lapsing Customers,Eligible,Treatment,3,0,0,0.0
C004615,Lapsing Customers,Eligible,Control,0,0,0,0.0
C004616,Lapsing Customers,Eligible,Treatment,5,0,0,0.0
C004617,High-Value Loyalists,Eligible,Treatment,1,0,0,0.0
C004618,New Customers,Eligible,Treatment,6,0,1,168.29
C004619,Lapsing Customers,Eligible,Treatment,4,0,0,0.0
C004620,New Customers,Eligible,Treatment,2,0,0,0.0
C004621,Lapsing Customers,Eligible,Control,0,0,0,0.0
C004622,Browsers / No Purchase,Eligible,Treatment,1,0,0,0.0
C004623,New Customers,Eligible,Treatment,6,0,0,0.0
C004624,Browsers / No Purchase,Eligible,Treatment,6,0,0,0.0
C004625,High-Value Loyalists,Suppressed,Suppressed,0,0,0,0.0
C004626,New Customers,Eligible,Treatment,5,0,0,0.0
C004627,Browsers / No Purchase,Eligible,Treatment,6,1,0,0.0
C004628,Lapsing Customers,Eligible,Control,0,0,0,0.0
C004629,High-Value Loyalists,Suppressed,Suppressed,0,0,0,0.0
C004630,Lapsing Customers,Suppressed,Suppressed,0,0,0,0.0
C004631,Lapsing Customers,Suppressed,Suppressed,0,0,0,0.0
C004632,Lapsing Customers,Eligible,Treatment,5,0,0,0.0
C004633,Lapsing Customers,Suppressed,Suppressed,0,0,0,0.0
C004634,Lapsing Customers,Eligible,Treatment,6,0,0,0.0
C004635,New Customers,Eligible,Treatment,1,1,0,0.0
C004636,High-Value Loyalists,Eligible,Treatment,1,0,0,0.0
C004637,Lapsing Customers,Eligible,Control,0,0,0,0.0
C004638,New Customers,Eligible,Treatment,1,0,0,0.0
C004639,High-Value Loyalists,Eligible,Treatment,1,1,0,0.0
C004640,Lapsing Customers,Eligible,Treatment,1,0,0,0.0
C004641,Lapsing Customers,Eligible,Treatment,4,0,0,0.0
C004642,High-Value Loyalists,Eligible,Treatment,6,0,1,94.55
C004643,Lapsing Customers,Eligible,Treatment,1,0,0,0.0
C004644,High-Value Loyalists,Eligible,Control,0,0,0,0.0
C004645,Lapsing Customers,Eligible,Treatment,2,1,0,0.0
C004646,Browsers / No Purchase,Eligible,Treatment,4,0,0,0.0
C004647,Browsers / No Purchase,Eligible,Treatment,3,1,0,0.0
C004648,Lapsing Customers,Eligible,Treatment,3,0,0,0.0
C004649,Lapsing Customers,Eligible,Treatment,3,1,0,0.0
C004650,Lapsing Customers,Eligible,Treatment,4,1,0,0.0
C004651,Browsers / No Purchase,Eligible,Treatment,2,1,0,0.0
C004652,Browsers / No Purchase,Eligible,Treatment,4,0,0,0.0
C004653,High-Value Loyalists,Eligible,Treatment,5,0,0,0.0
C004654,High-Value Loyalists,Eligible,Treatment,6,0,1,131.22
C004655,Lapsing Customers,Suppressed,Suppressed,0,0,0,0.0
C004656,Browsers / No Purchase,Eligible,Treatment,5,0,0,0.0
C004657,Browsers / No Purchase,Eligible,Treatment,1,0,0,0.0
C004658,High-Value Loyalists,Eligible,Treatment,5,0,0,0.0
C004659,New Customers,Eligible,Control,0,0,0,0.0
C004660,High-Value Loyalists,Eligible,Treatment,6,0,1,70.33
C004661,New Customers,Suppressed,Suppressed,0,0,0,0.0
C004662,Browsers / No Purchase,Eligible,Treatment,1,0,0,0.0
C004663,Lapsing Customers,Eligible,Treatment,5,0,0,0.0
C004664,High-Value Loyalists,Eligible,Treatment,5,0,0,0.0
C004665,New Customers,Eligible,Treatment,4,0,0,0.0
C004666,Lapsing Customers,Suppressed,Suppressed,0,0,1,72.48
C004667,Browsers / No Purchase,Eligible,Treatment,4,0,0,0.0
C004668,Lapsing Customers,Eligible,Treatment,2,0,0,0.0
C004669,Browsers / No Purchase,Eligible,Treatment,1,0,0,0.0
C004670,Lapsing Customers,Eligible,Treatment,3,1,0,0.0
C004671,High-Value Loyalists,Eligible,Treatment,2,0,0,0.0
C004672,Lapsing Customers,Eligible,Treatment,3,0,0,0.0
C004673,High-Value Loyalists,Suppressed,Suppressed,0,0,0,0.0
C004674,Lapsing Customers,Eligible,Treatment,6,1,0,0.0
C004675,New Customers,Eligible,Treatment,3,0,1,70.94
C004676,High-Value Loyalists,Eligible,Control,0,0,0,0.0
C004677,High-Value Loyalists,Eligible,Control,0,0,0,0.0
C004678,High-Value Loyalists,Eligible,Treatment,4,0,0,0.0
C004679,High-Value Loyalists,Eligible,Treatment,5,0,0,0.0
C004680,Browsers / No Purchase,Eligible,Treatment,4,1,0,0.0
C004681,Browsers / No Purchase,Eligible,Treatment,5,0,0,0.0
C004682,High-Value Loyalists,Eligible,Treatment,3,0,0,0.0
C004683,Browsers / No Purchase,Eligible,Treatment,2,0,0,0.0
C004684,Browsers / No Purchase,Eligible,Treatment,2,0,0,0.0
C004685,Browsers / No Purchase,Eligible,Treatment,1,0,0,0.0
C004686,Lapsing Customers,Eligible,Treatment,1,0,0,0.0
C004687,Lapsing Customers,Eligible,Treatment,1,0,0,0.0
C004688,Lapsing Customers,Eligible,Treatment,2,1,0,0.0
C004689,Browsers / No Purchase,Eligible,Treatment,3,0,0,0.0
C004690,Browsers / No Purchase,Eligible,Treatment,6,1,0,0.0
C004691,Lapsing Customers,Eligible,Treatment,3,1,0,0.0
C004692,Lapsing Customers,Eligible,Treatment,5,0,0,0.0
C004693,Browsers / No Purchase,Eligible,Treatment,4,0,0,0.0
C004694,Browsers / No Purchase,Eligible,Treatment,2,0,0,0.0
C004695,Lapsing Customers,Eligible,Control,0,0,1,86.19
C004696,New Customers,Eligible,Treatment,2,0,0,0.0
C004697,Lapsing Customers,Eligible,Treatment,4,0,0,0.0
C004698,Lapsing Customers,Eligible,Treatment,4,1,0,0.0
C004699,New Customers,Eligible,Treatment,1,0,0,0.0
C004700,Browsers / No Purchase,Eligible,Treatment,4,0,0,0.0
C004701,Browsers / No Purchase,Eligible,Treatment,4,1,0,0.0
C004702,Lapsing Customers,Suppressed,Suppressed,0,0,0,0.0
C004703,Lapsing Customers,Suppressed,Suppressed,0,0,0,0.0
C004704,Lapsing Customers,Eligible,Treatment,1,0,1,125.17
C004705,High-Value Loyalists,Eligible,Treatment,3,0,0,0.0
C004706,Lapsing Customers,Eligible,Treatment,4,1,0,0.0
C004707,High-Value Loyalists,Eligible,Treatment,4,1,1,95.0
C004708,Lapsing Customers,Eligible,Treatment,4,0,0,0.0
C004709,High-Value Loyalists,Eligible,Treatment,4,0,0,0.0
C004710,Lapsing Customers,Eligible,Treatment,4,0,0,0.0
C004711,Browsers / No Purchase,Eligible,Treatment,3,0,0,0.0
C004712,Lapsing Customers,Eligible,Treatment,2,0,0,0.0
C004713,New Customers,Eligible,Treatment,5,0,0,0.0
C004714,Browsers / No Purchase,Eligible,Treatment,3,0,0,0.0
C004715,New Customers,Suppressed,Suppressed,0,0,0,0.0
C004716,High-Value Loyalists,Eligible,Treatment,4,0,0,0.0
C004717,Lapsing Customers,Eligible,Treatment,4,0,0,0.0
C004718,New Customers,Eligible,Treatment,2,0,0,0.0
C004719,New Customers,Eligible,Treatment,4,0,0,0.0
C004720,High-Value Loyalists,Eligible,Treatment,1,0,0,0.0
C004721,Lapsing Customers,Eligible,Treatment,4,1,0,0.0
C004722,New Customers,Eligible,Treatment,3,1,0,0.0
C004723,Lapsing Customers,Eligible,Treatment,3,0,0,0.0
C004724,New Customers,Eligible,Control,0,0,0,0.0
C004725,High-Value Loyalists,Eligible,Treatment,5,0,0,0.0
C004726,Lapsing Customers,Eligible,Treatment,2,0,0,0.0
C004727,Browsers / No Purchase,Eligible,Treatment,4,0,0,0.0
C004728,Lapsing Customers,Eligible,Treatment,3,0,0,0.0
C004729,New Customers,Eligible,Treatment,4,0,0,0.0
C004730,Lapsing Customers,Eligible,Treatment,2,1,0,0.0
C004731,Lapsing Customers,Suppressed,Suppressed,0,0,0,0.0
C004732,Browsers / No Purchase,Eligible,Treatment,5,0,0,0.0
C004733,Lapsing Customers,Eligible,Treatment,2,0,0,0.0
C004734,Lapsing Customers,Eligible,Treatment,6,0,0,0.0
C004735,Browsers / No Purchase,Eligible,Treatment,6,0,0,0.0
C004736,Browsers / No Purchase,Eligible,Treatment,4,0,0,0.0
C004737,New Customers,Eligible,Treatment,5,2,0,0.0
C004738,High-Value Loyalists,Eligible,Treatment,3,0,0,0.0
C004739,High-Value Loyalists,Eligible,Treatment,6,0,0,0.0
C004740,New Customers,Eligible,Treatment,4,0,0,0.0
C004741,Lapsing Customers,Eligible,Treatment,4,0,1,31.33
C004742,Lapsing Customers,Eligible,Treatment,6,2,0,0.0
C004743,Browsers / No Purchase,Eligible,Treatment,5,1,0,0.0
C004744,Lapsing Customers,Eligible,Treatment,5,1,0,0.0
C004745,High-Value Loyalists,Suppressed,Suppressed,0,0,1,104.23
C004746,High-Value Loyalists,Eligible,Treatment,1,0,0,0.0
C004747,Lapsing Customers,Suppressed,Suppressed,0,0,1,82.5
C004748,New Customers,Eligible,Treatment,3,1,0,0.0
C004749,Browsers / No Purchase,Eligible,Treatment,1,0,0,0.0
C004750,High-Value Loyalists,Eligible,Treatment,2,0,0,0.0
C004751,High-Value Loyalists,Eligible,Treatment,4,2,0,0.0
C004752,New Customers,Eligible,Treatment,1,0,0,0.0
C004753,Lapsing Customers,Eligible,Treatment,6,0,0,0.0
C004754,New Customers,Eligible,Treatment,5,2,0,0.0
C004755,Browsers / No Purchase,Eligible,Treatment,3,0,0,0.0
C004756,New Customers,Eligible,Treatment,5,1,0,0.0
C004757,Lapsing Customers,Eligible,Treatment,2,0,0,0.0
C004758,Browsers / No Purchase,Eligible,Treatment,3,1,0,0.0
C004759,High-Value Loyalists,Eligible,Treatment,5,1,0,0.0
C004760,Browsers / No Purchase,Eligible,Treatment,3,0,0,0.0
C004761,New Customers,Eligible,Treatment,4,1,0,0.0
C004762,New Customers,Eligible,Treatment,3,1,0,0.0
C004763,Browsers / No Purchase,Eligible,Treatment,6,1,0,0.0
C004764,New Customers,Suppressed,Suppressed,0,0,0,0.0
C004765,Lapsing Customers,Eligible,Treatment,3,0,0,0.0
C004766,Lapsing Customers,Eligible,Treatment,2,0,0,0.0
C004767,New Customers,Eligible,Treatment,2,1,0,0.0
C004768,New Customers,Eligible,Treatment,2,0,0,0.0
C004769,Lapsing Customers,Eligible,Treatment,4,0,0,0.0
C004770,Browsers / No Purchase,Eligible,Treatment,6,0,0,0.0
C004771,New Customers,Eligible,Treatment,6,1,0,0.0
C004772,Lapsing Customers,Eligible,Control,0,0,1,102.2
C004773,High-Value Loyalists,Eligible,Control,0,0,0,0.0
C004774,Lapsing Customers,Eligible,Treatment,1,0,0,0.0
C004775,High-Value Loyalists,Eligible,Treatment,3,0,0,0.0
C004776,High-Value Loyalists,Eligible,Treatment,5,1,1,95.55
C004777,Lapsing Customers,Eligible,Treatment,4,0,1,33.9
C004778,High-Value Loyalists,Eligible,Treatment,4,0,0,0.0
C004779,Lapsing Customers,Eligible,Treatment,4,1,0,0.0
C004780,New Customers,Suppressed,Suppressed,0,0,0,0.0
C004781,Lapsing Customers,Eligible,Treatment,4,0,0,0.0
C004782,Browsers / No Purchase,Eligible,Treatment,4,0,0,0.0
C004783,Browsers / No Purchase,Suppressed,Suppressed,0,0,0,0.0
C004784,New Customers,Eligible,Treatment,6,0,0,0.0
C004785,Browsers / No Purchase,Eligible,Treatment,4,1,0,0.0
C004786,Browsers / No Purchase,Eligible,Treatment,5,0,0,0.0
C004787,Lapsing Customers,Eligible,Treatment,4,0,0,0.0
C004788,Browsers / No Purchase,Suppressed,Suppressed,0,0,0,0.0
C004789,High-Value Loyalists,Eligible,Treatment,3,0,0,0.0
C004790,New Customers,Eligible,Treatment,6,0,0,0.0
C004791,New Customers,Eligible,Treatment,1,0,0,0.0
C004792,High-Value Loyalists,Eligible,Treatment,2,0,0,0.0
C004793,Lapsing Customers,Eligible,Treatment,2,1,0,0.0
C004794,Browsers / No Purchase,Eligible,Treatment,1,0,0,0.0
C004795,Lapsing Customers,Eligible,Treatment,3,0,0,0.0
C004796,High-Value Loyalists,Eligible,Treatment,1,0,0,0.0
C004797,High-Value Loyalists,Eligible,Treatment,3,0,0,0.0
C004798,Lapsing Customers,Eligible,Treatment,2,0,0,0.0
C004799,Browsers / No Purchase,Eligible,Treatment,3,0,0,0.0
C004800,Browsers / No Purchase,Eligible,Control,0,0,0,0.0
C004801,Lapsing Customers,Eligible,Treatment,5,1,0,0.0
C004802,Lapsing Customers,Eligible,Treatment,1,0,0,0.0
C004803,High-Value Loyalists,Eligible,Treatment,2,0,0,0.0
C004804,Lapsing Customers,Eligible,Treatment,5,0,0,0.0
C004805,Browsers / No Purchase,Eligible,Treatment,1,0,0,0.0
C004806,Browsers / No Purchase,Eligible,Control,0,0,0,0.0
C004807,Lapsing Customers,Eligible,Treatment,6,0,0,0.0
C004808,New Customers,Suppressed,Suppressed,0,0,0,0.0
C004809,Lapsing Customers,Eligible,Treatment,5,0,0,0.0
C004810,New Customers,Eligible,Treatment,4,0,0,0.0
C004811,New Customers,Eligible,Treatment,4,0,1,35.77
C004812,New Customers,Eligible,Treatment,6,2,0,0.0
C004813,New Customers,Eligible,Treatment,6,0,0,0.0
C004814,Browsers / No Purchase,Eligible,Treatment,1,0,0,0.0
C004815,Lapsing Customers,Eligible,Treatment,2,0,0,0.0
C004816,High-Value Loyalists,Eligible,Treatment,3,0,1,80.38
C004817,Lapsing Customers,Eligible,Treatment,3,0,0,0.0
C004818,New Customers,Eligible,Treatment,6,0,0,0.0
C004819,New Customers,Eligible,Treatment,5,0,0,0.0
C004820,New Customers,Eligible,Control,0,0,1,41.0
C004821,Browsers / No Purchase,Eligible,Treatment,4,1,0,0.0
C004822,Lapsing Customers,Eligible,Treatment,6,2,0,0.0
C004823,New Customers,Eligible,Control,0,0,0,0.0
C004824,Browsers / No Purchase,Eligible,Control,0,0,1,43.09
C004825,Lapsing Customers,Suppressed,Suppressed,0,0,0,0.0
C004826,Lapsing Customers,Eligible,Treatment,4,0,0,0.0
C004827,High-Value Loyalists,Eligible,Treatment,5,1,1,73.97
C004828,Lapsing Customers,Suppressed,Suppressed,0,0,0,0.0
C004829,Browsers / No Purchase,Eligible,Treatment,2,0,0,0.0
C004830,Browsers / No Purchase,Eligible,Treatment,6,2,0,0.0
C004831,New Customers,Eligible,Control,0,0,0,0.0
C004832,Lapsing Customers,Eligible,Treatment,1,0,0,0.0
C004833,New Customers,Eligible,Treatment,1,0,0,0.0
C004834,Browsers / No Purchase,Eligible,Treatment,3,0,0,0.0
C004835,Lapsing Customers,Eligible,Treatment,3,1,1,73.49
C004836,Browsers / No Purchase,Eligible,Treatment,2,1,0,0.0
C004837,High-Value Loyalists,Eligible,Treatment,3,1,1,87.96
C004838,High-Value Loyalists,Eligible,Treatment,3,0,0,0.0
C004839,High-Value Loyalists,Eligible,Treatment,2,0,0,0.0
C004840,High-Value Loyalists,Eligible,Treatment,1,0,0,0.0
C004841,Browsers / No Purchase,Eligible,Control,0,0,0,0.0
C004842,Lapsing Customers,Eligible,Treatment,2,1,0,0.0
C004843,Lapsing Customers,Eligible,Treatment,4,0,1,32.84
C004844,Lapsing Customers,Eligible,Treatment,4,0,0,0.0
C004845,Lapsing Customers,Eligible,Treatment,1,0,0,0.0
C004846,Lapsing Customers,Eligible,Control,0,0,1,40.82
C004847,High-Value Loyalists,Eligible,Treatment,5,0,0,0.0
C004848,New Customers,Suppressed,Suppressed,0,0,0,0.0
C004849,High-Value Loyalists,Eligible,Treatment,3,1,1,98.31
C004850,Browsers / No Purchase,Eligible,Treatment,2,0,0,0.0
C004851,Lapsing Customers,Eligible,Treatment,3,0,0,0.0
C004852,Browsers / No Purchase,Eligible,Control,0,0,0,0.0
C004853,Browsers / No Purchase,Suppressed,Suppressed,0,0,0,0.0
C004854,High-Value Loyalists,Eligible,Treatment,2,0,0,0.0
C004855,High-Value Loyalists,Eligible,Treatment,2,0,0,0.0
C004856,Browsers / No Purchase,Eligible,Treatment,6,0,0,0.0
C004857,Lapsing Customers,Eligible,Treatment,2,1,0,0.0
C004858,New Customers,Eligible,Treatment,5,0,0,0.0
C004859,High-Value Loyalists,Suppressed,Suppressed,0,0,0,0.0
C004860,Lapsing Customers,Eligible,Treatment,3,0,0,0.0
C004861,New Customers,Eligible,Treatment,1,0,0,0.0
C004862,Browsers / No Purchase,Eligible,Treatment,6,0,0,0.0
C004863,Lapsing Customers,Suppressed,Suppressed,0,0,0,0.0
C004864,Browsers / No Purchase,Suppressed,Suppressed,0,0,0,0.0
C004865,New Customers,Eligible,Treatment,5,0,0,0.0
C004866,High-Value Loyalists,Eligible,Treatment,5,0,1,93.42
C004867,Lapsing Customers,Eligible,Control,0,0,0,0.0
C004868,Lapsing Customers,Eligible,Treatment,5,1,0,0.0
C004869,Lapsing Customers,Suppressed,Suppressed,0,0,0,0.0
C004870,New Customers,Eligible,Treatment,1,0,0,0.0
C004871,Lapsing Customers,Eligible,Treatment,1,0,0,0.0
C004872,Lapsing Customers,Eligible,Treatment,2,0,0,0.0
C004873,New Customers,Eligible,Treatment,5,0,0,0.0
C004874,New Customers,Eligible,Treatment,3,1,0,0.0
C004875,New Customers,Eligible,Treatment,2,0,0,0.0
C004876,New Customers,Suppressed,Suppressed,0,0,0,0.0
C004877,Lapsing Customers,Eligible,Treatment,4,0,0,0.0
C004878,New Customers,Suppressed,Suppressed,0,0,0,0.0
C004879,Lapsing Customers,Eligible,Treatment,2,0,0,0.0
C004880,Lapsing Customers,Eligible,Treatment,1,0,0,0.0
C004881,High-Value Loyalists,Eligible,Treatment,2,0,0,0.0
C004882,New Customers,Suppressed,Suppressed,0,0,0,0.0
C004883,New Customers,Eligible,Treatment,5,0,1,51.6
C004884,Lapsing Customers,Eligible,Treatment,4,0,0,0.0
C004885,Browsers / No Purchase,Eligible,Treatment,6,0,0,0.0
C004886,Browsers / No Purchase,Eligible,Treatment,4,0,0,0.0
C004887,High-Value Loyalists,Eligible,Treatment,2,0,0,0.0
C004888,New Customers,Eligible,Treatment,1,0,0,0.0
C004889,Lapsing Customers,Suppressed,Suppressed,0,0,0,0.0
C004890,Browsers / No Purchase,Eligible,Treatment,3,1,0,0.0
C004891,Lapsing Customers,Eligible,Treatment,4,0,0,0.0
C004892,Lapsing Customers,Eligible,Treatment,6,0,0,0.0
C004893,Lapsing Customers,Eligible,Treatment,1,0,0,0.0
C004894,Lapsing Customers,Eligible,Treatment,2,0,0,0.0
C004895,New Customers,Suppressed,Suppressed,0,0,0,0.0
C004896,New Customers,Eligible,Treatment,1,0,1,30.82
C004897,Lapsing Customers,Eligible,Treatment,1,0,0,0.0
C004898,New Customers,Eligible,Treatment,6,0,0,0.0
C004899,Browsers / No Purchase,Eligible,Treatment,1,0,0,0.0
C004900,Browsers / No Purchase,Eligible,Treatment,6,0,1,53.55
C004901,New Customers,Eligible,Treatment,5,0,0,0.0
C004902,Lapsing Customers,Suppressed,Suppressed,0,0,1,45.46
C004903,High-Value Loyalists,Eligible,Treatment,1,1,0,0.0
C004904,Browsers / No Purchase,Eligible,Treatment,6,2,0,0.0
C004905,Browsers / No Purchase,Eligible,Treatment,5,1,0,0.0
C004906,New Customers,Eligible,Treatment,6,2,0,0.0
C004907,Browsers / No Purchase,Eligible,Treatment,2,0,0,0.0
C004908,High-Value Loyalists,Eligible,Treatment,2,0,0,0.0
C004909,New Customers,Eligible,Treatment,3,0,0,0.0
C004910,Lapsing Customers,Eligible,Treatment,2,1,0,0.0
C004911,High-Value Loyalists,Eligible,Treatment,1,0,1,83.66
C004912,Lapsing Customers,Eligible,Treatment,4,1,0,0.0
C004913,Lapsing Customers,Eligible,Treatment,1,0,0,0.0
C004914,Browsers / No Purchase,Eligible,Treatment,5,0,1,76.99
C004915,Lapsing Customers,Eligible,Treatment,1,0,0,0.0
C004916,Browsers / No Purchase,Eligible,Treatment,5,1,0,0.0
C004917,Browsers / No Purchase,Eligible,Treatment,5,0,0,0.0
C004918,New Customers,Eligible,Treatment,3,0,0,0.0
C004919,Browsers / No Purchase,Suppressed,Suppressed,0,0,0,0.0
C004920,Lapsing Customers,Suppressed,Suppressed,0,0,0,0.0
C004921,Lapsing Customers,Eligible,Treatment,6,0,0,0.0
C004922,High-Value Loyalists,Eligible,Treatment,1,0,0,0.0
C004923,Lapsing Customers,Eligible,Treatment,5,0,0,0.0
C004924,Browsers / No Purchase,Eligible,Treatment,6,0,0,0.0
C004925,Lapsing Customers,Eligible,Treatment,4,0,0,0.0
C004926,Lapsing Customers,Eligible,Treatment,4,2,0,0.0
C004927,Lapsing Customers,Eligible,Treatment,2,1,0,0.0
C004928,New Customers,Eligible,Treatment,1,0,0,0.0
C004929,Browsers / No Purchase,Eligible,Treatment,4,0,0,0.0
C004930,Lapsing Customers,Eligible,Treatment,5,0,0,0.0
C004931,Browsers / No Purchase,Eligible,Treatment,3,0,0,0.0
C004932,New Customers,Suppressed,Suppressed,0,0,0,0.0
C004933,Browsers / No Purchase,Eligible,Treatment,3,0,0,0.0
C004934,Lapsing Customers,Eligible,Treatment,3,0,0,0.0
C004935,New Customers,Eligible,Control,0,0,0,0.0
C004936,High-Value Loyalists,Eligible,Treatment,6,1,0,0.0
C004937,Lapsing Customers,Eligible,Treatment,5,0,1,101.33
C004938,Browsers / No Purchase,Eligible,Treatment,2,0,0,0.0
C004939,New Customers,Eligible,Treatment,4,1,0,0.0
C004940,High-Value Loyalists,Suppressed,Suppressed,0,0,0,0.0
C004941,Browsers / No Purchase,Eligible,Treatment,1,0,0,0.0
C004942,High-Value Loyalists,Eligible,Treatment,2,1,0,0.0
C004943,New Customers,Eligible,Treatment,3,0,0,0.0
C004944,Browsers / No Purchase,Eligible,Treatment,4,0,0,0.0
C004945,New Customers,Eligible,Treatment,2,1,0,0.0
C004946,Browsers / No Purchase,Eligible,Treatment,6,2,0,0.0
C004947,New Customers,Eligible,Treatment,2,0,0,0.0
C004948,Browsers / No Purchase,Eligible,Treatment,4,0,0,0.0
C004949,New Customers,Eligible,Treatment,2,0,0,0.0
C004950,New Customers,Eligible,Treatment,4,0,0,0.0
C004951,Lapsing Customers,Eligible,Treatment,5,0,0,0.0
C004952,Browsers / No Purchase,Eligible,Treatment,4,0,0,0.0
C004953,Lapsing Customers,Eligible,Treatment,3,1,0,0.0
C004954,Browsers / No Purchase,Eligible,Treatment,5,0,0,0.0
C004955,Lapsing Customers,Eligible,Treatment,4,0,0,0.0
C004956,Lapsing Customers,Eligible,Treatment,5,1,0,0.0
C004957,Browsers / No Purchase,Eligible,Treatment,4,0,0,0.0
C004958,Lapsing Customers,Eligible,Treatment,5,0,0,0.0
C004959,Lapsing Customers,Eligible,Treatment,4,0,0,0.0
C004960,Browsers / No Purchase,Eligible,Treatment,5,0,0,0.0
C004961,High-Value Loyalists,Eligible,Treatment,1,0,1,112.11
C004962,High-Value Loyalists,Eligible,Treatment,3,0,0,0.0
C004963,New Customers,Eligible,Treatment,1,0,0,0.0
C004964,Lapsing Customers,Eligible,Treatment,2,0,0,0.0
C004965,Lapsing Customers,Eligible,Treatment,2,0,0,0.0
C004966,High-Value Loyalists,Eligible,Treatment,3,0,0,0.0
C004967,Lapsing Customers,Eligible,Treatment,3,0,0,0.0
C004968,Lapsing Customers,Eligible,Treatment,4,1,1,42.67
C004969,High-Value Loyalists,Suppressed,Suppressed,0,0,0,0.0
C004970,New Customers,Eligible,Treatment,5,0,0,0.0
C004971,New Customers,Eligible,Treatment,5,0,0,0.0
C004972,High-Value Loyalists,Eligible,Control,0,0,0,0.0
C004973,Lapsing Customers,Eligible,Treatment,1,1,0,0.0
C004974,Browsers / No Purchase,Suppressed,Suppressed,0,0,0,0.0
C004975,New Customers,Eligible,Treatment,4,0,0,0.0
C004976,Lapsing Customers,Eligible,Treatment,4,1,0,0.0
C004977,Lapsing Customers,Suppressed,Suppressed,0,0,1,66.59
C004978,Lapsing Customers,Eligible,Treatment,1,0,0,0.0
C004979,Browsers / No Purchase,Eligible,Treatment,6,0,0,0.0
C004980,Browsers / No Purchase,Eligible,Treatment,4,0,0,0.0
C004981,Browsers / No Purchase,Eligible,Treatment,3,0,0,0.0
C004982,Lapsing Customers,Eligible,Treatment,4,0,0,0.0
C004983,Lapsing Customers,Eligible,Treatment,5,1,0,0.0
C004984,High-Value Loyalists,Suppressed,Suppressed,0,0,0,0.0
C004985,Lapsing Customers,Eligible,Treatment,3,0,1,56.8
C004986,Lapsing Customers,Eligible,Treatment,6,0,0,0.0
C004987,New Customers,Suppressed,Suppressed,0,0,0,0.0
C004988,High-Value Loyalists,Eligible,Treatment,4,0,0,0.0
C004989,Browsers / No Purchase,Eligible,Treatment,4,0,0,0.0
C004990,High-Value Loyalists,Eligible,Treatment,4,0,0,0.0
C004991,High-Value Loyalists,Eligible,Treatment,3,0,0,0.0
C004992,Browsers / No Purchase,Eligible,Treatment,5,0,0,0.0
C004993,Browsers / No Purchase,Eligible,Treatment,5,1,0,0.0
C004994,Lapsing Customers,Eligible,Treatment,6,0,0,0.0
C004995,New Customers,Eligible,Treatment,6,1,0,0.0
C004996,Lapsing Customers,Suppressed,Suppressed,0,0,0,0.0
C004997,High-Value Loyalists,Eligible,Treatment,1,0,0,0.0
C004998,Lapsing Customers,Eligible,Treatment,2,0,1,41.34
C004999,Lapsing Customers,Eligible,Treatment,6,1,0,0.0
C005000,New Customers,Eligible,Treatment,3,1,0,0.0
C005001,Lapsing Customers,Eligible,Treatment,1,0,0,0.0
C005002,New Customers,Eligible,Treatment,1,0,0,0.0
C005003,Browsers / No Purchase,Eligible,Treatment,1,0,0,0.0
C005004,High-Value Loyalists,Eligible,Treatment,1,0,1,32.43
C005005,High-Value Loyalists,Eligible,Treatment,6,0,1,47.03
C005006,Lapsing Customers,Eligible,Treatment,5,0,0,0.0
C005007,Browsers / No Purchase,Eligible,Treatment,1,0,0,0.0
C005008,New Customers,Eligible,Control,0,0,0,0.0
C005009,Browsers / No Purchase,Eligible,Treatment,6,1,0,0.0
C005010,Lapsing Customers,Eligible,Treatment,2,0,0,0.0
C005011,Lapsing Customers,Suppressed,Suppressed,0,0,0,0.0
C005012,New Customers,Eligible,Treatment,3,0,0,0.0
C005013,Lapsing Customers,Eligible,Treatment,4,0,0,0.0
C005014,Browsers / No Purchase,Eligible,Treatment,2,1,0,0.0
C005015,High-Value Loyalists,Eligible,Treatment,2,0,0,0.0
C005016,Lapsing Customers,Suppressed,Suppressed,0,0,0,0.0
C005017,New Customers,Eligible,Treatment,1,0,0,0.0
C005018,New Customers,Eligible,Control,0,0,0,0.0
C005019,New Customers,Eligible,Treatment,6,0,0,0.0
C005020,Lapsing Customers,Eligible,Treatment,2,0,0,0.0
C005021,Browsers / No Purchase,Eligible,Treatment,5,0,0,0.0
C005022,Browsers / No Purchase,Suppressed,Suppressed,0,0,0,0.0
C005023,Browsers / No Purchase,Suppressed,Suppressed,0,0,0,0.0
C005024,New Customers,Eligible,Treatment,5,0,0,0.0
C005025,New Customers,Eligible,Treatment,3,0,0,0.0
C005026,New Customers,Suppressed,Suppressed,0,0,0,0.0
C005027,Lapsing Customers,Eligible,Treatment,1,1,0,0.0
C005028,Lapsing Customers,Eligible,Treatment,1,0,0,0.0
C005029,New Customers,Eligible,Treatment,3,0,0,0.0
C005030,High-Value Loyalists,Eligible,Treatment,3,2,0,0.0
C005031,High-Value Loyalists,Eligible,Treatment,1,1,1,106.83
C005032,Browsers / No Purchase,Suppressed,Suppressed,0,0,0,0.0
C005033,High-Value Loyalists,Eligible,Treatment,5,0,0,0.0
C005034,New Customers,Eligible,Treatment,1,0,0,0.0
C005035,New Customers,Eligible,Treatment,3,0,0,0.0
C005036,High-Value Loyalists,Eligible,Treatment,3,0,0,0.0
C005037,Browsers / No Purchase,Eligible,Treatment,1,0,0,0.0
C005038,High-Value Loyalists,Eligible,Treatment,5,0,0,0.0
C005039,Browsers / No Purchase,Eligible,Treatment,1,0,1,80.68
C005040,Browsers / No Purchase,Eligible,Treatment,2,0,0,0.0
C005041,Lapsing Customers,Eligible,Control,0,0,0,0.0
C005042,High-Value Loyalists,Eligible,Treatment,1,0,0,0.0
C005043,Lapsing Customers,Eligible,Treatment,5,1,0,0.0
C005044,Lapsing Customers,Suppressed,Suppressed,0,0,0,0.0
C005045,Lapsing Customers,Eligible,Treatment,2,0,1,69.57
C005046,Browsers / No Purchase,Eligible,Control,0,0,0,0.0
C005047,Lapsing Customers,Suppressed,Suppressed,0,0,0,0.0
C005048,Browsers / No Purchase,Eligible,Treatment,3,1,0,0.0
C005049,High-Value Loyalists,Eligible,Treatment,1,0,0,0.0
C005050,Browsers / No Purchase,Suppressed,Suppressed,0,0,0,0.0
C005051,Lapsing Customers,Eligible,Treatment,1,0,0,0.0
C005052,Lapsing Customers,Eligible,Treatment,2,0,0,0.0
C005053,New Customers,Eligible,Treatment,6,1,0,0.0
C005054,High-Value Loyalists,Eligible,Control,0,0,0,0.0
C005055,Browsers / No Purchase,Eligible,Treatment,1,0,0,0.0
C005056,Lapsing Customers,Eligible,Treatment,6,1,0,0.0
C005057,New Customers,Eligible,Treatment,3,0,0,0.0
C005058,New Customers,Eligible,Treatment,5,0,1,136.04
C005059,New Customers,Eligible,Treatment,1,0,0,0.0
C005060,High-Value Loyalists,Eligible,Treatment,1,0,0,0.0
C005061,High-Value Loyalists,Eligible,Treatment,4,0,0,0.0
C005062,High-Value Loyalists,Eligible,Treatment,2,0,0,0.0
C005063,Lapsing Customers,Eligible,Treatment,3,0,0,0.0
C005064,High-Value Loyalists,Eligible,Treatment,2,0,1,171.42
C005065,Browsers / No Purchase,Eligible,Treatment,3,0,0,0.0
C005066,New Customers,Eligible,Treatment,1,0,0,0.0
C005067,New Customers,Eligible,Treatment,3,0,1,98.93
C005068,Lapsing Customers,Eligible,Treatment,3,0,1,55.05
C005069,Lapsing Customers,Suppressed,Suppressed,0,0,0,0.0
C005070,New Customers,Eligible,Treatment,3,0,0,0.0
C005071,Lapsing Customers,Eligible,Control,0,0,0,0.0
C005072,Lapsing Customers,Eligible,Treatment,6,0,0,0.0
C005073,Lapsing Customers,Suppressed,Suppressed,0,0,0,0.0
C005074,New Customers,Eligible,Treatment,5,0,0,0.0
C005075,Browsers / No Purchase,Eligible,Treatment,4,1,0,0.0
C005076,Lapsing Customers,Eligible,Treatment,1,0,0,0.0
C005077,New Customers,Suppressed,Suppressed,0,0,0,0.0
C005078,High-Value Loyalists,Eligible,Treatment,1,0,0,0.0
C005079,Lapsing Customers,Eligible,Treatment,2,1,0,0.0
C005080,Browsers / No Purchase,Eligible,Treatment,6,0,0,0.0
C005081,High-Value Loyalists,Eligible,Treatment,3,0,0,0.0
C005082,New Customers,Eligible,Treatment,5,0,0,0.0
C005083,Lapsing Customers,Eligible,Treatment,4,1,1,30.18
C005084,High-Value Loyalists,Eligible,Treatment,1,0,1,79.69
C005085,Browsers / No Purchase,Eligible,Treatment,1,0,0,0.0
C005086,Lapsing Customers,Eligible,Treatment,6,2,0,0.0
C005087,Browsers / No Purchase,Eligible,Treatment,4,0,0,0.0
C005088,Lapsing Customers,Eligible,Treatment,3,0,0,0.0
C005089,Browsers / No Purchase,Eligible,Treatment,3,0,0,0.0
C005090,Lapsing Customers,Eligible,Control,0,0,0,0.0
C005091,Lapsing Customers,Suppressed,Suppressed,0,0,0,0.0
C005092,Browsers / No Purchase,Eligible,Treatment,4,0,0,0.0
C005093,Lapsing Customers,Eligible,Treatment,4,0,0,0.0
C005094,Lapsing Customers,Suppressed,Suppressed,0,0,0,0.0
C005095,Browsers / No Purchase,Eligible,Treatment,6,0,0,0.0
C005096,New Customers,Eligible,Treatment,2,1,0,0.0
C005097,New Customers,Eligible,Treatment,6,0,0,0.0
C005098,New Customers,Eligible,Treatment,4,0,0,0.0
C005099,Browsers / No Purchase,Eligible,Control,0,0,1,112.35
C005100,Browsers / No Purchase,Eligible,Treatment,2,0,0,0.0
C005101,New Customers,Eligible,Treatment,5,0,1,60.18
C005102,Lapsing Customers,Eligible,Treatment,3,0,0,0.0
C005103,High-Value Loyalists,Eligible,Treatment,4,0,0,0.0
C005104,New Customers,Eligible,Treatment,1,0,0,0.0
C005105,Browsers / No Purchase,Suppressed,Suppressed,0,0,0,0.0
C005106,Lapsing Customers,Eligible,Treatment,4,1,0,0.0
C005107,High-Value Loyalists,Eligible,Treatment,2,0,0,0.0
C005108,Lapsing Customers,Suppressed,Suppressed,0,0,0,0.0
C005109,New Customers,Eligible,Treatment,4,0,0,0.0
C005110,Browsers / No Purchase,Eligible,Treatment,2,0,0,0.0
C005111,High-Value Loyalists,Eligible,Control,0,0,0,0.0
C005112,New Customers,Eligible,Treatment,1,0,0,0.0
C005113,Browsers / No Purchase,Suppressed,Suppressed,0,0,0,0.0
C005114,Browsers / No Purchase,Eligible,Treatment,4,0,0,0.0
C005115,High-Value Loyalists,Eligible,Treatment,6,0,0,0.0
C005116,Browsers / No Purchase,Eligible,Treatment,3,0,0,0.0
C005117,New Customers,Eligible,Treatment,3,0,0,0.0
C005118,Browsers / No Purchase,Suppressed,Suppressed,0,0,0,0.0
C005119,High-Value Loyalists,Eligible,Treatment,4,0,0,0.0
C005120,New Customers,Eligible,Treatment,3,0,0,0.0
C005121,New Customers,Eligible,Treatment,5,1,0,0.0
C005122,Lapsing Customers,Eligible,Control,0,0,0,0.0
C005123,Lapsing Customers,Eligible,Treatment,1,0,0,0.0
C005124,New Customers,Eligible,Treatment,6,1,0,0.0
C005125,New Customers,Eligible,Treatment,6,1,1,194.23
C005126,High-Value Loyalists,Eligible,Treatment,3,0,1,122.29
C005127,Lapsing Customers,Eligible,Treatment,4,0,0,0.0
C005128,Lapsing Customers,Eligible,Treatment,5,1,0,0.0
C005129,Browsers / No Purchase,Eligible,Treatment,4,0,0,0.0
C005130,Browsers / No Purchase,Suppressed,Suppressed,0,0,0,0.0
C005131,Lapsing Customers,Eligible,Treatment,6,0,0,0.0
C005132,High-Value Loyalists,Eligible,Treatment,1,0,0,0.0
C005133,Lapsing Customers,Eligible,Treatment,3,0,0,0.0
C005134,Lapsing Customers,Suppressed,Suppressed,0,0,0,0.0
C005135,Browsers / No Purchase,Eligible,Treatment,6,0,0,0.0
C005136,New Customers,Eligible,Treatment,1,0,0,0.0
C005137,High-Value Loyalists,Eligible,Treatment,3,0,1,118.85
C005138,High-Value Loyalists,Eligible,Treatment,6,2,0,0.0
C005139,Lapsing Customers,Eligible,Treatment,3,0,0,0.0
C005140,Browsers / No Purchase,Eligible,Treatment,3,0,0,0.0
C005141,New Customers,Eligible,Control,0,0,0,0.0
C005142,New Customers,Suppressed,Suppressed,0,0,0,0.0
C005143,Lapsing Customers,Eligible,Treatment,4,0,0,0.0
C005144,Browsers / No Purchase,Suppressed,Suppressed,0,0,0,0.0
C005145,Lapsing Customers,Eligible,Treatment,2,0,1,46.04
C005146,Browsers / No Purchase,Eligible,Treatment,6,1,0,0.0
C005147,Browsers / No Purchase,Eligible,Treatment,1,0,0,0.0
C005148,New Customers,Eligible,Treatment,2,0,0,0.0
C005149,Browsers / No Purchase,Eligible,Treatment,4,0,0,0.0
C005150,Lapsing Customers,Eligible,Treatment,6,0,0,0.0
C005151,New Customers,Eligible,Control,0,0,0,0.0
C005152,High-Value Loyalists,Suppressed,Suppressed,0,0,0,0.0
C005153,Lapsing Customers,Eligible,Treatment,3,1,1,43.82
C005154,Lapsing Customers,Eligible,Treatment,6,0,0,0.0
C005155,High-Value Loyalists,Eligible,Treatment,2,1,1,110.7
C005156,High-Value Loyalists,Eligible,Treatment,1,0,1,39.11
C005157,Lapsing Customers,Eligible,Treatment,6,0,0,0.0
C005158,New Customers,Eligible,Control,0,0,0,0.0
C005159,Lapsing Customers,Eligible,Control,0,0,0,0.0
C005160,Lapsing Customers,Eligible,Control,0,0,1,41.68
C005161,Browsers / No Purchase,Eligible,Treatment,2,0,0,0.0
C005162,Browsers / No Purchase,Eligible,Treatment,3,1,0,0.0
C005163,High-Value Loyalists,Eligible,Treatment,5,0,0,0.0
C005164,Lapsing Customers,Suppressed,Suppressed,0,0,0,0.0
C005165,New Customers,Eligible,Treatment,6,2,1,72.96
C005166,Browsers / No Purchase,Eligible,Treatment,6,0,0,0.0
C005167,Lapsing Customers,Suppressed,Suppressed,0,0,0,0.0
C005168,Browsers / No Purchase,Eligible,Treatment,2,1,0,0.0
C005169,High-Value Loyalists,Eligible,Treatment,2,0,0,0.0
C005170,Lapsing Customers,Eligible,Control,0,0,0,0.0
C005171,Browsers / No Purchase,Eligible,Treatment,3,0,0,0.0
C005172,New Customers,Eligible,Treatment,1,0,0,0.0
C005173,Browsers / No Purchase,Eligible,Treatment,3,0,0,0.0
C005174,High-Value Loyalists,Eligible,Treatment,5,0,1,48.72
C005175,High-Value Loyalists,Eligible,Control,0,0,1,19.6
C005176,High-Value Loyalists,Eligible,Treatment,5,0,0,0.0
C005177,High-Value Loyalists,Eligible,Treatment,5,1,0,0.0
C005178,High-Value Loyalists,Eligible,Treatment,2,1,1,50.43
C005179,New Customers,Eligible,Treatment,4,1,1,38.25
C005180,New Customers,Suppressed,Suppressed,0,0,1,44.72
C005181,New Customers,Eligible,Treatment,6,1,1,21.85
C005182,Lapsing Customers,Eligible,Treatment,2,0,1,27.63
C005183,High-Value Loyalists,Eligible,Treatment,2,0,0,0.0
C005184,New Customers,Suppressed,Suppressed,0,0,0,0.0
C005185,High-Value Loyalists,Eligible,Treatment,3,0,0,0.0
C005186,Browsers / No Purchase,Eligible,Treatment,4,1,0,0.0
C005187,High-Value Loyalists,Eligible,Treatment,3,0,0,0.0
C005188,New Customers,Eligible,Treatment,5,1,0,0.0
C005189,Browsers / No Purchase,Suppressed,Suppressed,0,0,0,0.0
C005190,New Customers,Eligible,Treatment,5,1,0,0.0
C005191,New Customers,Eligible,Treatment,6,0,1,114.26
C005192,New Customers,Eligible,Treatment,6,1,0,0.0
C005193,High-Value Loyalists,Eligible,Treatment,3,1,0,0.0
C005194,New Customers,Eligible,Treatment,5,0,1,44.03
C005195,Browsers / No Purchase,Eligible,Treatment,5,1,0,0.0
C005196,Browsers / No Purchase,Eligible,Treatment,3,0,0,0.0
C005197,Lapsing Customers,Eligible,Treatment,3,0,1,96.21
C005198,Lapsing Customers,Eligible,Treatment,6,1,0,0.0
C005199,Browsers / No Purchase,Eligible,Treatment,5,0,0,0.0
C005200,New Customers,Eligible,Treatment,6,1,0,0.0
C005201,Lapsing Customers,Eligible,Treatment,6,1,0,0.0
C005202,High-Value Loyalists,Suppressed,Suppressed,0,0,0,0.0
C005203,High-Value Loyalists,Eligible,Treatment,3,0,0,0.0
C005204,Lapsing Customers,Eligible,Treatment,6,1,0,0.0
C005205,High-Value Loyalists,Eligible,Treatment,3,0,0,0.0
C005206,High-Value Loyalists,Eligible,Treatment,6,0,1,16.99
C005207,High-Value Loyalists,Eligible,Control,0,0,0,0.0
C005208,Browsers / No Purchase,Suppressed,Suppressed,0,0,0,0.0
C005209,High-Value Loyalists,Eligible,Treatment,5,1,1,126.17
C005210,High-Value Loyalists,Eligible,Treatment,5,0,0,0.0
C005211,Lapsing Customers,Eligible,Treatment,1,0,0,0.0
C005212,Lapsing Customers,Eligible,Treatment,1,1,0,0.0
C005213,Browsers / No Purchase,Eligible,Treatment,2,0,0,0.0
C005214,Browsers / No Purchase,Eligible,Treatment,2,0,1,81.7
C005215,Lapsing Customers,Eligible,Treatment,3,1,0,0.0
C005216,Lapsing Customers,Eligible,Treatment,1,0,0,0.0
C005217,Lapsing Customers,Eligible,Treatment,4,0,0,0.0
C005218,High-Value Loyalists,Eligible,Treatment,1,0,0,0.0
C005219,Lapsing Customers,Suppressed,Suppressed,0,0,0,0.0
C005220,High-Value Loyalists,Eligible,Treatment,5,1,1,60.38
C005221,High-Value Loyalists,Eligible,Treatment,6,0,0,0.0
C005222,New Customers,Eligible,Control,0,0,0,0.0
C005223,High-Value Loyalists,Eligible,Treatment,1,0,0,0.0
C005224,High-Value Loyalists,Eligible,Treatment,3,0,1,63.24
C005225,New Customers,Eligible,Treatment,5,0,1,57.21
C005226,Lapsing Customers,Eligible,Control,0,0,0,0.0
C005227,High-Value Loyalists,Eligible,Treatment,2,0,1,99.9
C005228,High-Value Loyalists,Eligible,Treatment,1,0,0,0.0
C005229,High-Value Loyalists,Eligible,Treatment,1,1,0,0.0
C005230,Lapsing Customers,Eligible,Treatment,6,2,0,0.0
C005231,Browsers / No Purchase,Eligible,Treatment,5,1,0,0.0
C005232,Browsers / No Purchase,Eligible,Treatment,6,0,0,0.0
C005233,Lapsing Customers,Eligible,Treatment,4,0,0,0.0
C005234,Lapsing Customers,Eligible,Treatment,1,0,0,0.0
C005235,Browsers / No Purchase,Eligible,Treatment,5,0,0,0.0
C005236,New Customers,Suppressed,Suppressed,0,0,0,0.0
C005237,High-Value Loyalists,Eligible,Treatment,4,0,1,112.25
C005238,High-Value Loyalists,Eligible,Treatment,4,0,0,0.0
C005239,Lapsing Customers,Eligible,Treatment,2,0,0,0.0
C005240,New Customers,Suppressed,Suppressed,0,0,0,0.0
C005241,High-Value Loyalists,Eligible,Treatment,6,0,1,83.81
C005242,Lapsing Customers,Eligible,Treatment,2,0,0,0.0
C005243,Lapsing Customers,Suppressed,Suppressed,0,0,0,0.0
C005244,Lapsing Customers,Eligible,Treatment,2,1,0,0.0
C005245,Lapsing Customers,Eligible,Treatment,4,2,1,108.3
C005246,New Customers,Eligible,Treatment,1,0,0,0.0
C005247,New Customers,Suppressed,Suppressed,0,0,0,0.0
C005248,Lapsing Customers,Eligible,Treatment,5,1,0,0.0
C005249,High-Value Loyalists,Eligible,Treatment,2,0,0,0.0
C005250,Browsers / No Purchase,Eligible,Treatment,3,1,0,0.0
C005251,Lapsing Customers,Eligible,Treatment,2,1,0,0.0
C005252,High-Value Loyalists,Eligible,Treatment,4,0,0,0.0
C005253,Lapsing Customers,Eligible,Treatment,2,0,0,0.0
C005254,Browsers / No Purchase,Eligible,Treatment,4,0,0,0.0
C005255,Browsers / No Purchase,Eligible,Treatment,4,0,0,0.0
C005256,Browsers / No Purchase,Eligible,Treatment,4,0,0,0.0
C005257,New Customers,Eligible,Treatment,6,1,0,0.0
C005258,Lapsing Customers,Eligible,Treatment,5,0,0,0.0
C005259,Lapsing Customers,Eligible,Control,0,0,0,0.0
C005260,High-Value Loyalists,Eligible,Treatment,2,0,0,0.0
C005261,New Customers,Eligible,Treatment,3,0,1,44.06
C005262,New Customers,Eligible,Treatment,5,0,0,0.0
C005263,High-Value Loyalists,Suppressed,Suppressed,0,0,0,0.0
C005264,Browsers / No Purchase,Eligible,Treatment,2,0,1,21.96
C005265,Lapsing Customers,Eligible,Treatment,5,0,0,0.0
C005266,High-Value Loyalists,Eligible,Treatment,1,0,0,0.0
C005267,Lapsing Customers,Suppressed,Suppressed,0,0,0,0.0
C005268,Browsers / No Purchase,Eligible,Control,0,0,0,0.0
C005269,Browsers / No Purchase,Eligible,Treatment,1,0,0,0.0
C005270,New Customers,Eligible,Treatment,5,1,0,0.0
C005271,Browsers / No Purchase,Suppressed,Suppressed,0,0,0,0.0
C005272,Browsers / No Purchase,Eligible,Control,0,0,0,0.0
C005273,Browsers / No Purchase,Eligible,Treatment,5,1,0,0.0
C005274,Browsers / No Purchase,Eligible,Control,0,0,0,0.0
C005275,Lapsing Customers,Eligible,Treatment,5,1,0,0.0
C005276,Browsers / No Purchase,Eligible,Treatment,5,1,0,0.0
C005277,New Customers,Eligible,Treatment,5,0,0,0.0
C005278,Browsers / No Purchase,Eligible,Treatment,2,0,0,0.0
C005279,High-Value Loyalists,Eligible,Treatment,2,0,0,0.0
C005280,Browsers / No Purchase,Suppressed,Suppressed,0,0,0,0.0
C005281,Browsers / No Purchase,Suppressed,Suppressed,0,0,0,0.0
C005282,Lapsing Customers,Eligible,Treatment,3,0,0,0.0
C005283,Browsers / No Purchase,Eligible,Treatment,5,0,0,0.0
C005284,Lapsing Customers,Suppressed,Suppressed,0,0,0,0.0
C005285,High-Value Loyalists,Eligible,Treatment,3,0,0,0.0
C005286,High-Value Loyalists,Eligible,Treatment,2,0,1,207.97
C005287,Browsers / No Purchase,Eligible,Treatment,5,0,0,0.0
C005288,New Customers,Eligible,Treatment,1,0,0,0.0
C005289,Lapsing Customers,Eligible,Treatment,4,0,0,0.0
C005290,New Customers,Eligible,Treatment,2,0,1,104.55
C005291,Lapsing Customers,Eligible,Treatment,4,1,0,0.0
C005292,Lapsing Customers,Eligible,Treatment,3,0,0,0.0
C005293,Browsers / No Purchase,Eligible,Treatment,1,0,1,78.97
C005294,New Customers,Eligible,Treatment,2,0,0,0.0
C005295,Browsers / No Purchase,Suppressed,Suppressed,0,0,0,0.0
C005296,New Customers,Eligible,Treatment,5,0,1,42.84
C005297,Browsers / No Purchase,Eligible,Treatment,6,1,0,0.0
C005298,Lapsing Customers,Eligible,Treatment,1,0,0,0.0
C005299,Lapsing Customers,Eligible,Control,0,0,0,0.0
C005300,High-Value Loyalists,Suppressed,Suppressed,0,0,0,0.0
C005301,New Customers,Eligible,Treatment,1,0,1,68.97
C005302,New Customers,Eligible,Treatment,2,0,0,0.0
C005303,Browsers / No Purchase,Eligible,Treatment,1,0,0,0.0
C005304,Lapsing Customers,Eligible,Treatment,2,0,0,0.0
C005305,High-Value Loyalists,Eligible,Treatment,2,0,0,0.0
C005306,New Customers,Eligible,Control,0,0,0,0.0
C005307,Browsers / No Purchase,Eligible,Treatment,4,0,0,0.0
C005308,Lapsing Customers,Eligible,Treatment,2,0,1,59.71
C005309,High-Value Loyalists,Eligible,Treatment,1,0,0,0.0
C005310,Lapsing Customers,Eligible,Treatment,6,0,0,0.0
C005311,Lapsing Customers,Eligible,Treatment,4,0,0,0.0
C005312,Lapsing Customers,Eligible,Treatment,2,0,0,0.0
C005313,Lapsing Customers,Eligible,Treatment,5,0,0,0.0
C005314,New Customers,Eligible,Treatment,5,0,0,0.0
C005315,Lapsing Customers,Eligible,Control,0,0,0,0.0
C005316,Lapsing Customers,Eligible,Treatment,2,0,0,0.0
C005317,High-Value Loyalists,Eligible,Treatment,4,0,0,0.0
C005318,Browsers / No Purchase,Eligible,Treatment,1,0,0,0.0
C005319,Lapsing Customers,Eligible,Treatment,5,0,0,0.0
C005320,Lapsing Customers,Eligible,Treatment,1,0,1,53.91
C005321,High-Value Loyalists,Suppressed,Suppressed,0,0,0,0.0
C005322,New Customers,Eligible,Control,0,0,0,0.0
C005323,Browsers / No Purchase,Eligible,Treatment,4,1,0,0.0
C005324,High-Value Loyalists,Suppressed,Suppressed,0,0,0,0.0
C005325,High-Value Loyalists,Eligible,Control,0,0,0,0.0
C005326,High-Value Loyalists,Eligible,Treatment,4,0,0,0.0
C005327,New Customers,Eligible,Treatment,6,0,0,0.0
C005328,Browsers / No Purchase,Eligible,Treatment,5,1,0,0.0
C005329,Lapsing Customers,Suppressed,Suppressed,0,0,0,0.0
C005330,Lapsing Customers,Eligible,Treatment,3,0,0,0.0
C005331,Browsers / No Purchase,Eligible,Treatment,4,1,0,0.0
C005332,Browsers / No Purchase,Eligible,Treatment,2,0,0,0.0
C005333,Lapsing Customers,Eligible,Treatment,1,0,0,0.0
C005334,High-Value Loyalists,Eligible,Treatment,4,0,0,0.0
C005335,Lapsing Customers,Suppressed,Suppressed,0,0,0,0.0
C005336,Browsers / No Purchase,Eligible,Treatment,4,0,0,0.0
C005337,New Customers,Eligible,Treatment,2,0,0,0.0
C005338,New Customers,Eligible,Treatment,1,0,0,0.0
C005339,Browsers / No Purchase,Eligible,Treatment,2,0,0,0.0
C005340,Lapsing Customers,Eligible,Treatment,4,0,0,0.0
C005341,Lapsing Customers,Eligible,Treatment,1,1,1,48.27
C005342,High-Value Loyalists,Eligible,Control,0,0,0,0.0
C005343,Browsers / No Purchase,Eligible,Treatment,2,0,0,0.0
C005344,New Customers,Eligible,Treatment,3,0,0,0.0
C005345,Lapsing Customers,Suppressed,Suppressed,0,0,0,0.0
C005346,High-Value Loyalists,Eligible,Treatment,3,0,1,85.64
C005347,Browsers / No Purchase,Eligible,Treatment,3,0,0,0.0
C005348,Browsers / No Purchase,Eligible,Treatment,5,1,0,0.0
C005349,New Customers,Eligible,Treatment,1,0,1,56.85
C005350,Lapsing Customers,Suppressed,Suppressed,0,0,0,0.0
C005351,Browsers / No Purchase,Eligible,Treatment,3,1,0,0.0
C005352,Browsers / No Purchase,Eligible,Treatment,2,1,0,0.0
C005353,New Customers,Eligible,Treatment,6,0,0,0.0
C005354,New Customers,Eligible,Treatment,5,0,0,0.0
C005355,Browsers / No Purchase,Eligible,Treatment,1,1,0,0.0
C005356,Browsers / No Purchase,Eligible,Treatment,6,1,0,0.0
C005357,New Customers,Eligible,Treatment,2,0,0,0.0
C005358,Lapsing Customers,Eligible,Treatment,2,0,0,0.0
C005359,Lapsing Customers,Eligible,Treatment,5,0,0,0.0
C005360,Browsers / No Purchase,Eligible,Treatment,3,0,0,0.0
C005361,New Customers,Eligible,Treatment,1,0,0,0.0
C005362,High-Value Loyalists,Suppressed,Suppressed,0,0,0,0.0
C005363,High-Value Loyalists,Eligible,Treatment,5,0,0,0.0
C005364,Browsers / No Purchase,Suppressed,Suppressed,0,0,0,0.0
C005365,Browsers / No Purchase,Eligible,Treatment,3,0,0,0.0
C005366,Browsers / No Purchase,Suppressed,Suppressed,0,0,0,0.0
C005367,Lapsing Customers,Eligible,Treatment,2,0,0,0.0
C005368,Browsers / No Purchase,Suppressed,Suppressed,0,0,0,0.0
C005369,Browsers / No Purchase,Eligible,Treatment,3,0,0,0.0
C005370,Lapsing Customers,Eligible,Treatment,6,2,0,0.0
C005371,High-Value Loyalists,Eligible,Treatment,4,1,0,0.0
C005372,Browsers / No Purchase,Eligible,Treatment,1,1,0,0.0
C005373,High-Value Loyalists,Eligible,Treatment,3,0,0,0.0
C005374,New Customers,Eligible,Treatment,6,2,0,0.0
C005375,New Customers,Eligible,Treatment,1,0,0,0.0
C005376,New Customers,Eligible,Treatment,2,0,1,111.49
C005377,Lapsing Customers,Eligible,Treatment,4,0,1,51.44
C005378,Browsers / No Purchase,Eligible,Treatment,2,0,0,0.0
C005379,Lapsing Customers,Eligible,Control,0,0,0,0.0
C005380,Browsers / No Purchase,Eligible,Treatment,6,0,0,0.0
C005381,Lapsing Customers,Eligible,Treatment,5,0,0,0.0
C005382,New Customers,Eligible,Control,0,0,0,0.0
C005383,Browsers / No Purchase,Eligible,Treatment,5,0,0,0.0
C005384,High-Value Loyalists,Eligible,Treatment,1,0,0,0.0
C005385,Lapsing Customers,Eligible,Treatment,5,0,0,0.0
C005386,Browsers / No Purchase,Suppressed,Suppressed,0,0,0,0.0
C005387,High-Value Loyalists,Eligible,Treatment,2,0,0,0.0
C005388,High-Value Loyalists,Eligible,Treatment,3,0,1,102.61
C005389,Lapsing Customers,Eligible,Treatment,1,1,0,0.0
C005390,Browsers / No Purchase,Eligible,Treatment,6,0,0,0.0
C005391,New Customers,Eligible,Treatment,4,0,0,0.0
C005392,Lapsing Customers,Eligible,Control,0,0,0,0.0
C005393,Browsers / No Purchase,Eligible,Control,0,0,0,0.0
C005394,Lapsing Customers,Suppressed,Suppressed,0,0,0,0.0
C005395,Lapsing Customers,Eligible,Treatment,5,0,0,0.0
C005396,Lapsing Customers,Eligible,Treatment,6,0,0,0.0
C005397,Lapsing Customers,Suppressed,Suppressed,0,0,0,0.0
C005398,Lapsing Customers,Eligible,Treatment,3,0,0,0.0
C005399,New Customers,Eligible,Treatment,4,1,0,0.0
C005400,High-Value Loyalists,Suppressed,Suppressed,0,0,0,0.0
C005401,New Customers,Eligible,Treatment,4,0,0,0.0
C005402,Lapsing Customers,Eligible,Treatment,3,0,1,84.5
C005403,Lapsing Customers,Eligible,Treatment,1,0,0,0.0
C005404,High-Value Loyalists,Eligible,Control,0,0,0,0.0
C005405,New Customers,Eligible,Control,0,0,0,0.0
C005406,Browsers / No Purchase,Eligible,Treatment,6,2,1,61.19
C005407,Lapsing Customers,Eligible,Treatment,4,0,0,0.0
C005408,High-Value Loyalists,Eligible,Treatment,6,0,0,0.0
C005409,Lapsing Customers,Eligible,Treatment,4,1,0,0.0
C005410,Browsers / No Purchase,Eligible,Treatment,1,1,0,0.0
C005411,Lapsing Customers,Eligible,Treatment,1,1,0,0.0
C005412,Browsers / No Purchase,Eligible,Treatment,5,0,0,0.0
C005413,Lapsing Customers,Suppressed,Suppressed,0,0,0,0.0
C005414,High-Value Loyalists,Eligible,Treatment,3,0,0,0.0
C005415,Browsers / No Purchase,Eligible,Treatment,5,0,0,0.0
C005416,Lapsing Customers,Eligible,Treatment,1,0,0,0.0
C005417,High-Value Loyalists,Suppressed,Suppressed,0,0,0,0.0
C005418,Browsers / No Purchase,Eligible,Treatment,1,0,0,0.0
C005419,High-Value Loyalists,Suppressed,Suppressed,0,0,0,0.0
C005420,Lapsing Customers,Eligible,Treatment,4,0,0,0.0
C005421,Lapsing Customers,Eligible,Treatment,3,0,0,0.0
C005422,New Customers,Eligible,Treatment,1,0,0,0.0
C005423,Browsers / No Purchase,Eligible,Treatment,4,0,0,0.0
C005424,High-Value Loyalists,Suppressed,Suppressed,0,0,0,0.0
C005425,Browsers / No Purchase,Eligible,Control,0,0,0,0.0
C005426,New Customers,Eligible,Treatment,2,1,0,0.0
C005427,Browsers / No Purchase,Eligible,Treatment,1,0,0,0.0
C005428,Browsers / No Purchase,Suppressed,Suppressed,0,0,0,0.0
C005429,Browsers / No Purchase,Eligible,Control,0,0,0,0.0
C005430,New Customers,Eligible,Treatment,5,1,0,0.0
C005431,Lapsing Customers,Eligible,Treatment,4,2,0,0.0
C005432,Lapsing Customers,Eligible,Treatment,4,0,0,0.0
C005433,New Customers,Eligible,Control,0,0,0,0.0
C005434,Lapsing Customers,Eligible,Treatment,3,0,0,0.0
C005435,Browsers / No Purchase,Eligible,Treatment,4,2,0,0.0
C005436,High-Value Loyalists,Eligible,Control,0,0,0,0.0
C005437,Browsers / No Purchase,Eligible,Treatment,6,1,0,0.0
C005438,Lapsing Customers,Eligible,Treatment,2,0,0,0.0
C005439,Browsers / No Purchase,Eligible,Control,0,0,0,0.0
C005440,High-Value Loyalists,Eligible,Treatment,3,0,0,0.0
C005441,High-Value Loyalists,Suppressed,Suppressed,0,0,1,67.74
C005442,Browsers / No Purchase,Eligible,Treatment,6,0,0,0.0
C005443,Browsers / No Purchase,Eligible,Treatment,2,0,0,0.0
C005444,Browsers / No Purchase,Eligible,Treatment,5,1,0,0.0
C005445,Browsers / No Purchase,Eligible,Treatment,4,0,0,0.0
C005446,Lapsing Customers,Eligible,Treatment,3,0,0,0.0
C005447,Browsers / No Purchase,Eligible,Treatment,2,1,0,0.0
C005448,Lapsing Customers,Eligible,Treatment,6,1,0,0.0
C005449,New Customers,Eligible,Treatment,5,0,0,0.0
C005450,Lapsing Customers,Eligible,Treatment,6,0,0,0.0
C005451,High-Value Loyalists,Eligible,Control,0,0,0,0.0
C005452,New Customers,Suppressed,Suppressed,0,0,0,0.0
C005453,Browsers / No Purchase,Eligible,Treatment,6,0,0,0.0
C005454,High-Value Loyalists,Suppressed,Suppressed,0,0,0,0.0
C005455,Browsers / No Purchase,Eligible,Treatment,5,0,0,0.0
C005456,New Customers,Eligible,Treatment,3,0,0,0.0
C005457,High-Value Loyalists,Eligible,Treatment,4,1,0,0.0
C005458,New Customers,Eligible,Control,0,0,0,0.0
C005459,High-Value Loyalists,Eligible,Treatment,3,0,0,0.0
C005460,High-Value Loyalists,Suppressed,Suppressed,0,0,0,0.0
C005461,New Customers,Eligible,Treatment,6,0,0,0.0
C005462,High-Value Loyalists,Eligible,Control,0,0,0,0.0
C005463,High-Value Loyalists,Eligible,Treatment,4,0,0,0.0
C005464,Browsers / No Purchase,Eligible,Treatment,1,0,0,0.0
C005465,High-Value Loyalists,Eligible,Treatment,6,0,0,0.0
C005466,Browsers / No Purchase,Eligible,Treatment,3,0,0,0.0
C005467,Browsers / No Purchase,Eligible,Treatment,4,0,0,0.0
C005468,High-Value Loyalists,Eligible,Treatment,1,0,0,0.0
C005469,New Customers,Eligible,Treatment,1,0,1,89.39
C005470,High-Value Loyalists,Eligible,Treatment,5,0,0,0.0
C005471,New Customers,Eligible,Control,0,0,0,0.0
C005472,High-Value Loyalists,Eligible,Treatment,2,1,0,0.0
C005473,Browsers / No Purchase,Eligible,Treatment,4,1,0,0.0
C005474,Lapsing Customers,Eligible,Treatment,1,0,0,0.0
C005475,New Customers,Eligible,Treatment,1,0,0,0.0
C005476,High-Value Loyalists,Eligible,Treatment,4,0,0,0.0
C005477,Lapsing Customers,Eligible,Treatment,2,1,0,0.0
C005478,Lapsing Customers,Eligible,Treatment,4,0,1,168.36
C005479,New Customers,Eligible,Treatment,5,1,0,0.0
C005480,Browsers / No Purchase,Eligible,Treatment,1,0,0,0.0
C005481,High-Value Loyalists,Eligible,Treatment,5,0,0,0.0
C005482,High-Value Loyalists,Suppressed,Suppressed,0,0,1,55.13
C005483,Lapsing Customers,Eligible,Treatment,3,0,0,0.0
C005484,Lapsing Customers,Eligible,Treatment,5,0,0,0.0
C005485,Browsers / No Purchase,Eligible,Treatment,3,0,0,0.0
C005486,Browsers / No Purchase,Suppressed,Suppressed,0,0,0,0.0
C005487,Browsers / No Purchase,Eligible,Treatment,5,1,0,0.0
C005488,High-Value Loyalists,Eligible,Control,0,0,0,0.0
C005489,Lapsing Customers,Eligible,Treatment,6,0,0,0.0
C005490,Browsers / No Purchase,Eligible,Treatment,6,0,0,0.0
C005491,Lapsing Customers,Eligible,Treatment,6,0,0,0.0
C005492,New Customers,Eligible,Treatment,2,0,0,0.0
C005493,Lapsing Customers,Eligible,Treatment,1,0,0,0.0
C005494,Lapsing Customers,Suppressed,Suppressed,0,0,0,0.0
C005495,Browsers / No Purchase,Eligible,Treatment,5,0,0,0.0
C005496,Lapsing Customers,Eligible,Treatment,3,0,0,0.0
C005497,Browsers / No Purchase,Eligible,Treatment,2,0,0,0.0
C005498,Lapsing Customers,Eligible,Treatment,6,1,0,0.0
C005499,High-Value Loyalists,Suppressed,Suppressed,0,0,0,0.0
C005500,Lapsing Customers,Eligible,Treatment,3,1,0,0.0
C005501,High-Value Loyalists,Eligible,Treatment,5,0,0,0.0
C005502,New Customers,Eligible,Treatment,5,1,0,0.0
C005503,High-Value Loyalists,Suppressed,Suppressed,0,0,0,0.0
C005504,New Customers,Eligible,Treatment,6,0,0,0.0
C005505,Browsers / No Purchase,Eligible,Treatment,3,0,0,0.0
C005506,Lapsing Customers,Eligible,Treatment,2,0,0,0.0
C005507,High-Value Loyalists,Eligible,Treatment,2,1,0,0.0
C005508,Lapsing Customers,Eligible,Treatment,1,0,0,0.0
C005509,Browsers / No Purchase,Eligible,Treatment,1,0,0,0.0
C005510,New Customers,Suppressed,Suppressed,0,0,1,186.85
C005511,High-Value Loyalists,Eligible,Treatment,6,0,0,0.0
C005512,New Customers,Eligible,Treatment,5,0,0,0.0
C005513,Lapsing Customers,Eligible,Treatment,2,0,0,0.0
C005514,Lapsing Customers,Eligible,Treatment,4,0,0,0.0
C005515,High-Value Loyalists,Eligible,Treatment,3,0,0,0.0
C005516,Browsers / No Purchase,Eligible,Treatment,6,1,0,0.0
C005517,High-Value Loyalists,Eligible,Treatment,2,0,0,0.0
C005518,High-Value Loyalists,Suppressed,Suppressed,0,0,0,0.0
C005519,High-Value Loyalists,Eligible,Treatment,5,0,1,23.71
C005520,New Customers,Eligible,Control,0,0,0,0.0
C005521,Lapsing Customers,Eligible,Treatment,2,1,0,0.0
C005522,Lapsing Customers,Eligible,Treatment,2,0,0,0.0
C005523,Lapsing Customers,Eligible,Treatment,3,1,0,0.0
C005524,New Customers,Eligible,Treatment,2,0,0,0.0
C005525,Lapsing Customers,Eligible,Treatment,5,0,1,83.16
C005526,Browsers / No Purchase,Eligible,Treatment,3,0,0,0.0
C005527,Lapsing Customers,Eligible,Treatment,3,0,0,0.0
C005528,High-Value Loyalists,Eligible,Treatment,2,0,0,0.0
C005529,Browsers / No Purchase,Eligible,Control,0,0,0,0.0
C005530,Browsers / No Purchase,Eligible,Treatment,2,0,0,0.0
C005531,Lapsing Customers,Eligible,Treatment,5,0,0,0.0
C005532,Browsers / No Purchase,Eligible,Treatment,1,0,0,0.0
C005533,New Customers,Eligible,Treatment,1,0,1,184.6
C005534,Lapsing Customers,Eligible,Treatment,4,0,0,0.0
C005535,Browsers / No Purchase,Eligible,Control,0,0,0,0.0
C005536,Browsers / No Purchase,Eligible,Treatment,5,1,1,29.34
C005537,Lapsing Customers,Eligible,Treatment,1,0,1,75.16
C005538,New Customers,Eligible,Treatment,6,0,0,0.0
C005539,Lapsing Customers,Eligible,Treatment,4,0,0,0.0
C005540,High-Value Loyalists,Eligible,Treatment,2,1,0,0.0
C005541,Browsers / No Purchase,Eligible,Treatment,5,0,0,0.0
C005542,New Customers,Eligible,Treatment,4,0,0,0.0
C005543,New Customers,Eligible,Treatment,6,0,0,0.0
C005544,New Customers,Eligible,Treatment,4,0,0,0.0
C005545,New Customers,Eligible,Control,0,0,1,89.42
C005546,Lapsing Customers,Eligible,Treatment,6,0,0,0.0
C005547,Browsers / No Purchase,Eligible,Treatment,5,0,0,0.0
C005548,New Customers,Eligible,Treatment,5,0,0,0.0
C005549,New Customers,Eligible,Treatment,3,1,1,68.71
C005550,Lapsing Customers,Eligible,Treatment,2,0,0,0.0
C005551,Lapsing Customers,Eligible,Treatment,1,0,0,0.0
C005552,High-Value Loyalists,Eligible,Treatment,2,1,0,0.0
C005553,Lapsing Customers,Eligible,Treatment,3,0,0,0.0
C005554,High-Value Loyalists,Eligible,Treatment,4,0,0,0.0
C005555,New Customers,Suppressed,Suppressed,0,0,0,0.0
C005556,Browsers / No Purchase,Suppressed,Suppressed,0,0,0,0.0
C005557,Lapsing Customers,Eligible,Treatment,6,2,0,0.0
C005558,Lapsing Customers,Eligible,Treatment,1,0,1,53.84
C005559,New Customers,Suppressed,Suppressed,0,0,0,0.0
C005560,High-Value Loyalists,Eligible,Control,0,0,0,0.0
C005561,Browsers / No Purchase,Suppressed,Suppressed,0,0,0,0.0
C005562,Lapsing Customers,Eligible,Treatment,2,0,0,0.0
C005563,High-Value Loyalists,Eligible,Control,0,0,0,0.0
C005564,High-Value Loyalists,Eligible,Treatment,6,2,0,0.0
C005565,Browsers / No Purchase,Eligible,Treatment,5,0,0,0.0
C005566,Lapsing Customers,Eligible,Control,0,0,0,0.0
C005567,New Customers,Eligible,Treatment,3,0,0,0.0
C005568,High-Value Loyalists,Eligible,Control,0,0,1,36.31
C005569,High-Value Loyalists,Eligible,Treatment,6,1,0,0.0
C005570,Browsers / No Purchase,Eligible,Treatment,6,0,0,0.0
C005571,High-Value Loyalists,Eligible,Treatment,1,0,0,0.0
C005572,High-Value Loyalists,Eligible,Treatment,6,0,0,0.0
C005573,New Customers,Eligible,Treatment,4,0,0,0.0
C005574,Browsers / No Purchase,Eligible,Treatment,2,0,0,0.0
C005575,Lapsing Customers,Eligible,Treatment,5,0,0,0.0
C005576,High-Value Loyalists,Eligible,Control,0,0,0,0.0
C005577,Browsers / No Purchase,Eligible,Control,0,0,0,0.0
C005578,New Customers,Suppressed,Suppressed,0,0,0,0.0
C005579,Browsers / No Purchase,Eligible,Treatment,5,0,0,0.0
C005580,Browsers / No Purchase,Eligible,Treatment,3,1,0,0.0
C005581,New Customers,Eligible,Treatment,4,0,0,0.0
C005582,Lapsing Customers,Eligible,Treatment,1,0,0,0.0
C005583,Lapsing Customers,Eligible,Control,0,0,0,0.0
C005584,Browsers / No Purchase,Eligible,Treatment,5,1,0,0.0
C005585,Browsers / No Purchase,Eligible,Treatment,2,0,0,0.0
C005586,Browsers / No Purchase,Eligible,Treatment,1,1,0,0.0
C005587,New Customers,Eligible,Treatment,2,0,0,0.0
C005588,Lapsing Customers,Suppressed,Suppressed,0,0,0,0.0
C005589,New Customers,Eligible,Treatment,6,2,0,0.0
C005590,New Customers,Eligible,Treatment,6,0,0,0.0
C005591,Lapsing Customers,Eligible,Treatment,3,0,0,0.0
C005592,Browsers / No Purchase,Eligible,Treatment,6,0,0,0.0
C005593,New Customers,Suppressed,Suppressed,0,0,0,0.0
C005594,High-Value Loyalists,Eligible,Treatment,1,0,1,63.78
C005595,New Customers,Eligible,Treatment,3,0,0,0.0
C005596,New Customers,Eligible,Treatment,5,0,0,0.0
C005597,Browsers / No Purchase,Suppressed,Suppressed,0,0,0,0.0
C005598,Lapsing Customers,Eligible,Control,0,0,0,0.0
C005599,New Customers,Eligible,Treatment,6,0,0,0.0
C005600,Lapsing Customers,Eligible,Treatment,2,0,1,82.9
C005601,New Customers,Eligible,Treatment,5,0,0,0.0
C005602,High-Value Loyalists,Eligible,Treatment,5,0,0,0.0
C005603,Browsers / No Purchase,Eligible,Treatment,2,0,0,0.0
C005604,Browsers / No Purchase,Suppressed,Suppressed,0,0,0,0.0
C005605,New Customers,Suppressed,Suppressed,0,0,0,0.0
C005606,New Customers,Eligible,Treatment,6,0,0,0.0
C005607,High-Value Loyalists,Eligible,Treatment,2,0,1,104.19
C005608,New Customers,Eligible,Treatment,6,0,0,0.0
C005609,Lapsing Customers,Eligible,Treatment,4,0,1,63.64
C005610,Browsers / No Purchase,Eligible,Treatment,4,0,0,0.0
C005611,High-Value Loyalists,Suppressed,Suppressed,0,0,0,0.0
C005612,Browsers / No Purchase,Eligible,Treatment,3,0,0,0.0
C005613,Lapsing Customers,Eligible,Treatment,6,0,0,0.0
C005614,New Customers,Eligible,Treatment,6,0,0,0.0
C005615,New Customers,Eligible,Treatment,4,0,0,0.0
C005616,Lapsing Customers,Eligible,Treatment,5,0,0,0.0
C005617,Lapsing Customers,Eligible,Treatment,5,0,0,0.0
C005618,Browsers / No Purchase,Eligible,Treatment,1,0,0,0.0
C005619,New Customers,Eligible,Treatment,2,0,0,0.0
C005620,High-Value Loyalists,Eligible,Treatment,3,0,0,0.0
C005621,Lapsing Customers,Suppressed,Suppressed,0,0,1,35.51
C005622,Lapsing Customers,Eligible,Treatment,3,0,0,0.0
C005623,New Customers,Eligible,Treatment,4,0,0,0.0
C005624,New Customers,Eligible,Treatment,6,0,0,0.0
C005625,High-Value Loyalists,Eligible,Treatment,5,1,0,0.0
C005626,New Customers,Eligible,Treatment,6,0,0,0.0
C005627,Browsers / No Purchase,Eligible,Treatment,5,1,0,0.0
C005628,Browsers / No Purchase,Eligible,Treatment,4,1,0,0.0
C005629,High-Value Loyalists,Eligible,Treatment,4,0,0,0.0
C005630,Lapsing Customers,Eligible,Treatment,1,0,0,0.0
C005631,Lapsing Customers,Eligible,Treatment,5,0,0,0.0
C005632,High-Value Loyalists,Eligible,Treatment,4,0,0,0.0
C005633,Lapsing Customers,Eligible,Treatment,5,1,0,0.0
C005634,High-Value Loyalists,Eligible,Treatment,3,1,0,0.0
C005635,High-Value Loyalists,Eligible,Treatment,5,0,1,64.44
C005636,New Customers,Eligible,Treatment,3,0,0,0.0
C005637,Lapsing Customers,Eligible,Treatment,6,1,1,48.64
C005638,Browsers / No Purchase,Eligible,Treatment,6,0,0,0.0
C005639,High-Value Loyalists,Eligible,Treatment,2,0,0,0.0
C005640,New Customers,Eligible,Treatment,6,0,0,0.0
C005641,Lapsing Customers,Eligible,Treatment,5,0,0,0.0
C005642,Browsers / No Purchase,Eligible,Treatment,3,0,1,78.31
C005643,Browsers / No Purchase,Eligible,Treatment,4,0,0,0.0
C005644,Lapsing Customers,Eligible,Treatment,6,0,0,0.0
C005645,New Customers,Eligible,Treatment,4,1,0,0.0
C005646,Lapsing Customers,Eligible,Control,0,0,0,0.0
C005647,New Customers,Eligible,Treatment,4,0,0,0.0
C005648,High-Value Loyalists,Eligible,Treatment,2,0,0,0.0
C005649,Lapsing Customers,Eligible,Treatment,3,0,0,0.0
C005650,High-Value Loyalists,Eligible,Treatment,4,0,0,0.0
C005651,Browsers / No Purchase,Suppressed,Suppressed,0,0,0,0.0
C005652,Lapsing Customers,Eligible,Treatment,4,0,0,0.0
C005653,New Customers,Suppressed,Suppressed,0,0,0,0.0
C005654,Lapsing Customers,Eligible,Treatment,5,0,0,0.0
C005655,Lapsing Customers,Eligible,Control,0,0,0,0.0
C005656,Lapsing Customers,Eligible,Treatment,1,0,0,0.0
C005657,Browsers / No Purchase,Eligible,Treatment,2,0,0,0.0
C005658,Browsers / No Purchase,Eligible,Treatment,3,1,0,0.0
C005659,High-Value Loyalists,Eligible,Treatment,1,1,1,164.56
C005660,Browsers / No Purchase,Suppressed,Suppressed,0,0,0,0.0
C005661,Lapsing Customers,Eligible,Treatment,5,0,0,0.0
C005662,High-Value Loyalists,Eligible,Treatment,4,0,0,0.0
C005663,New Customers,Eligible,Treatment,3,0,0,0.0
C005664,High-Value Loyalists,Eligible,Treatment,2,1,0,0.0
C005665,Lapsing Customers,Eligible,Treatment,3,0,0,0.0
C005666,New Customers,Eligible,Treatment,4,1,0,0.0
C005667,Lapsing Customers,Eligible,Treatment,4,1,0,0.0
C005668,Browsers / No Purchase,Eligible,Treatment,4,0,0,0.0
C005669,New Customers,Eligible,Treatment,2,1,0,0.0
C005670,Browsers / No Purchase,Eligible,Control,0,0,0,0.0
C005671,New Customers,Eligible,Treatment,3,1,0,0.0
C005672,Browsers / No Purchase,Eligible,Treatment,4,0,0,0.0
C005673,Lapsing Customers,Eligible,Treatment,5,0,0,0.0
C005674,New Customers,Eligible,Treatment,3,1,0,0.0
C005675,New Customers,Eligible,Treatment,3,0,0,0.0
C005676,Browsers / No Purchase,Eligible,Treatment,2,0,0,0.0
C005677,High-Value Loyalists,Eligible,Treatment,6,0,0,0.0
C005678,New Customers,Eligible,Treatment,1,0,0,0.0
C005679,Browsers / No Purchase,Eligible,Treatment,5,1,0,0.0
C005680,Lapsing Customers,Eligible,Treatment,1,0,1,75.14
C005681,Browsers / No Purchase,Eligible,Treatment,4,0,0,0.0
C005682,Lapsing Customers,Eligible,Treatment,4,0,0,0.0
C005683,High-Value Loyalists,Eligible,Treatment,5,0,0,0.0
C005684,New Customers,Eligible,Treatment,6,0,1,146.18
C005685,Lapsing Customers,Eligible,Treatment,5,0,0,0.0
C005686,High-Value Loyalists,Eligible,Treatment,5,1,1,157.68
C005687,High-Value Loyalists,Eligible,Treatment,4,0,0,0.0
C005688,High-Value Loyalists,Eligible,Treatment,4,0,0,0.0
C005689,Browsers / No Purchase,Eligible,Treatment,5,0,0,0.0
C005690,Browsers / No Purchase,Eligible,Treatment,4,0,1,36.97
C005691,New Customers,Suppressed,Suppressed,0,0,0,0.0
C005692,High-Value Loyalists,Suppressed,Suppressed,0,0,0,0.0
C005693,New Customers,Eligible,Treatment,2,0,0,0.0
C005694,Browsers / No Purchase,Eligible,Treatment,6,0,0,0.0
C005695,Browsers / No Purchase,Eligible,Treatment,5,0,0,0.0
C005696,Lapsing Customers,Eligible,Treatment,6,1,0,0.0
C005697,High-Value Loyalists,Eligible,Treatment,2,0,0,0.0
C005698,Browsers / No Purchase,Eligible,Treatment,1,0,0,0.0
C005699,Browsers / No Purchase,Eligible,Treatment,3,0,0,0.0
C005700,High-Value Loyalists,Eligible,Treatment,4,0,0,0.0
C005701,Browsers / No Purchase,Eligible,Treatment,6,3,0,0.0
C005702,High-Value Loyalists,Eligible,Treatment,5,1,0,0.0
C005703,High-Value Loyalists,Eligible,Treatment,2,0,0,0.0
C005704,Browsers / No Purchase,Suppressed,Suppressed,0,0,0,0.0
C005705,New Customers,Eligible,Treatment,4,1,0,0.0
C005706,Lapsing Customers,Eligible,Treatment,3,1,0,0.0
C005707,Browsers / No Purchase,Eligible,Control,0,0,0,0.0
C005708,Browsers / No Purchase,Eligible,Treatment,1,0,0,0.0
C005709,High-Value Loyalists,Eligible,Treatment,4,0,1,86.92
C005710,New Customers,Eligible,Treatment,3,0,0,0.0
C005711,Browsers / No Purchase,Eligible,Treatment,1,0,0,0.0
C005712,New Customers,Eligible,Control,0,0,0,0.0
C005713,Browsers / No Purchase,Eligible,Treatment,1,0,0,0.0
C005714,New Customers,Eligible,Treatment,2,0,0,0.0
C005715,High-Value Loyalists,Eligible,Treatment,4,0,0,0.0
C005716,High-Value Loyalists,Eligible,Treatment,3,0,0,0.0
C005717,Browsers / No Purchase,Eligible,Treatment,1,0,0,0.0
C005718,Browsers / No Purchase,Eligible,Treatment,2,0,0,0.0
C005719,High-Value Loyalists,Eligible,Treatment,1,0,1,93.0
C005720,High-Value Loyalists,Eligible,Treatment,6,0,0,0.0
C005721,Browsers / No Purchase,Eligible,Treatment,3,0,0,0.0
C005722,High-Value Loyalists,Suppressed,Suppressed,0,0,0,0.0
C005723,High-Value Loyalists,Eligible,Treatment,3,0,1,89.58
C005724,Browsers / No Purchase,Eligible,Treatment,4,0,0,0.0
C005725,Browsers / No Purchase,Eligible,Treatment,1,0,0,0.0
C005726,Browsers / No Purchase,Eligible,Treatment,3,0,0,0.0
C005727,New Customers,Eligible,Treatment,3,0,0,0.0
C005728,Lapsing Customers,Eligible,Treatment,3,0,0,0.0
C005729,Browsers / No Purchase,Eligible,Treatment,6,0,0,0.0
C005730,Lapsing Customers,Eligible,Treatment,3,0,0,0.0
C005731,Lapsing Customers,Eligible,Treatment,2,1,0,0.0
C005732,Browsers / No Purchase,Suppressed,Suppressed,0,0,0,0.0
C005733,New Customers,Eligible,Treatment,6,0,0,0.0
C005734,Browsers / No Purchase,Eligible,Control,0,0,0,0.0
C005735,High-Value Loyalists,Eligible,Treatment,5,0,1,56.87
C005736,Browsers / No Purchase,Eligible,Treatment,1,0,0,0.0
C005737,New Customers,Eligible,Control,0,0,0,0.0
C005738,New Customers,Eligible,Treatment,6,2,0,0.0
C005739,Browsers / No Purchase,Eligible,Treatment,1,1,0,0.0
C005740,Lapsing Customers,Eligible,Treatment,4,0,0,0.0
C005741,Browsers / No Purchase,Eligible,Treatment,1,0,0,0.0
C005742,New Customers,Eligible,Treatment,1,0,0,0.0
C005743,Browsers / No Purchase,Eligible,Treatment,4,1,0,0.0
C005744,Browsers / No Purchase,Eligible,Control,0,0,0,0.0
C005745,New Customers,Eligible,Treatment,3,0,0,0.0
C005746,High-Value Loyalists,Eligible,Treatment,1,0,0,0.0
C005747,High-Value Loyalists,Eligible,Control,0,0,0,0.0
C005748,Browsers / No Purchase,Eligible,Treatment,4,0,0,0.0
C005749,Browsers / No Purchase,Eligible,Control,0,0,0,0.0
C005750,Browsers / No Purchase,Eligible,Control,0,0,0,0.0
C005751,High-Value Loyalists,Eligible,Control,0,0,0,0.0
C005752,Lapsing Customers,Eligible,Treatment,1,0,1,150.45
C005753,Browsers / No Purchase,Eligible,Treatment,3,0,0,0.0
C005754,Browsers / No Purchase,Eligible,Treatment,4,0,0,0.0
C005755,High-Value Loyalists,Eligible,Treatment,4,1,0,0.0
C005756,New Customers,Eligible,Treatment,2,0,0,0.0
C005757,High-Value Loyalists,Eligible,Treatment,4,0,0,0.0
C005758,New Customers,Eligible,Treatment,5,1,0,0.0
C005759,Lapsing Customers,Eligible,Treatment,4,0,0,0.0
C005760,High-Value Loyalists,Suppressed,Suppressed,0,0,0,0.0
C005761,High-Value Loyalists,Eligible,Treatment,5,0,0,0.0
C005762,Browsers / No Purchase,Eligible,Treatment,2,0,0,0.0
C005763,Browsers / No Purchase,Eligible,Treatment,4,1,0,0.0
C005764,Browsers / No Purchase,Eligible,Treatment,2,0,0,0.0
C005765,Lapsing Customers,Eligible,Treatment,2,0,0,0.0
C005766,Lapsing Customers,Eligible,Treatment,1,0,0,0.0
C005767,Lapsing Customers,Eligible,Treatment,5,0,0,0.0
C005768,New Customers,Eligible,Treatment,3,0,1,101.49
C005769,Lapsing Customers,Eligible,Treatment,5,1,0,0.0
C005770,Browsers / No Purchase,Eligible,Treatment,6,2,0,0.0
C005771,Browsers / No Purchase,Eligible,Treatment,2,0,0,0.0
C005772,Browsers / No Purchase,Eligible,Treatment,1,0,0,0.0
C005773,Lapsing Customers,Eligible,Treatment,5,0,0,0.0
C005774,New Customers,Eligible,Treatment,2,0,0,0.0
C005775,Lapsing Customers,Eligible,Treatment,5,0,0,0.0
C005776,High-Value Loyalists,Eligible,Treatment,5,2,0,0.0
C005777,Browsers / No Purchase,Eligible,Treatment,5,0,0,0.0
C005778,New Customers,Eligible,Treatment,4,1,0,0.0
C005779,Browsers / No Purchase,Suppressed,Suppressed,0,0,0,0.0
C005780,High-Value Loyalists,Eligible,Treatment,2,0,0,0.0
C005781,Browsers / No Purchase,Eligible,Treatment,4,1,0,0.0
C005782,Browsers / No Purchase,Eligible,Treatment,2,0,0,0.0
C005783,Lapsing Customers,Eligible,Treatment,3,0,0,0.0
C005784,Browsers / No Purchase,Eligible,Treatment,1,0,0,0.0
C005785,Lapsing Customers,Eligible,Treatment,2,0,0,0.0
C005786,Browsers / No Purchase,Eligible,Treatment,1,0,0,0.0
C005787,Browsers / No Purchase,Eligible,Treatment,2,0,0,0.0
C005788,Browsers / No Purchase,Eligible,Treatment,3,1,0,0.0
C005789,Browsers / No Purchase,Eligible,Treatment,1,0,0,0.0
C005790,Lapsing Customers,Suppressed,Suppressed,0,0,0,0.0
C005791,Browsers / No Purchase,Eligible,Treatment,5,0,0,0.0
C005792,New Customers,Suppressed,Suppressed,0,0,0,0.0
C005793,High-Value Loyalists,Eligible,Treatment,3,0,0,0.0
C005794,High-Value Loyalists,Eligible,Treatment,6,0,0,0.0
C005795,Browsers / No Purchase,Eligible,Treatment,1,0,0,0.0
C005796,New Customers,Eligible,Control,0,0,0,0.0
C005797,New Customers,Eligible,Treatment,3,0,0,0.0
C005798,Browsers / No Purchase,Eligible,Treatment,5,0,0,0.0
C005799,New Customers,Suppressed,Suppressed,0,0,0,0.0
C005800,Lapsing Customers,Eligible,Treatment,3,1,0,0.0
C005801,Lapsing Customers,Eligible,Treatment,2,1,1,62.45
C005802,New Customers,Eligible,Treatment,3,0,0,0.0
C005803,Browsers / No Purchase,Eligible,Treatment,4,0,0,0.0
C005804,New Customers,Eligible,Treatment,6,1,0,0.0
C005805,New Customers,Eligible,Treatment,2,0,0,0.0
C005806,Browsers / No Purchase,Eligible,Treatment,4,0,0,0.0
C005807,Browsers / No Purchase,Eligible,Treatment,6,1,0,0.0
C005808,Browsers / No Purchase,Eligible,Treatment,1,0,0,0.0
C005809,High-Value Loyalists,Eligible,Treatment,4,1,0,0.0
C005810,Browsers / No Purchase,Eligible,Treatment,5,0,0,0.0
C005811,New Customers,Eligible,Treatment,3,0,1,73.45
C005812,High-Value Loyalists,Eligible,Treatment,4,0,0,0.0
C005813,New Customers,Eligible,Control,0,0,0,0.0
C005814,Browsers / No Purchase,Eligible,Treatment,5,0,0,0.0
C005815,New Customers,Eligible,Treatment,4,0,0,0.0
C005816,Browsers / No Purchase,Eligible,Treatment,1,0,0,0.0
C005817,Lapsing Customers,Eligible,Treatment,2,0,0,0.0
C005818,Lapsing Customers,Eligible,Treatment,2,0,0,0.0
C005819,Lapsing Customers,Eligible,Treatment,5,0,0,0.0
C005820,Lapsing Customers,Eligible,Treatment,6,0,0,0.0
C005821,New Customers,Eligible,Treatment,4,0,0,0.0
C005822,Browsers / No Purchase,Eligible,Treatment,3,0,0,0.0
C005823,Browsers / No Purchase,Eligible,Treatment,6,0,0,0.0
C005824,High-Value Loyalists,Eligible,Treatment,4,0,0,0.0
C005825,Lapsing Customers,Eligible,Treatment,5,0,0,0.0
C005826,High-Value Loyalists,Eligible,Treatment,4,0,1,28.78
C005827,New Customers,Eligible,Treatment,6,0,0,0.0
C005828,Lapsing Customers,Eligible,Treatment,4,0,0,0.0
C005829,New Customers,Eligible,Treatment,3,0,1,62.24
C005830,Browsers / No Purchase,Eligible,Treatment,5,0,0,0.0
C005831,New Customers,Eligible,Treatment,1,0,1,95.4
C005832,Lapsing Customers,Eligible,Control,0,0,0,0.0
C005833,Lapsing Customers,Eligible,Treatment,1,0,0,0.0
C005834,New Customers,Eligible,Treatment,6,0,0,0.0
C005835,New Customers,Eligible,Treatment,6,1,1,113.09
C005836,High-Value Loyalists,Eligible,Treatment,1,0,0,0.0
C005837,Browsers / No Purchase,Suppressed,Suppressed,0,0,0,0.0
C005838,New Customers,Eligible,Treatment,3,2,0,0.0
C005839,Lapsing Customers,Eligible,Treatment,6,0,0,0.0
C005840,High-Value Loyalists,Eligible,Treatment,6,3,1,93.86
C005841,Lapsing Customers,Suppressed,Suppressed,0,0,0,0.0
C005842,Lapsing Customers,Eligible,Treatment,4,0,0,0.0
C005843,Lapsing Customers,Eligible,Treatment,2,1,0,0.0
C005844,New Customers,Eligible,Control,0,0,0,0.0
C005845,Lapsing Customers,Eligible,Treatment,6,2,0,0.0
C005846,Browsers / No Purchase,Eligible,Treatment,6,0,0,0.0
C005847,Browsers / No Purchase,Eligible,Treatment,4,2,0,0.0
C005848,Lapsing Customers,Suppressed,Suppressed,0,0,0,0.0
C005849,High-Value Loyalists,Suppressed,Suppressed,0,0,0,0.0
C005850,Browsers / No Purchase,Eligible,Treatment,3,0,0,0.0
C005851,Browsers / No Purchase,Eligible,Treatment,2,0,0,0.0
C005852,Browsers / No Purchase,Eligible,Treatment,6,0,0,0.0
C005853,High-Value Loyalists,Eligible,Treatment,4,0,0,0.0
C005854,Lapsing Customers,Eligible,Treatment,5,0,0,0.0
C005855,High-Value Loyalists,Eligible,Treatment,5,0,0,0.0
C005856,Browsers / No Purchase,Eligible,Treatment,3,0,0,0.0
C005857,New Customers,Eligible,Treatment,5,0,0,0.0
C005858,New Customers,Eligible,Treatment,6,0,0,0.0
C005859,New Customers,Suppressed,Suppressed,0,0,0,0.0
C005860,Lapsing Customers,Eligible,Treatment,5,1,0,0.0
C005861,New Customers,Eligible,Treatment,4,0,0,0.0
C005862,High-Value Loyalists,Eligible,Treatment,6,0,0,0.0
C005863,New Customers,Suppressed,Suppressed,0,0,0,0.0
C005864,Browsers / No Purchase,Eligible,Treatment,4,0,0,0.0
C005865,New Customers,Eligible,Treatment,5,1,0,0.0
C005866,Lapsing Customers,Eligible,Treatment,1,0,0,0.0
C005867,Browsers / No Purchase,Eligible,Treatment,6,2,0,0.0
C005868,Browsers / No Purchase,Eligible,Treatment,6,1,0,0.0
C005869,High-Value Loyalists,Eligible,Treatment,5,0,0,0.0
C005870,High-Value Loyalists,Eligible,Control,0,0,0,0.0
C005871,New Customers,Eligible,Treatment,3,1,0,0.0
C005872,Lapsing Customers,Eligible,Treatment,4,0,0,0.0
C005873,High-Value Loyalists,Eligible,Treatment,1,0,0,0.0
C005874,High-Value Loyalists,Eligible,Treatment,1,0,0,0.0
C005875,High-Value Loyalists,Suppressed,Suppressed,0,0,0,0.0
C005876,Lapsing Customers,Suppressed,Suppressed,0,0,1,92.52
C005877,New Customers,Suppressed,Suppressed,0,0,0,0.0
C005878,High-Value Loyalists,Eligible,Treatment,4,0,0,0.0
C005879,Browsers / No Purchase,Eligible,Treatment,6,0,0,0.0
C005880,Lapsing Customers,Eligible,Treatment,1,0,0,0.0
C005881,Lapsing Customers,Eligible,Treatment,1,0,0,0.0
C005882,Lapsing Customers,Eligible,Treatment,3,0,0,0.0
C005883,Browsers / No Purchase,Eligible,Treatment,2,0,0,0.0
C005884,Browsers / No Purchase,Suppressed,Suppressed,0,0,0,0.0
C005885,New Customers,Eligible,Treatment,2,0,0,0.0
C005886,High-Value Loyalists,Eligible,Control,0,0,0,0.0
C005887,Lapsing Customers,Eligible,Treatment,1,0,0,0.0
C005888,High-Value Loyalists,Eligible,Treatment,5,0,0,0.0
C005889,Browsers / No Purchase,Eligible,Treatment,6,0,1,72.48
C005890,High-Value Loyalists,Eligible,Treatment,4,0,0,0.0
C005891,Browsers / No Purchase,Eligible,Treatment,3,0,0,0.0
C005892,New Customers,Eligible,Control,0,0,0,0.0
C005893,New Customers,Eligible,Treatment,3,0,0,0.0
C005894,Browsers / No Purchase,Eligible,Treatment,5,0,0,0.0
C005895,High-Value Loyalists,Eligible,Treatment,1,0,1,19.69
C005896,Browsers / No Purchase,Eligible,Treatment,2,0,0,0.0
C005897,High-Value Loyalists,Eligible,Treatment,4,0,1,27.79
C005898,Browsers / No Purchase,Eligible,Treatment,3,0,0,0.0
C005899,New Customers,Eligible,Treatment,6,0,1,215.91
C005900,High-Value Loyalists,Eligible,Treatment,6,0,0,0.0
C005901,Browsers / No Purchase,Eligible,Treatment,6,1,0,0.0
C005902,High-Value Loyalists,Eligible,Treatment,2,0,0,0.0
C005903,High-Value Loyalists,Eligible,Treatment,2,0,0,0.0
C005904,Browsers / No Purchase,Eligible,Treatment,3,0,0,0.0
C005905,Lapsing Customers,Eligible,Treatment,5,1,0,0.0
C005906,Browsers / No Purchase,Suppressed,Suppressed,0,0,0,0.0
C005907,New Customers,Eligible,Control,0,0,0,0.0
C005908,New Customers,Eligible,Treatment,6,1,0,0.0
C005909,Lapsing Customers,Eligible,Treatment,6,2,0,0.0
C005910,High-Value Loyalists,Eligible,Treatment,2,0,1,56.21
C005911,Browsers / No Purchase,Eligible,Treatment,3,0,0,0.0
C005912,High-Value Loyalists,Eligible,Treatment,4,0,1,76.04
C005913,New Customers,Eligible,Treatment,2,0,0,0.0
C005914,Lapsing Customers,Eligible,Treatment,3,2,0,0.0
C005915,Lapsing Customers,Eligible,Treatment,3,0,0,0.0
C005916,New Customers,Eligible,Treatment,3,0,0,0.0
C005917,Browsers / No Purchase,Eligible,Treatment,3,0,0,0.0
C005918,Browsers / No Purchase,Eligible,Treatment,2,1,0,0.0
C005919,Browsers / No Purchase,Eligible,Treatment,3,0,0,0.0
C005920,Lapsing Customers,Eligible,Treatment,6,2,0,0.0
C005921,Lapsing Customers,Eligible,Treatment,2,0,0,0.0
C005922,High-Value Loyalists,Eligible,Treatment,2,0,0,0.0
C005923,Browsers / No Purchase,Eligible,Treatment,2,0,0,0.0
C005924,Lapsing Customers,Eligible,Control,0,0,0,0.0
C005925,New Customers,Eligible,Treatment,1,0,0,0.0
C005926,High-Value Loyalists,Eligible,Treatment,2,0,0,0.0
C005927,Browsers / No Purchase,Eligible,Treatment,2,0,0,0.0
C005928,Browsers / No Purchase,Eligible,Treatment,4,0,0,0.0
C005929,Browsers / No Purchase,Eligible,Treatment,3,0,0,0.0
C005930,High-Value Loyalists,Eligible,Treatment,1,0,0,0.0
C005931,Browsers / No Purchase,Eligible,Treatment,4,0,0,0.0
C005932,Lapsing Customers,Eligible,Treatment,4,0,0,0.0
C005933,Lapsing Customers,Suppressed,Suppressed,0,0,0,0.0
C005934,Lapsing Customers,Eligible,Treatment,4,1,0,0.0
C005935,Lapsing Customers,Eligible,Treatment,2,0,0,0.0
C005936,New Customers,Eligible,Treatment,4,0,0,0.0
C005937,Lapsing Customers,Suppressed,Suppressed,0,0,0,0.0
C005938,Lapsing Customers,Eligible,Treatment,1,1,0,0.0
C005939,New Customers,Eligible,Treatment,5,0,0,0.0
C005940,Browsers / No Purchase,Eligible,Treatment,5,1,0,0.0
C005941,New Customers,Eligible,Treatment,2,0,0,0.0
C005942,New Customers,Eligible,Treatment,1,0,0,0.0
C005943,High-Value Loyalists,Suppressed,Suppressed,0,0,0,0.0
C005944,Browsers / No Purchase,Eligible,Treatment,6,2,0,0.0
C005945,High-Value Loyalists,Eligible,Treatment,5,0,1,92.02
C005946,Lapsing Customers,Eligible,Treatment,5,1,0,0.0
C005947,High-Value Loyalists,Eligible,Treatment,3,0,1,143.1
C005948,New Customers,Eligible,Treatment,1,0,0,0.0
C005949,Lapsing Customers,Eligible,Treatment,4,0,1,55.06
C005950,New Customers,Eligible,Control,0,0,1,25.94
C005951,Lapsing Customers,Eligible,Treatment,4,0,0,0.0
C005952,Lapsing Customers,Eligible,Treatment,6,0,0,0.0
C005953,Lapsing Customers,Suppressed,Suppressed,0,0,0,0.0
C005954,High-Value Loyalists,Eligible,Treatment,2,0,0,0.0
C005955,Lapsing Customers,Eligible,Control,0,0,0,0.0
C005956,New Customers,Eligible,Treatment,1,0,0,0.0
C005957,New Customers,Eligible,Treatment,3,0,1,155.73
C005958,High-Value Loyalists,Eligible,Treatment,3,0,1,65.23
C005959,New Customers,Eligible,Treatment,3,0,0,0.0
C005960,Lapsing Customers,Eligible,Treatment,1,0,1,117.67
C005961,High-Value Loyalists,Eligible,Treatment,2,0,0,0.0
C005962,High-Value Loyalists,Eligible,Treatment,5,1,0,0.0
C005963,New Customers,Eligible,Treatment,1,0,0,0.0
C005964,Lapsing Customers,Eligible,Treatment,6,1,1,45.35
C005965,New Customers,Eligible,Treatment,5,0,0,0.0
C005966,Lapsing Customers,Eligible,Treatment,3,0,0,0.0
C005967,Browsers / No Purchase,Eligible,Treatment,2,0,0,0.0
C005968,Lapsing Customers,Eligible,Treatment,6,0,0,0.0
C005969,New Customers,Eligible,Treatment,6,1,0,0.0
C005970,Browsers / No Purchase,Suppressed,Suppressed,0,0,0,0.0
C005971,Lapsing Customers,Eligible,Treatment,5,2,0,0.0
C005972,High-Value Loyalists,Eligible,Treatment,6,0,0,0.0
C005973,New Customers,Eligible,Treatment,6,2,1,112.48
C005974,Browsers / No Purchase,Eligible,Treatment,2,0,0,0.0
C005975,Browsers / No Purchase,Eligible,Treatment,4,0,0,0.0
C005976,Lapsing Customers,Eligible,Treatment,6,0,0,0.0
C005977,Browsers / No Purchase,Eligible,Treatment,4,0,0,0.0
C005978,Lapsing Customers,Eligible,Treatment,6,1,0,0.0
C005979,High-Value Loyalists,Eligible,Treatment,2,1,1,102.18
C005980,New Customers,Suppressed,Suppressed,0,0,0,0.0
C005981,New Customers,Eligible,Treatment,6,1,0,0.0
C005982,New Customers,Eligible,Treatment,1,0,0,0.0
C005983,Browsers / No Purchase,Eligible,Treatment,6,1,0,0.0
C005984,Lapsing Customers,Eligible,Treatment,2,0,0,0.0
C005985,New Customers,Eligible,Treatment,1,0,0,0.0
C005986,Lapsing Customers,Eligible,Treatment,3,0,0,0.0
C005987,High-Value Loyalists,Suppressed,Suppressed,0,0,0,0.0
C005988,Lapsing Customers,Eligible,Treatment,6,0,0,0.0
C005989,Browsers / No Purchase,Eligible,Control,0,0,0,0.0
C005990,New Customers,Eligible,Treatment,5,0,0,0.0
C005991,High-Value Loyalists,Suppressed,Suppressed,0,0,1,150.81
C005992,New Customers,Eligible,Control,0,0,0,0.0
C005993,Browsers / No Purchase,Eligible,Treatment,5,0,0,0.0
C005994,Browsers / No Purchase,Eligible,Treatment,4,0,0,0.0
C005995,New Customers,Eligible,Control,0,0,0,0.0
C005996,Lapsing Customers,Suppressed,Suppressed,0,0,0,0.0
C005997,New Customers,Eligible,Treatment,5,1,0,0.0
C005998,Browsers / No Purchase,Eligible,Treatment,5,0,0,0.0
C005999,Browsers / No Purchase,Eligible,Control,0,0,0,0.0
C006000,Browsers / No Purchase,Eligible,Treatment,2,1,0,0.0
C006001,Lapsing Customers,Eligible,Treatment,1,0,0,0.0
C006002,High-Value Loyalists,Eligible,Treatment,5,0,0,0.0
C006003,New Customers,Eligible,Control,0,0,0,0.0
C006004,High-Value Loyalists,Eligible,Treatment,4,0,0,0.0
C006005,High-Value Loyalists,Eligible,Treatment,3,0,0,0.0
C006006,New Customers,Eligible,Treatment,5,0,1,128.21
C006007,New Customers,Eligible,Treatment,1,1,0,0.0
C006008,Browsers / No Purchase,Eligible,Treatment,1,0,0,0.0
C006009,Browsers / No Purchase,Suppressed,Suppressed,0,0,0,0.0
C006010,Browsers / No Purchase,Suppressed,Suppressed,0,0,0,0.0
C006011,Browsers / No Purchase,Eligible,Treatment,6,1,0,0.0
C006012,Browsers / No Purchase,Eligible,Treatment,2,0,0,0.0
C006013,High-Value Loyalists,Eligible,Treatment,1,0,0,0.0
C006014,New Customers,Suppressed,Suppressed,0,0,0,0.0
C006015,High-Value Loyalists,Suppressed,Suppressed,0,0,0,0.0
C006016,High-Value Loyalists,Eligible,Treatment,5,0,0,0.0
C006017,High-Value Loyalists,Eligible,Treatment,4,1,0,0.0
C006018,Browsers / No Purchase,Eligible,Treatment,3,0,0,0.0
C006019,Browsers / No Purchase,Eligible,Treatment,6,1,0,0.0
C006020,Browsers / No Purchase,Eligible,Treatment,1,0,0,0.0
C006021,Browsers / No Purchase,Eligible,Treatment,5,1,0,0.0
C006022,Browsers / No Purchase,Eligible,Treatment,6,0,1,117.71
C006023,High-Value Loyalists,Eligible,Treatment,1,0,0,0.0
C006024,Browsers / No Purchase,Eligible,Control,0,0,0,0.0
C006025,Browsers / No Purchase,Eligible,Treatment,2,1,0,0.0
C006026,Browsers / No Purchase,Eligible,Control,0,0,0,0.0
C006027,High-Value Loyalists,Eligible,Treatment,3,0,1,54.84
C006028,High-Value Loyalists,Eligible,Treatment,3,0,1,184.14
C006029,Browsers / No Purchase,Eligible,Treatment,5,1,0,0.0
C006030,High-Value Loyalists,Eligible,Treatment,3,0,0,0.0
C006031,Lapsing Customers,Eligible,Control,0,0,1,50.18
C006032,Lapsing Customers,Eligible,Treatment,1,0,0,0.0
C006033,High-Value Loyalists,Eligible,Treatment,2,1,0,0.0
C006034,High-Value Loyalists,Eligible,Treatment,2,0,0,0.0
C006035,Browsers / No Purchase,Eligible,Treatment,1,0,0,0.0
C006036,Browsers / No Purchase,Suppressed,Suppressed,0,0,0,0.0
C006037,Browsers / No Purchase,Eligible,Treatment,1,0,0,0.0
C006038,Lapsing Customers,Eligible,Treatment,1,0,0,0.0
C006039,Lapsing Customers,Eligible,Treatment,3,0,1,39.91
C006040,Lapsing Customers,Eligible,Treatment,1,0,0,0.0
C006041,Lapsing Customers,Suppressed,Suppressed,0,0,0,0.0
C006042,High-Value Loyalists,Eligible,Treatment,5,1,0,0.0
C006043,Browsers / No Purchase,Eligible,Treatment,3,0,0,0.0
C006044,Browsers / No Purchase,Eligible,Treatment,1,0,0,0.0
C006045,New Customers,Eligible,Treatment,4,1,0,0.0
C006046,Lapsing Customers,Eligible,Control,0,0,0,0.0
C006047,Lapsing Customers,Suppressed,Suppressed,0,0,0,0.0
C006048,High-Value Loyalists,Eligible,Control,0,0,0,0.0
C006049,Lapsing Customers,Eligible,Treatment,2,0,0,0.0
C006050,New Customers,Eligible,Treatment,1,0,0,0.0
C006051,Lapsing Customers,Eligible,Treatment,3,0,0,0.0
C006052,New Customers,Eligible,Treatment,4,0,0,0.0
C006053,Browsers / No Purchase,Eligible,Treatment,1,0,0,0.0
C006054,Lapsing Customers,Suppressed,Suppressed,0,0,0,0.0
C006055,High-Value Loyalists,Suppressed,Suppressed,0,0,0,0.0
C006056,High-Value Loyalists,Eligible,Treatment,6,1,0,0.0
C006057,High-Value Loyalists,Suppressed,Suppressed,0,0,0,0.0
C006058,New Customers,Eligible,Treatment,1,0,0,0.0
C006059,Browsers / No Purchase,Eligible,Treatment,2,0,0,0.0
C006060,Browsers / No Purchase,Eligible,Treatment,1,0,0,0.0
C006061,New Customers,Eligible,Treatment,4,0,0,0.0
C006062,Lapsing Customers,Suppressed,Suppressed,0,0,0,0.0
C006063,High-Value Loyalists,Eligible,Treatment,1,0,0,0.0
C006064,Lapsing Customers,Eligible,Treatment,3,0,0,0.0
C006065,Lapsing Customers,Eligible,Treatment,5,0,0,0.0
C006066,Browsers / No Purchase,Eligible,Treatment,1,0,0,0.0
C006067,New Customers,Eligible,Treatment,2,1,0,0.0
C006068,Lapsing Customers,Eligible,Treatment,4,0,0,0.0
C006069,Lapsing Customers,Eligible,Treatment,4,0,0,0.0
C006070,High-Value Loyalists,Eligible,Treatment,5,0,0,0.0
C006071,Browsers / No Purchase,Eligible,Treatment,1,0,0,0.0
C006072,High-Value Loyalists,Eligible,Treatment,4,0,0,0.0
C006073,High-Value Loyalists,Eligible,Treatment,3,0,0,0.0
C006074,High-Value Loyalists,Eligible,Treatment,3,0,1,91.16
C006075,Browsers / No Purchase,Eligible,Treatment,4,1,0,0.0
C006076,New Customers,Eligible,Control,0,0,0,0.0
C006077,New Customers,Eligible,Treatment,6,0,0,0.0
C006078,Lapsing Customers,Eligible,Treatment,2,0,0,0.0
C006079,High-Value Loyalists,Eligible,Treatment,5,0,0,0.0
C006080,Browsers / No Purchase,Eligible,Treatment,6,0,0,0.0
C006081,High-Value Loyalists,Eligible,Treatment,6,1,0,0.0
C006082,High-Value Loyalists,Eligible,Treatment,2,0,0,0.0
C006083,New Customers,Eligible,Treatment,3,0,0,0.0
C006084,High-Value Loyalists,Eligible,Treatment,6,0,1,103.82
C006085,High-Value Loyalists,Eligible,Treatment,5,1,0,0.0
C006086,Browsers / No Purchase,Eligible,Treatment,6,0,0,0.0
C006087,New Customers,Eligible,Treatment,3,0,0,0.0
C006088,Lapsing Customers,Eligible,Treatment,2,0,0,0.0
C006089,Lapsing Customers,Eligible,Treatment,5,1,0,0.0
C006090,Browsers / No Purchase,Eligible,Treatment,6,1,0,0.0
C006091,High-Value Loyalists,Eligible,Treatment,6,3,1,28.14
C006092,High-Value Loyalists,Eligible,Treatment,6,1,1,83.61
C006093,New Customers,Eligible,Treatment,6,0,0,0.0
C006094,New Customers,Eligible,Treatment,4,1,0,0.0
C006095,Browsers / No Purchase,Eligible,Treatment,1,0,0,0.0
C006096,Lapsing Customers,Eligible,Treatment,6,1,0,0.0
C006097,High-Value Loyalists,Eligible,Treatment,2,0,0,0.0
C006098,New Customers,Eligible,Treatment,3,0,0,0.0
C006099,New Customers,Eligible,Treatment,5,1,0,0.0
C006100,High-Value Loyalists,Eligible,Treatment,4,2,1,56.81
C006101,New Customers,Eligible,Treatment,4,1,0,0.0
C006102,High-Value Loyalists,Eligible,Treatment,3,0,0,0.0
C006103,Browsers / No Purchase,Eligible,Treatment,2,0,0,0.0
C006104,Browsers / No Purchase,Eligible,Treatment,6,1,0,0.0
C006105,Lapsing Customers,Eligible,Treatment,5,0,0,0.0
C006106,Browsers / No Purchase,Eligible,Treatment,4,2,0,0.0
C006107,Browsers / No Purchase,Suppressed,Suppressed,0,0,0,0.0
C006108,High-Value Loyalists,Eligible,Control,0,0,0,0.0
C006109,Lapsing Customers,Eligible,Treatment,4,0,0,0.0
C006110,New Customers,Eligible,Control,0,0,0,0.0
C006111,High-Value Loyalists,Eligible,Treatment,5,0,1,34.91
C006112,Lapsing Customers,Eligible,Control,0,0,0,0.0
C006113,Lapsing Customers,Eligible,Treatment,4,0,0,0.0
C006114,Browsers / No Purchase,Eligible,Treatment,6,0,0,0.0
C006115,Lapsing Customers,Eligible,Treatment,4,0,0,0.0
C006116,Browsers / No Purchase,Suppressed,Suppressed,0,0,0,0.0
C006117,Lapsing Customers,Eligible,Treatment,1,0,0,0.0
C006118,High-Value Loyalists,Eligible,Treatment,5,1,0,0.0
C006119,Browsers / No Purchase,Eligible,Treatment,6,0,1,36.14
C006120,High-Value Loyalists,Eligible,Control,0,0,0,0.0
C006121,High-Value Loyalists,Eligible,Control,0,0,0,0.0
C006122,Lapsing Customers,Eligible,Treatment,5,1,0,0.0
C006123,New Customers,Eligible,Control,0,0,0,0.0
C006124,Lapsing Customers,Eligible,Treatment,4,1,0,0.0
C006125,High-Value Loyalists,Eligible,Control,0,0,0,0.0
C006126,Lapsing Customers,Eligible,Treatment,2,1,0,0.0
C006127,Lapsing Customers,Eligible,Treatment,6,0,0,0.0
C006128,High-Value Loyalists,Eligible,Treatment,1,0,0,0.0
C006129,New Customers,Eligible,Treatment,1,0,0,0.0
C006130,High-Value Loyalists,Eligible,Treatment,2,1,0,0.0
C006131,Lapsing Customers,Eligible,Treatment,2,0,0,0.0
C006132,New Customers,Suppressed,Suppressed,0,0,0,0.0
C006133,Browsers / No Purchase,Eligible,Treatment,5,0,0,0.0
C006134,Lapsing Customers,Eligible,Treatment,1,0,0,0.0
C006135,Lapsing Customers,Eligible,Treatment,2,0,0,0.0
C006136,Lapsing Customers,Eligible,Treatment,6,1,0,0.0
C006137,Browsers / No Purchase,Eligible,Treatment,4,1,0,0.0
C006138,High-Value Loyalists,Eligible,Treatment,3,0,1,40.26
C006139,High-Value Loyalists,Eligible,Treatment,3,1,0,0.0
C006140,Lapsing Customers,Eligible,Treatment,1,0,0,0.0
C006141,High-Value Loyalists,Eligible,Treatment,3,0,0,0.0
C006142,High-Value Loyalists,Eligible,Control,0,0,0,0.0
C006143,High-Value Loyalists,Eligible,Treatment,4,0,1,102.58
C006144,New Customers,Suppressed,Suppressed,0,0,0,0.0
C006145,New Customers,Eligible,Treatment,6,0,0,0.0
C006146,New Customers,Eligible,Treatment,1,0,0,0.0
C006147,Browsers / No Purchase,Eligible,Treatment,1,0,0,0.0
C006148,Lapsing Customers,Eligible,Treatment,1,0,0,0.0
C006149,Browsers / No Purchase,Eligible,Treatment,1,0,0,0.0
C006150,Browsers / No Purchase,Eligible,Treatment,4,1,0,0.0
C006151,Browsers / No Purchase,Eligible,Treatment,5,0,0,0.0
C006152,Browsers / No Purchase,Eligible,Treatment,2,0,0,0.0
C006153,Lapsing Customers,Suppressed,Suppressed,0,0,0,0.0
C006154,Lapsing Customers,Eligible,Treatment,6,1,0,0.0
C006155,Lapsing Customers,Eligible,Treatment,4,1,0,0.0
C006156,High-Value Loyalists,Eligible,Treatment,4,0,0,0.0
C006157,Lapsing Customers,Eligible,Treatment,1,0,1,102.06
C006158,High-Value Loyalists,Eligible,Treatment,2,0,0,0.0
C006159,High-Value Loyalists,Eligible,Treatment,6,2,0,0.0
C006160,Browsers / No Purchase,Eligible,Treatment,4,0,0,0.0
C006161,New Customers,Eligible,Treatment,3,0,1,68.6
C006162,New Customers,Eligible,Control,0,0,0,0.0
C006163,Lapsing Customers,Eligible,Treatment,4,0,0,0.0
C006164,New Customers,Eligible,Treatment,6,0,0,0.0
C006165,Browsers / No Purchase,Eligible,Treatment,1,0,0,0.0
C006166,New Customers,Suppressed,Suppressed,0,0,0,0.0
C006167,New Customers,Eligible,Treatment,6,1,0,0.0
C006168,Lapsing Customers,Eligible,Treatment,6,1,0,0.0
C006169,Lapsing Customers,Eligible,Treatment,2,0,0,0.0
C006170,New Customers,Eligible,Treatment,3,0,0,0.0
C006171,Browsers / No Purchase,Eligible,Treatment,2,0,0,0.0
C006172,Lapsing Customers,Eligible,Control,0,0,0,0.0
C006173,Lapsing Customers,Eligible,Treatment,1,0,0,0.0
C006174,Lapsing Customers,Eligible,Treatment,4,0,0,0.0
C006175,Lapsing Customers,Eligible,Treatment,5,1,0,0.0
C006176,Browsers / No Purchase,Suppressed,Suppressed,0,0,0,0.0
C006177,Browsers / No Purchase,Suppressed,Suppressed,0,0,0,0.0
C006178,Lapsing Customers,Eligible,Treatment,3,0,0,0.0
C006179,Lapsing Customers,Eligible,Treatment,1,0,0,0.0
C006180,Lapsing Customers,Eligible,Treatment,4,0,0,0.0
C006181,High-Value Loyalists,Eligible,Treatment,3,0,1,127.51
C006182,New Customers,Eligible,Treatment,2,0,0,0.0
C006183,Browsers / No Purchase,Eligible,Treatment,3,1,0,0.0
C006184,New Customers,Eligible,Control,0,0,0,0.0
C006185,High-Value Loyalists,Eligible,Treatment,1,0,0,0.0
C006186,Browsers / No Purchase,Eligible,Treatment,6,0,0,0.0
C006187,Browsers / No Purchase,Eligible,Treatment,6,0,0,0.0
C006188,Lapsing Customers,Eligible,Treatment,3,1,0,0.0
C006189,New Customers,Eligible,Treatment,6,1,0,0.0
C006190,New Customers,Eligible,Control,0,0,0,0.0
C006191,Browsers / No Purchase,Eligible,Treatment,3,0,0,0.0
C006192,High-Value Loyalists,Suppressed,Suppressed,0,0,0,0.0
C006193,High-Value Loyalists,Eligible,Treatment,6,0,0,0.0
C006194,New Customers,Eligible,Treatment,1,0,0,0.0
C006195,High-Value Loyalists,Eligible,Treatment,6,0,0,0.0
C006196,Lapsing Customers,Eligible,Control,0,0,0,0.0
C006197,Browsers / No Purchase,Suppressed,Suppressed,0,0,0,0.0
C006198,High-Value Loyalists,Suppressed,Suppressed,0,0,1,84.55
C006199,Lapsing Customers,Eligible,Treatment,5,0,0,0.0
C006200,Browsers / No Purchase,Suppressed,Suppressed,0,0,0,0.0
C006201,New Customers,Eligible,Treatment,6,1,1,75.4
C006202,New Customers,Eligible,Treatment,4,1,0,0.0
C006203,New Customers,Eligible,Control,0,0,0,0.0
C006204,High-Value Loyalists,Suppressed,Suppressed,0,0,0,0.0
C006205,High-Value Loyalists,Suppressed,Suppressed,0,0,0,0.0
C006206,New Customers,Eligible,Treatment,1,1,0,0.0
C006207,Lapsing Customers,Eligible,Treatment,5,0,0,0.0
C006208,Lapsing Customers,Eligible,Treatment,5,0,0,0.0
C006209,High-Value Loyalists,Suppressed,Suppressed,0,0,0,0.0
C006210,Browsers / No Purchase,Suppressed,Suppressed,0,0,0,0.0
C006211,High-Value Loyalists,Eligible,Treatment,4,0,0,0.0
C006212,Browsers / No Purchase,Eligible,Treatment,6,0,0,0.0
C006213,Lapsing Customers,Eligible,Treatment,1,0,0,0.0
C006214,New Customers,Eligible,Treatment,5,0,0,0.0
C006215,Lapsing Customers,Eligible,Treatment,4,0,0,0.0
C006216,High-Value Loyalists,Eligible,Treatment,2,0,0,0.0
C006217,New Customers,Eligible,Treatment,2,0,0,0.0
C006218,New Customers,Eligible,Treatment,1,0,0,0.0
C006219,High-Value Loyalists,Eligible,Treatment,1,0,0,0.0
C006220,Lapsing Customers,Eligible,Treatment,4,0,0,0.0
C006221,Lapsing Customers,Eligible,Treatment,5,0,0,0.0
C006222,Lapsing Customers,Eligible,Treatment,3,1,0,0.0
C006223,New Customers,Eligible,Control,0,0,0,0.0
C006224,High-Value Loyalists,Eligible,Treatment,1,0,1,59.61
C006225,New Customers,Eligible,Treatment,1,0,0,0.0
C006226,High-Value Loyalists,Eligible,Treatment,4,1,0,0.0
C006227,New Customers,Suppressed,Suppressed,0,0,0,0.0
C006228,Lapsing Customers,Eligible,Treatment,4,0,0,0.0
C006229,Lapsing Customers,Suppressed,Suppressed,0,0,0,0.0
C006230,Lapsing Customers,Eligible,Treatment,2,0,0,0.0
C006231,Browsers / No Purchase,Suppressed,Suppressed,0,0,0,0.0
C006232,New Customers,Eligible,Treatment,5,1,0,0.0
C006233,Browsers / No Purchase,Eligible,Treatment,2,0,0,0.0
C006234,Lapsing Customers,Eligible,Treatment,1,0,0,0.0
C006235,Lapsing Customers,Eligible,Control,0,0,0,0.0
C006236,High-Value Loyalists,Eligible,Treatment,5,1,1,142.31
C006237,Lapsing Customers,Eligible,Control,0,0,0,0.0
C006238,New Customers,Eligible,Control,0,0,0,0.0
C006239,Browsers / No Purchase,Eligible,Treatment,1,0,0,0.0
C006240,New Customers,Suppressed,Suppressed,0,0,0,0.0
C006241,New Customers,Eligible,Treatment,1,0,0,0.0
C006242,High-Value Loyalists,Suppressed,Suppressed,0,0,0,0.0
C006243,High-Value Loyalists,Eligible,Treatment,1,1,0,0.0
C006244,Browsers / No Purchase,Eligible,Treatment,1,0,0,0.0
C006245,High-Value Loyalists,Eligible,Control,0,0,0,0.0
C006246,High-Value Loyalists,Eligible,Treatment,1,0,0,0.0
C006247,Browsers / No Purchase,Eligible,Treatment,6,0,0,0.0
C006248,Browsers / No Purchase,Eligible,Treatment,6,0,0,0.0
C006249,New Customers,Eligible,Treatment,4,0,0,0.0
C006250,Lapsing Customers,Eligible,Treatment,6,0,0,0.0
C006251,Browsers / No Purchase,Eligible,Control,0,0,0,0.0
C006252,Lapsing Customers,Eligible,Treatment,3,0,0,0.0
C006253,Lapsing Customers,Eligible,Treatment,3,0,0,0.0
C006254,Lapsing Customers,Eligible,Treatment,4,0,0,0.0
C006255,Browsers / No Purchase,Eligible,Treatment,5,0,1,118.64
C006256,Browsers / No Purchase,Eligible,Control,0,0,0,0.0
C006257,New Customers,Eligible,Control,0,0,0,0.0
C006258,High-Value Loyalists,Eligible,Treatment,1,1,0,0.0
C006259,New Customers,Eligible,Treatment,4,1,1,88.38
C006260,Lapsing Customers,Eligible,Treatment,4,0,0,0.0
C006261,Browsers / No Purchase,Eligible,Treatment,6,0,1,66.19
C006262,High-Value Loyalists,Eligible,Treatment,3,0,1,160.91
C006263,High-Value Loyalists,Eligible,Control,0,0,0,0.0
C006264,Browsers / No Purchase,Eligible,Treatment,2,0,0,0.0
C006265,Lapsing Customers,Eligible,Treatment,1,0,0,0.0
C006266,Browsers / No Purchase,Eligible,Treatment,2,0,0,0.0
C006267,High-Value Loyalists,Eligible,Treatment,3,0,0,0.0
C006268,Browsers / No Purchase,Eligible,Treatment,6,0,0,0.0
C006269,High-Value Loyalists,Eligible,Treatment,5,0,0,0.0
C006270,High-Value Loyalists,Eligible,Treatment,5,0,1,108.29
C006271,Lapsing Customers,Suppressed,Suppressed,0,0,0,0.0
C006272,Lapsing Customers,Eligible,Treatment,4,1,0,0.0
C006273,New Customers,Eligible,Treatment,1,0,0,0.0
C006274,High-Value Loyalists,Eligible,Treatment,4,0,1,90.7
C006275,High-Value Loyalists,Eligible,Treatment,3,0,0,0.0
C006276,Browsers / No Purchase,Eligible,Treatment,3,1,0,0.0
C006277,Lapsing Customers,Eligible,Treatment,3,0,0,0.0
C006278,New Customers,Eligible,Treatment,5,1,0,0.0
C006279,Browsers / No Purchase,Eligible,Treatment,1,0,0,0.0
C006280,High-Value Loyalists,Eligible,Treatment,5,1,1,97.16
C006281,Browsers / No Purchase,Suppressed,Suppressed,0,0,0,0.0
C006282,Lapsing Customers,Eligible,Treatment,3,0,0,0.0
C006283,Lapsing Customers,Eligible,Treatment,5,0,0,0.0
C006284,High-Value Loyalists,Eligible,Treatment,1,0,0,0.0
C006285,Browsers / No Purchase,Eligible,Treatment,1,0,0,0.0
C006286,New Customers,Eligible,Treatment,1,0,0,0.0
C006287,New Customers,Eligible,Treatment,2,0,0,0.0
C006288,Browsers / No Purchase,Eligible,Treatment,5,1,0,0.0
C006289,Lapsing Customers,Suppressed,Suppressed,0,0,0,0.0
C006290,Browsers / No Purchase,Eligible,Treatment,5,0,0,0.0
C006291,Browsers / No Purchase,Eligible,Treatment,4,0,0,0.0
C006292,Browsers / No Purchase,Eligible,Treatment,3,0,0,0.0
C006293,Browsers / No Purchase,Eligible,Treatment,5,0,0,0.0
C006294,Browsers / No Purchase,Eligible,Treatment,1,0,0,0.0
C006295,High-Value Loyalists,Eligible,Control,0,0,1,90.5
C006296,Browsers / No Purchase,Eligible,Treatment,5,0,0,0.0
C006297,Browsers / No Purchase,Eligible,Treatment,1,0,0,0.0
C006298,New Customers,Eligible,Treatment,3,0,0,0.0
C006299,Lapsing Customers,Eligible,Treatment,5,1,0,0.0
C006300,Browsers / No Purchase,Eligible,Treatment,5,0,0,0.0
C006301,Lapsing Customers,Eligible,Control,0,0,0,0.0
C006302,New Customers,Eligible,Treatment,5,1,0,0.0
C006303,New Customers,Eligible,Treatment,3,0,0,0.0
C006304,High-Value Loyalists,Eligible,Treatment,6,1,0,0.0
C006305,Browsers / No Purchase,Eligible,Treatment,2,0,0,0.0
C006306,High-Value Loyalists,Eligible,Treatment,1,0,0,0.0
C006307,New Customers,Eligible,Control,0,0,0,0.0
C006308,Browsers / No Purchase,Eligible,Treatment,4,0,0,0.0
C006309,Lapsing Customers,Eligible,Treatment,4,0,0,0.0
C006310,Browsers / No Purchase,Eligible,Treatment,5,0,0,0.0
C006311,High-Value Loyalists,Eligible,Treatment,5,0,0,0.0
C006312,Browsers / No Purchase,Eligible,Treatment,2,0,0,0.0
C006313,Browsers / No Purchase,Eligible,Treatment,1,0,0,0.0
C006314,High-Value Loyalists,Eligible,Treatment,5,0,0,0.0
C006315,New Customers,Suppressed,Suppressed,0,0,0,0.0
C006316,New Customers,Eligible,Control,0,0,1,40.86
C006317,New Customers,Suppressed,Suppressed,0,0,1,50.51
C006318,Browsers / No Purchase,Eligible,Treatment,4,0,0,0.0
C006319,New Customers,Eligible,Control,0,0,0,0.0
C006320,New Customers,Suppressed,Suppressed,0,0,0,0.0
C006321,Lapsing Customers,Eligible,Treatment,2,0,0,0.0
C006322,Lapsing Customers,Eligible,Treatment,6,0,0,0.0
C006323,Browsers / No Purchase,Eligible,Treatment,1,0,0,0.0
C006324,High-Value Loyalists,Eligible,Treatment,6,1,0,0.0
C006325,New Customers,Eligible,Treatment,3,0,0,0.0
C006326,High-Value Loyalists,Eligible,Treatment,6,0,0,0.0
C006327,Browsers / No Purchase,Eligible,Treatment,5,0,0,0.0
C006328,New Customers,Eligible,Treatment,5,0,1,85.72
C006329,Lapsing Customers,Eligible,Treatment,2,0,0,0.0
C006330,Lapsing Customers,Eligible,Treatment,4,1,0,0.0
C006331,Lapsing Customers,Suppressed,Suppressed,0,0,0,0.0
C006332,Browsers / No Purchase,Eligible,Treatment,5,0,0,0.0
C006333,New Customers,Eligible,Treatment,3,1,0,0.0
C006334,Lapsing Customers,Eligible,Treatment,5,0,1,40.86
C006335,Browsers / No Purchase,Eligible,Treatment,2,0,0,0.0
C006336,Lapsing Customers,Eligible,Control,0,0,0,0.0
C006337,Lapsing Customers,Eligible,Treatment,3,0,0,0.0
C006338,Lapsing Customers,Eligible,Treatment,2,0,0,0.0
C006339,High-Value Loyalists,Eligible,Treatment,6,0,1,52.47
C006340,Browsers / No Purchase,Eligible,Treatment,5,0,0,0.0
C006341,Browsers / No Purchase,Eligible,Control,0,0,0,0.0
C006342,Browsers / No Purchase,Eligible,Treatment,2,0,0,0.0
C006343,Browsers / No Purchase,Eligible,Treatment,5,1,0,0.0
C006344,Lapsing Customers,Eligible,Treatment,1,0,0,0.0
C006345,Lapsing Customers,Eligible,Treatment,1,0,1,24.05
C006346,New Customers,Eligible,Treatment,5,1,0,0.0
C006347,Browsers / No Purchase,Eligible,Treatment,1,0,0,0.0
C006348,Browsers / No Purchase,Eligible,Control,0,0,0,0.0
C006349,New Customers,Suppressed,Suppressed,0,0,0,0.0
C006350,New Customers,Eligible,Treatment,3,0,1,76.41
C006351,Browsers / No Purchase,Eligible,Treatment,6,0,0,0.0
C006352,Browsers / No Purchase,Eligible,Treatment,3,0,0,0.0
C006353,Browsers / No Purchase,Eligible,Treatment,5,1,1,83.97
C006354,Lapsing Customers,Eligible,Treatment,2,0,0,0.0
C006355,Lapsing Customers,Eligible,Treatment,3,1,0,0.0
C006356,New Customers,Suppressed,Suppressed,0,0,1,99.21
C006357,Lapsing Customers,Suppressed,Suppressed,0,0,0,0.0
C006358,Browsers / No Purchase,Eligible,Treatment,1,0,0,0.0
C006359,New Customers,Suppressed,Suppressed,0,0,0,0.0
C006360,Lapsing Customers,Suppressed,Suppressed,0,0,0,0.0
C006361,Lapsing Customers,Eligible,Treatment,3,0,0,0.0
C006362,New Customers,Eligible,Treatment,3,1,0,0.0
C006363,New Customers,Suppressed,Suppressed,0,0,0,0.0
C006364,High-Value Loyalists,Eligible,Treatment,4,1,0,0.0
C006365,Browsers / No Purchase,Eligible,Treatment,3,0,0,0.0
C006366,Lapsing Customers,Eligible,Treatment,1,0,0,0.0
C006367,Lapsing Customers,Eligible,Treatment,4,0,0,0.0
C006368,Lapsing Customers,Eligible,Treatment,3,0,0,0.0
C006369,New Customers,Suppressed,Suppressed,0,0,0,0.0
C006370,Browsers / No Purchase,Eligible,Treatment,3,0,0,0.0
C006371,Browsers / No Purchase,Eligible,Treatment,4,0,0,0.0
C006372,High-Value Loyalists,Eligible,Treatment,4,1,0,0.0
C006373,Browsers / No Purchase,Eligible,Treatment,4,1,0,0.0
C006374,Browsers / No Purchase,Eligible,Treatment,6,0,0,0.0
C006375,Lapsing Customers,Suppressed,Suppressed,0,0,0,0.0
C006376,Lapsing Customers,Eligible,Treatment,5,1,0,0.0
C006377,Lapsing Customers,Eligible,Treatment,5,0,0,0.0
C006378,Browsers / No Purchase,Eligible,Control,0,0,0,0.0
C006379,Lapsing Customers,Eligible,Treatment,6,1,1,127.67
C006380,Lapsing Customers,Eligible,Treatment,5,0,0,0.0
C006381,Browsers / No Purchase,Eligible,Treatment,6,0,0,0.0
C006382,Browsers / No Purchase,Suppressed,Suppressed,0,0,0,0.0
C006383,New Customers,Eligible,Treatment,5,0,0,0.0
C006384,Browsers / No Purchase,Eligible,Treatment,4,0,0,0.0
C006385,High-Value Loyalists,Eligible,Control,0,0,1,99.85
C006386,Browsers / No Purchase,Eligible,Control,0,0,0,0.0
C006387,Lapsing Customers,Eligible,Control,0,0,0,0.0
C006388,High-Value Loyalists,Eligible,Treatment,4,2,0,0.0
C006389,Browsers / No Purchase,Eligible,Treatment,5,2,0,0.0
C006390,Lapsing Customers,Eligible,Treatment,6,0,0,0.0
C006391,High-Value Loyalists,Suppressed,Suppressed,0,0,0,0.0
C006392,New Customers,Eligible,Treatment,4,1,0,0.0
C006393,Lapsing Customers,Eligible,Treatment,6,2,1,101.94
C006394,High-Value Loyalists,Eligible,Control,0,0,0,0.0
C006395,New Customers,Eligible,Treatment,1,0,0,0.0
C006396,Browsers / No Purchase,Eligible,Treatment,1,0,0,0.0
C006397,Browsers / No Purchase,Eligible,Treatment,2,0,0,0.0
C006398,High-Value Loyalists,Eligible,Treatment,1,0,0,0.0
C006399,New Customers,Eligible,Treatment,1,0,0,0.0
C006400,Browsers / No Purchase,Eligible,Treatment,1,0,0,0.0
C006401,High-Value Loyalists,Eligible,Treatment,3,0,0,0.0
C006402,Lapsing Customers,Eligible,Treatment,1,0,0,0.0
C006403,High-Value Loyalists,Suppressed,Suppressed,0,0,0,0.0
C006404,New Customers,Suppressed,Suppressed,0,0,0,0.0
C006405,High-Value Loyalists,Eligible,Treatment,1,0,0,0.0
C006406,Browsers / No Purchase,Eligible,Treatment,2,0,0,0.0
C006407,Browsers / No Purchase,Eligible,Treatment,3,1,0,0.0
C006408,Lapsing Customers,Eligible,Treatment,1,0,0,0.0
C006409,New Customers,Suppressed,Suppressed,0,0,0,0.0
C006410,Lapsing Customers,Eligible,Treatment,4,0,0,0.0
C006411,High-Value Loyalists,Eligible,Treatment,5,0,0,0.0
C006412,Browsers / No Purchase,Eligible,Treatment,6,1,0,0.0
C006413,Lapsing Customers,Eligible,Treatment,1,0,0,0.0
C006414,Browsers / No Purchase,Suppressed,Suppressed,0,0,0,0.0
C006415,New Customers,Suppressed,Suppressed,0,0,0,0.0
C006416,High-Value Loyalists,Eligible,Treatment,4,0,0,0.0
C006417,Lapsing Customers,Eligible,Treatment,5,0,0,0.0
C006418,Lapsing Customers,Eligible,Treatment,2,0,0,0.0
C006419,Browsers / No Purchase,Eligible,Treatment,6,1,0,0.0
C006420,New Customers,Suppressed,Suppressed,0,0,0,0.0
C006421,Lapsing Customers,Eligible,Treatment,6,0,0,0.0
C006422,New Customers,Suppressed,Suppressed,0,0,0,0.0
C006423,New Customers,Eligible,Treatment,2,0,0,0.0
C006424,Browsers / No Purchase,Eligible,Treatment,4,0,0,0.0
C006425,High-Value Loyalists,Eligible,Treatment,6,1,0,0.0
C006426,High-Value Loyalists,Suppressed,Suppressed,0,0,0,0.0
C006427,High-Value Loyalists,Eligible,Treatment,3,1,1,66.66
C006428,Lapsing Customers,Eligible,Treatment,5,0,1,116.29
C006429,Lapsing Customers,Eligible,Treatment,6,0,0,0.0
C006430,High-Value Loyalists,Eligible,Treatment,3,0,0,0.0
C006431,Lapsing Customers,Eligible,Treatment,6,3,1,160.44
C006432,Lapsing Customers,Eligible,Treatment,6,1,0,0.0
C006433,High-Value Loyalists,Eligible,Treatment,4,1,0,0.0
C006434,Browsers / No Purchase,Eligible,Treatment,3,1,0,0.0
C006435,New Customers,Eligible,Treatment,6,1,0,0.0
C006436,Lapsing Customers,Eligible,Treatment,5,0,0,0.0
C006437,New Customers,Eligible,Control,0,0,0,0.0
C006438,Lapsing Customers,Eligible,Treatment,1,0,0,0.0
C006439,Browsers / No Purchase,Eligible,Treatment,4,0,0,0.0
C006440,New Customers,Eligible,Control,0,0,0,0.0
C006441,New Customers,Eligible,Treatment,2,0,0,0.0
C006442,Browsers / No Purchase,Eligible,Treatment,4,0,0,0.0
C006443,Browsers / No Purchase,Suppressed,Suppressed,0,0,0,0.0
C006444,Browsers / No Purchase,Eligible,Treatment,2,1,0,0.0
C006445,Lapsing Customers,Eligible,Control,0,0,0,0.0
C006446,High-Value Loyalists,Suppressed,Suppressed,0,0,0,0.0
C006447,New Customers,Eligible,Treatment,5,1,0,0.0
C006448,Lapsing Customers,Suppressed,Suppressed,0,0,0,0.0
C006449,New Customers,Eligible,Treatment,4,1,1,102.48
C006450,Browsers / No Purchase,Eligible,Treatment,2,0,1,86.54
C006451,Lapsing Customers,Eligible,Treatment,3,0,0,0.0
C006452,Lapsing Customers,Eligible,Treatment,4,0,0,0.0
C006453,New Customers,Eligible,Treatment,1,0,0,0.0
C006454,Lapsing Customers,Eligible,Treatment,1,0,1,145.0
C006455,New Customers,Eligible,Control,0,0,1,86.69
C006456,Browsers / No Purchase,Eligible,Treatment,6,0,0,0.0
C006457,Lapsing Customers,Eligible,Treatment,4,0,0,0.0
C006458,Browsers / No Purchase,Eligible,Treatment,2,0,0,0.0
C006459,New Customers,Eligible,Treatment,2,0,0,0.0
C006460,Browsers / No Purchase,Eligible,Treatment,6,1,0,0.0
C006461,Lapsing Customers,Eligible,Treatment,5,0,1,74.0
C006462,Browsers / No Purchase,Eligible,Treatment,3,0,0,0.0
C006463,Browsers / No Purchase,Eligible,Treatment,3,0,0,0.0
C006464,Lapsing Customers,Eligible,Treatment,5,0,0,0.0
C006465,New Customers,Eligible,Treatment,3,1,0,0.0
C006466,Browsers / No Purchase,Eligible,Treatment,5,1,0,0.0
C006467,Lapsing Customers,Eligible,Treatment,5,0,0,0.0
C006468,Browsers / No Purchase,Suppressed,Suppressed,0,0,0,0.0
C006469,Browsers / No Purchase,Eligible,Treatment,5,0,0,0.0
C006470,Browsers / No Purchase,Eligible,Treatment,3,0,0,0.0
C006471,Lapsing Customers,Eligible,Treatment,6,1,1,60.12
C006472,New Customers,Eligible,Control,0,0,0,0.0
C006473,Browsers / No Purchase,Eligible,Treatment,3,1,0,0.0
C006474,New Customers,Eligible,Treatment,6,3,0,0.0
C006475,High-Value Loyalists,Eligible,Treatment,4,0,0,0.0
C006476,High-Value Loyalists,Eligible,Treatment,6,0,0,0.0
C006477,Browsers / No Purchase,Eligible,Treatment,1,0,0,0.0
C006478,Lapsing Customers,Eligible,Treatment,3,0,0,0.0
C006479,Lapsing Customers,Eligible,Treatment,6,1,0,0.0
C006480,Lapsing Customers,Suppressed,Suppressed,0,0,0,0.0
C006481,Browsers / No Purchase,Eligible,Treatment,2,0,0,0.0
C006482,Lapsing Customers,Eligible,Treatment,2,0,0,0.0
C006483,Browsers / No Purchase,Eligible,Treatment,6,1,0,0.0
C006484,Browsers / No Purchase,Eligible,Treatment,2,0,1,95.69
C006485,Browsers / No Purchase,Eligible,Treatment,1,0,0,0.0
C006486,Browsers / No Purchase,Eligible,Treatment,1,1,0,0.0
C006487,Lapsing Customers,Eligible,Treatment,6,0,0,0.0
C006488,New Customers,Eligible,Control,0,0,0,0.0
C006489,High-Value Loyalists,Eligible,Treatment,6,0,0,0.0
C006490,Browsers / No Purchase,Eligible,Treatment,5,0,0,0.0
C006491,Lapsing Customers,Eligible,Treatment,3,0,0,0.0
C006492,New Customers,Eligible,Treatment,3,0,1,59.77
C006493,Browsers / No Purchase,Suppressed,Suppressed,0,0,0,0.0
C006494,High-Value Loyalists,Eligible,Control,0,0,0,0.0
C006495,Browsers / No Purchase,Eligible,Treatment,1,0,0,0.0
C006496,High-Value Loyalists,Eligible,Treatment,1,0,0,0.0
C006497,Lapsing Customers,Suppressed,Suppressed,0,0,0,0.0
C006498,Lapsing Customers,Eligible,Treatment,4,1,1,43.88
C006499,Lapsing Customers,Eligible,Treatment,5,0,0,0.0
C006500,New Customers,Eligible,Treatment,2,0,1,59.47
C006501,Browsers / No Purchase,Eligible,Treatment,4,2,0,0.0
C006502,Lapsing Customers,Eligible,Treatment,1,0,1,56.21
C006503,New Customers,Eligible,Treatment,4,0,0,0.0
C006504,Browsers / No Purchase,Suppressed,Suppressed,0,0,0,0.0
C006505,Browsers / No Purchase,Eligible,Treatment,4,0,0,0.0
C006506,High-Value Loyalists,Eligible,Treatment,3,0,0,0.0
C006507,Browsers / No Purchase,Eligible,Treatment,3,0,0,0.0
C006508,High-Value Loyalists,Eligible,Treatment,5,0,0,0.0
C006509,New Customers,Eligible,Treatment,4,0,1,67.95
C006510,New Customers,Eligible,Treatment,2,0,0,0.0
C006511,Browsers / No Purchase,Eligible,Treatment,1,0,0,0.0
C006512,High-Value Loyalists,Eligible,Treatment,2,0,0,0.0
C006513,High-Value Loyalists,Eligible,Treatment,6,0,0,0.0
C006514,Browsers / No Purchase,Eligible,Treatment,4,0,0,0.0
C006515,High-Value Loyalists,Eligible,Treatment,5,0,0,0.0
C006516,Lapsing Customers,Eligible,Treatment,4,0,0,0.0
C006517,Browsers / No Purchase,Eligible,Treatment,5,1,0,0.0
C006518,New Customers,Eligible,Treatment,2,0,0,0.0
C006519,Lapsing Customers,Eligible,Treatment,3,0,1,59.09
C006520,Lapsing Customers,Eligible,Treatment,6,2,1,44.2
C006521,Browsers / No Purchase,Eligible,Treatment,1,1,0,0.0
C006522,Lapsing Customers,Suppressed,Suppressed,0,0,0,0.0
C006523,High-Value Loyalists,Eligible,Treatment,5,0,0,0.0
C006524,Lapsing Customers,Eligible,Control,0,0,0,0.0
C006525,Lapsing Customers,Eligible,Treatment,3,1,0,0.0
C006526,Browsers / No Purchase,Eligible,Treatment,6,1,0,0.0
C006527,Lapsing Customers,Eligible,Treatment,2,0,0,0.0
C006528,High-Value Loyalists,Eligible,Treatment,5,2,0,0.0
C006529,New Customers,Eligible,Treatment,2,1,0,0.0
C006530,High-Value Loyalists,Suppressed,Suppressed,0,0,0,0.0
C006531,Lapsing Customers,Eligible,Control,0,0,0,0.0
C006532,Browsers / No Purchase,Eligible,Control,0,0,0,0.0
C006533,Browsers / No Purchase,Suppressed,Suppressed,0,0,0,0.0
C006534,High-Value Loyalists,Eligible,Treatment,3,0,1,114.28
C006535,Lapsing Customers,Eligible,Treatment,3,0,1,101.97
C006536,High-Value Loyalists,Suppressed,Suppressed,0,0,0,0.0
C006537,High-Value Loyalists,Eligible,Treatment,4,2,0,0.0
C006538,New Customers,Eligible,Treatment,2,0,1,60.05
C006539,New Customers,Eligible,Treatment,4,1,0,0.0
C006540,Browsers / No Purchase,Eligible,Control,0,0,0,0.0
C006541,Browsers / No Purchase,Eligible,Treatment,4,1,0,0.0
C006542,Lapsing Customers,Eligible,Treatment,3,0,0,0.0
C006543,Browsers / No Purchase,Eligible,Treatment,6,0,0,0.0
C006544,New Customers,Eligible,Treatment,4,0,0,0.0
C006545,Lapsing Customers,Eligible,Treatment,4,2,0,0.0
C006546,Browsers / No Purchase,Eligible,Treatment,6,1,0,0.0
C006547,High-Value Loyalists,Eligible,Treatment,2,0,0,0.0
C006548,New Customers,Eligible,Treatment,5,0,0,0.0
C006549,Browsers / No Purchase,Eligible,Treatment,2,0,0,0.0
C006550,Lapsing Customers,Eligible,Treatment,2,0,0,0.0
C006551,Browsers / No Purchase,Eligible,Treatment,1,1,0,0.0
C006552,Lapsing Customers,Eligible,Treatment,6,0,0,0.0
C006553,Browsers / No Purchase,Eligible,Control,0,0,0,0.0
C006554,High-Value Loyalists,Eligible,Treatment,6,1,0,0.0
C006555,High-Value Loyalists,Eligible,Treatment,1,1,0,0.0
C006556,Lapsing Customers,Eligible,Treatment,3,0,0,0.0
C006557,Browsers / No Purchase,Eligible,Treatment,6,0,0,0.0
C006558,High-Value Loyalists,Eligible,Treatment,6,0,0,0.0
C006559,Browsers / No Purchase,Eligible,Treatment,5,1,0,0.0
C006560,Lapsing Customers,Eligible,Treatment,5,1,0,0.0
C006561,Lapsing Customers,Eligible,Treatment,2,0,0,0.0
C006562,Lapsing Customers,Eligible,Treatment,2,0,0,0.0
C006563,High-Value Loyalists,Eligible,Treatment,5,1,0,0.0
C006564,Browsers / No Purchase,Suppressed,Suppressed,0,0,0,0.0
C006565,Lapsing Customers,Eligible,Treatment,6,0,0,0.0
C006566,New Customers,Eligible,Treatment,5,0,0,0.0
C006567,New Customers,Eligible,Treatment,6,0,0,0.0
C006568,New Customers,Eligible,Control,0,0,0,0.0
C006569,New Customers,Eligible,Treatment,4,1,0,0.0
C006570,Browsers / No Purchase,Eligible,Treatment,1,0,0,0.0
C006571,New Customers,Eligible,Control,0,0,0,0.0
C006572,New Customers,Eligible,Treatment,6,0,0,0.0
C006573,New Customers,Eligible,Treatment,3,2,0,0.0
C006574,New Customers,Eligible,Treatment,2,0,0,0.0
C006575,Lapsing Customers,Eligible,Treatment,1,0,0,0.0
C006576,New Customers,Eligible,Treatment,4,0,0,0.0
C006577,Lapsing Customers,Eligible,Treatment,4,0,0,0.0
C006578,Browsers / No Purchase,Suppressed,Suppressed,0,0,0,0.0
C006579,Browsers / No Purchase,Eligible,Treatment,3,0,0,0.0
C006580,Browsers / No Purchase,Eligible,Treatment,2,0,0,0.0
C006581,Browsers / No Purchase,Eligible,Treatment,1,0,0,0.0
C006582,New Customers,Eligible,Treatment,1,0,0,0.0
C006583,Browsers / No Purchase,Eligible,Treatment,2,0,0,0.0
C006584,High-Value Loyalists,Eligible,Treatment,2,0,1,90.21
C006585,Lapsing Customers,Eligible,Control,0,0,0,0.0
C006586,Lapsing Customers,Eligible,Treatment,3,0,0,0.0
C006587,High-Value Loyalists,Suppressed,Suppressed,0,0,0,0.0
C006588,Browsers / No Purchase,Suppressed,Suppressed,0,0,0,0.0
C006589,Browsers / No Purchase,Suppressed,Suppressed,0,0,0,0.0
C006590,New Customers,Suppressed,Suppressed,0,0,0,0.0
C006591,Lapsing Customers,Eligible,Control,0,0,1,204.27
C006592,New Customers,Eligible,Treatment,3,0,1,131.84
C006593,Lapsing Customers,Eligible,Treatment,4,0,0,0.0
C006594,Browsers / No Purchase,Eligible,Treatment,3,1,0,0.0
C006595,Browsers / No Purchase,Suppressed,Suppressed,0,0,0,0.0
C006596,Lapsing Customers,Suppressed,Suppressed,0,0,1,133.36
C006597,Lapsing Customers,Eligible,Treatment,4,0,0,0.0
C006598,Lapsing Customers,Eligible,Treatment,4,0,1,42.44
C006599,High-Value Loyalists,Eligible,Treatment,4,0,0,0.0
C006600,Lapsing Customers,Eligible,Control,0,0,0,0.0
C006601,High-Value Loyalists,Eligible,Treatment,2,0,0,0.0
C006602,High-Value Loyalists,Eligible,Treatment,4,0,0,0.0
C006603,Lapsing Customers,Eligible,Treatment,2,0,0,0.0
C006604,High-Value Loyalists,Eligible,Treatment,3,0,1,34.77
C006605,Browsers / No Purchase,Eligible,Control,0,0,0,0.0
C006606,High-Value Loyalists,Suppressed,Suppressed,0,0,0,0.0
C006607,Browsers / No Purchase,Eligible,Treatment,4,2,0,0.0
C006608,Lapsing Customers,Eligible,Treatment,5,0,0,0.0
C006609,High-Value Loyalists,Eligible,Treatment,6,0,0,0.0
C006610,High-Value Loyalists,Eligible,Treatment,4,0,0,0.0
C006611,Browsers / No Purchase,Eligible,Treatment,5,0,0,0.0
C006612,Lapsing Customers,Eligible,Treatment,1,0,0,0.0
C006613,New Customers,Eligible,Control,0,0,1,49.01
C006614,High-Value Loyalists,Eligible,Treatment,5,0,1,88.53
C006615,Browsers / No Purchase,Eligible,Treatment,3,0,1,77.27
C006616,High-Value Loyalists,Eligible,Treatment,2,0,0,0.0
C006617,Lapsing Customers,Suppressed,Suppressed,0,0,0,0.0
C006618,Browsers / No Purchase,Eligible,Treatment,2,1,0,0.0
C006619,Lapsing Customers,Eligible,Control,0,0,0,0.0
C006620,Lapsing Customers,Eligible,Treatment,4,0,1,100.44
C006621,Browsers / No Purchase,Eligible,Treatment,4,1,0,0.0
C006622,Lapsing Customers,Eligible,Treatment,2,0,0,0.0
C006623,High-Value Loyalists,Suppressed,Suppressed,0,0,0,0.0
C006624,Lapsing Customers,Eligible,Treatment,2,0,0,0.0
C006625,High-Value Loyalists,Eligible,Control,0,0,0,0.0
C006626,Browsers / No Purchase,Eligible,Treatment,5,0,0,0.0
C006627,New Customers,Eligible,Treatment,4,0,0,0.0
C006628,New Customers,Eligible,Treatment,2,0,1,44.95
C006629,Lapsing Customers,Eligible,Treatment,6,1,0,0.0
C006630,New Customers,Eligible,Treatment,1,0,0,0.0
C006631,New Customers,Eligible,Treatment,3,0,0,0.0
C006632,High-Value Loyalists,Eligible,Control,0,0,0,0.0
C006633,Browsers / No Purchase,Eligible,Treatment,4,0,0,0.0
C006634,New Customers,Suppressed,Suppressed,0,0,0,0.0
C006635,Browsers / No Purchase,Eligible,Treatment,3,0,0,0.0
C006636,Lapsing Customers,Eligible,Treatment,6,0,0,0.0
C006637,High-Value Loyalists,Eligible,Treatment,5,1,0,0.0
C006638,Browsers / No Purchase,Eligible,Treatment,4,0,0,0.0
C006639,Browsers / No Purchase,Eligible,Treatment,5,1,0,0.0
C006640,Lapsing Customers,Eligible,Control,0,0,0,0.0
C006641,High-Value Loyalists,Eligible,Control,0,0,0,0.0
C006642,Browsers / No Purchase,Suppressed,Suppressed,0,0,0,0.0
C006643,Lapsing Customers,Eligible,Control,0,0,0,0.0
C006644,Lapsing Customers,Eligible,Treatment,6,0,1,72.74
C006645,New Customers,Eligible,Treatment,2,1,0,0.0
C006646,High-Value Loyalists,Eligible,Control,0,0,0,0.0
C006647,High-Value Loyalists,Eligible,Control,0,0,0,0.0
C006648,High-Value Loyalists,Eligible,Treatment,4,0,0,0.0
C006649,Browsers / No Purchase,Eligible,Treatment,3,1,0,0.0
C006650,Lapsing Customers,Eligible,Treatment,4,0,0,0.0
C006651,New Customers,Eligible,Treatment,1,0,1,190.91
C006652,Browsers / No Purchase,Eligible,Treatment,1,0,0,0.0
C006653,New Customers,Eligible,Treatment,4,0,0,0.0
C006654,New Customers,Eligible,Treatment,1,0,0,0.0
C006655,New Customers,Eligible,Treatment,1,0,0,0.0
C006656,Lapsing Customers,Eligible,Treatment,6,0,0,0.0
C006657,New Customers,Eligible,Treatment,3,0,0,0.0
C006658,Browsers / No Purchase,Suppressed,Suppressed,0,0,0,0.0
C006659,Browsers / No Purchase,Eligible,Treatment,3,0,0,0.0
C006660,Lapsing Customers,Eligible,Treatment,6,1,0,0.0
C006661,Lapsing Customers,Eligible,Treatment,3,0,0,0.0
C006662,Browsers / No Purchase,Suppressed,Suppressed,0,0,0,0.0
C006663,High-Value Loyalists,Eligible,Control,0,0,0,0.0
C006664,Browsers / No Purchase,Eligible,Treatment,2,0,0,0.0
C006665,Lapsing Customers,Eligible,Treatment,2,0,0,0.0
C006666,Browsers / No Purchase,Eligible,Treatment,1,0,0,0.0
C006667,Browsers / No Purchase,Eligible,Treatment,6,0,0,0.0
C006668,Lapsing Customers,Eligible,Treatment,5,1,0,0.0
C006669,High-Value Loyalists,Eligible,Treatment,1,0,0,0.0
C006670,Browsers / No Purchase,Eligible,Treatment,2,1,0,0.0
C006671,Lapsing Customers,Eligible,Treatment,6,1,0,0.0
C006672,Lapsing Customers,Eligible,Treatment,5,0,0,0.0
C006673,New Customers,Eligible,Treatment,3,0,0,0.0
C006674,Lapsing Customers,Eligible,Treatment,5,0,0,0.0
C006675,New Customers,Eligible,Treatment,3,0,1,56.98
C006676,High-Value Loyalists,Suppressed,Suppressed,0,0,0,0.0
C006677,Lapsing Customers,Eligible,Treatment,4,1,0,0.0
C006678,Browsers / No Purchase,Eligible,Control,0,0,0,0.0
C006679,High-Value Loyalists,Eligible,Treatment,6,0,0,0.0
C006680,Lapsing Customers,Eligible,Treatment,4,0,0,0.0
C006681,New Customers,Eligible,Treatment,2,1,0,0.0
C006682,Browsers / No Purchase,Eligible,Treatment,5,0,0,0.0
C006683,New Customers,Suppressed,Suppressed,0,0,0,0.0
C006684,Browsers / No Purchase,Eligible,Treatment,5,0,0,0.0
C006685,Lapsing Customers,Eligible,Treatment,6,0,0,0.0
C006686,Lapsing Customers,Eligible,Treatment,4,1,1,81.43
C006687,Browsers / No Purchase,Suppressed,Suppressed,0,0,0,0.0
C006688,Browsers / No Purchase,Eligible,Treatment,5,0,0,0.0
C006689,New Customers,Eligible,Treatment,1,0,0,0.0
C006690,Lapsing Customers,Suppressed,Suppressed,0,0,0,0.0
C006691,Lapsing Customers,Eligible,Treatment,5,0,0,0.0
C006692,High-Value Loyalists,Eligible,Treatment,3,0,0,0.0
C006693,Browsers / No Purchase,Eligible,Treatment,3,0,0,0.0
C006694,Browsers / No Purchase,Eligible,Treatment,1,0,0,0.0
C006695,Lapsing Customers,Eligible,Treatment,3,0,0,0.0
C006696,Lapsing Customers,Eligible,Treatment,1,0,0,0.0
C006697,Lapsing Customers,Eligible,Control,0,0,0,0.0
C006698,High-Value Loyalists,Eligible,Treatment,3,1,0,0.0
C006699,Browsers / No Purchase,Eligible,Treatment,5,1,0,0.0
C006700,New Customers,Eligible,Treatment,1,0,0,0.0
C006701,Lapsing Customers,Eligible,Treatment,1,0,0,0.0
C006702,New Customers,Eligible,Treatment,6,2,0,0.0
C006703,Browsers / No Purchase,Eligible,Treatment,6,1,0,0.0
C006704,High-Value Loyalists,Eligible,Treatment,4,0,0,0.0
C006705,Lapsing Customers,Suppressed,Suppressed,0,0,0,0.0
C006706,New Customers,Eligible,Control,0,0,0,0.0
C006707,High-Value Loyalists,Eligible,Treatment,1,0,0,0.0
C006708,New Customers,Eligible,Treatment,6,0,0,0.0
C006709,New Customers,Eligible,Control,0,0,0,0.0
C006710,High-Value Loyalists,Eligible,Treatment,3,1,0,0.0
C006711,High-Value Loyalists,Eligible,Treatment,3,0,0,0.0
C006712,Browsers / No Purchase,Eligible,Treatment,5,0,0,0.0
C006713,Lapsing Customers,Suppressed,Suppressed,0,0,0,0.0
C006714,New Customers,Eligible,Treatment,5,0,0,0.0
C006715,New Customers,Eligible,Treatment,2,0,0,0.0
C006716,Browsers / No Purchase,Eligible,Treatment,2,1,0,0.0
C006717,Browsers / No Purchase,Eligible,Treatment,1,1,0,0.0
C006718,Browsers / No Purchase,Eligible,Treatment,1,0,0,0.0
C006719,New Customers,Eligible,Treatment,2,1,0,0.0
C006720,Lapsing Customers,Eligible,Treatment,1,0,0,0.0
C006721,Lapsing Customers,Eligible,Treatment,2,0,0,0.0
C006722,Lapsing Customers,Eligible,Treatment,5,0,0,0.0
C006723,Lapsing Customers,Eligible,Treatment,2,0,0,0.0
C006724,High-Value Loyalists,Eligible,Treatment,6,0,0,0.0
C006725,Lapsing Customers,Suppressed,Suppressed,0,0,0,0.0
C006726,Lapsing Customers,Eligible,Treatment,3,0,0,0.0
C006727,High-Value Loyalists,Eligible,Treatment,4,0,0,0.0
C006728,Lapsing Customers,Eligible,Treatment,4,1,0,0.0
C006729,Browsers / No Purchase,Eligible,Treatment,2,0,0,0.0
C006730,New Customers,Eligible,Treatment,2,0,0,0.0
C006731,Browsers / No Purchase,Eligible,Treatment,2,0,0,0.0
C006732,New Customers,Suppressed,Suppressed,0,0,0,0.0
C006733,Browsers / No Purchase,Eligible,Treatment,5,0,0,0.0
C006734,Browsers / No Purchase,Eligible,Treatment,1,1,0,0.0
C006735,High-Value Loyalists,Eligible,Treatment,2,0,0,0.0
C006736,Browsers / No Purchase,Suppressed,Suppressed,0,0,0,0.0
C006737,High-Value Loyalists,Eligible,Treatment,5,2,1,186.95
C006738,New Customers,Eligible,Treatment,6,1,0,0.0
C006739,Browsers / No Purchase,Eligible,Treatment,1,0,0,0.0
C006740,Lapsing Customers,Suppressed,Suppressed,0,0,0,0.0
C006741,New Customers,Eligible,Treatment,6,1,0,0.0
C006742,Lapsing Customers,Suppressed,Suppressed,0,0,1,63.85
C006743,High-Value Loyalists,Eligible,Treatment,3,0,0,0.0
C006744,High-Value Loyalists,Eligible,Treatment,3,0,0,0.0
C006745,High-Value Loyalists,Eligible,Treatment,2,0,0,0.0
C006746,High-Value Loyalists,Eligible,Treatment,2,0,0,0.0
C006747,New Customers,Eligible,Treatment,3,1,1,76.5
C006748,New Customers,Eligible,Control,0,0,0,0.0
C006749,Lapsing Customers,Suppressed,Suppressed,0,0,0,0.0
C006750,New Customers,Eligible,Treatment,6,0,0,0.0
C006751,High-Value Loyalists,Eligible,Treatment,4,0,0,0.0
C006752,Lapsing Customers,Eligible,Treatment,4,0,0,0.0
C006753,Browsers / No Purchase,Eligible,Treatment,2,0,0,0.0
C006754,Browsers / No Purchase,Suppressed,Suppressed,0,0,0,0.0
C006755,Lapsing Customers,Suppressed,Suppressed,0,0,0,0.0
C006756,High-Value Loyalists,Eligible,Treatment,6,0,0,0.0
C006757,Browsers / No Purchase,Eligible,Treatment,5,1,0,0.0
C006758,Browsers / No Purchase,Eligible,Treatment,2,0,0,0.0
C006759,Lapsing Customers,Eligible,Treatment,3,0,0,0.0
C006760,Lapsing Customers,Eligible,Treatment,5,0,0,0.0
C006761,High-Value Loyalists,Eligible,Treatment,2,0,0,0.0
C006762,New Customers,Suppressed,Suppressed,0,0,0,0.0
C006763,Browsers / No Purchase,Eligible,Treatment,2,0,0,0.0
C006764,New Customers,Eligible,Treatment,6,2,0,0.0
C006765,Lapsing Customers,Eligible,Treatment,6,0,0,0.0
C006766,New Customers,Eligible,Treatment,5,0,0,0.0
C006767,Browsers / No Purchase,Eligible,Control,0,0,0,0.0
C006768,Lapsing Customers,Eligible,Control,0,0,0,0.0
C006769,Browsers / No Purchase,Eligible,Treatment,5,0,0,0.0
C006770,Lapsing Customers,Eligible,Treatment,6,1,0,0.0
C006771,Lapsing Customers,Eligible,Treatment,4,1,1,63.47
C006772,New Customers,Eligible,Control,0,0,0,0.0
C006773,Lapsing Customers,Eligible,Treatment,1,0,0,0.0
C006774,Browsers / No Purchase,Eligible,Treatment,3,0,0,0.0
C006775,New Customers,Eligible,Treatment,1,0,0,0.0
C006776,Lapsing Customers,Eligible,Treatment,2,0,0,0.0
C006777,Lapsing Customers,Eligible,Treatment,1,0,1,86.87
C006778,New Customers,Eligible,Treatment,6,0,1,86.46
C006779,Lapsing Customers,Suppressed,Suppressed,0,0,0,0.0
C006780,Browsers / No Purchase,Eligible,Treatment,1,0,0,0.0
C006781,Lapsing Customers,Eligible,Treatment,1,0,0,0.0
C006782,Lapsing Customers,Eligible,Treatment,4,0,0,0.0
C006783,New Customers,Eligible,Treatment,6,0,0,0.0
C006784,High-Value Loyalists,Suppressed,Suppressed,0,0,0,0.0
C006785,New Customers,Eligible,Treatment,5,1,0,0.0
C006786,New Customers,Eligible,Control,0,0,0,0.0
C006787,Lapsing Customers,Eligible,Treatment,1,1,0,0.0
C006788,Browsers / No Purchase,Suppressed,Suppressed,0,0,0,0.0
C006789,Browsers / No Purchase,Eligible,Control,0,0,0,0.0
C006790,Browsers / No Purchase,Eligible,Treatment,1,1,0,0.0
C006791,Lapsing Customers,Eligible,Control,0,0,0,0.0
C006792,Lapsing Customers,Eligible,Treatment,1,0,0,0.0
C006793,Browsers / No Purchase,Eligible,Treatment,1,0,0,0.0
C006794,New Customers,Eligible,Treatment,6,0,0,0.0
C006795,New Customers,Eligible,Treatment,3,0,0,0.0
C006796,New Customers,Eligible,Treatment,3,1,0,0.0
C006797,Browsers / No Purchase,Eligible,Treatment,2,0,0,0.0
C006798,High-Value Loyalists,Eligible,Control,0,0,1,64.0
C006799,New Customers,Eligible,Treatment,5,1,0,0.0
C006800,High-Value Loyalists,Eligible,Treatment,2,0,0,0.0
C006801,Lapsing Customers,Eligible,Treatment,4,2,0,0.0
C006802,New Customers,Suppressed,Suppressed,0,0,0,0.0
C006803,New Customers,Eligible,Treatment,1,0,0,0.0
C006804,Lapsing Customers,Eligible,Treatment,4,0,1,58.94
C006805,Browsers / No Purchase,Eligible,Treatment,2,0,0,0.0
C006806,Browsers / No Purchase,Eligible,Treatment,2,0,0,0.0
C006807,New Customers,Eligible,Treatment,5,0,1,71.06
C006808,Browsers / No Purchase,Suppressed,Suppressed,0,0,0,0.0
C006809,Lapsing Customers,Eligible,Control,0,0,0,0.0
C006810,Browsers / No Purchase,Eligible,Treatment,6,2,0,0.0
C006811,High-Value Loyalists,Eligible,Treatment,3,0,0,0.0
C006812,Lapsing Customers,Eligible,Treatment,4,0,0,0.0
C006813,Lapsing Customers,Eligible,Treatment,1,1,0,0.0
C006814,High-Value Loyalists,Suppressed,Suppressed,0,0,0,0.0
C006815,New Customers,Eligible,Control,0,0,0,0.0
C006816,High-Value Loyalists,Eligible,Treatment,5,0,0,0.0
C006817,New Customers,Eligible,Treatment,2,1,0,0.0
C006818,High-Value Loyalists,Suppressed,Suppressed,0,0,1,72.17
C006819,High-Value Loyalists,Eligible,Treatment,2,1,0,0.0
C006820,Browsers / No Purchase,Eligible,Treatment,2,0,0,0.0
C006821,New Customers,Eligible,Control,0,0,0,0.0
C006822,Browsers / No Purchase,Eligible,Control,0,0,0,0.0
C006823,New Customers,Eligible,Treatment,6,0,0,0.0
C006824,High-Value Loyalists,Eligible,Treatment,5,0,1,170.75
C006825,New Customers,Eligible,Treatment,1,0,0,0.0
C006826,New Customers,Eligible,Treatment,1,0,1,157.2
C006827,High-Value Loyalists,Eligible,Treatment,6,1,0,0.0
C006828,Browsers / No Purchase,Eligible,Treatment,4,1,0,0.0
C006829,New Customers,Eligible,Treatment,2,0,0,0.0
C006830,Browsers / No Purchase,Eligible,Control,0,0,0,0.0
C006831,New Customers,Eligible,Treatment,2,0,0,0.0
C006832,New Customers,Eligible,Treatment,3,0,0,0.0
C006833,Lapsing Customers,Eligible,Treatment,3,1,0,0.0
C006834,Browsers / No Purchase,Eligible,Treatment,3,0,0,0.0
C006835,Lapsing Customers,Eligible,Treatment,5,0,0,0.0
C006836,High-Value Loyalists,Eligible,Treatment,3,0,0,0.0
C006837,High-Value Loyalists,Suppressed,Suppressed,0,0,1,41.62
C006838,New Customers,Eligible,Treatment,6,0,0,0.0
C006839,Browsers / No Purchase,Suppressed,Suppressed,0,0,0,0.0
C006840,Browsers / No Purchase,Eligible,Control,0,0,0,0.0
C006841,Browsers / No Purchase,Eligible,Treatment,3,0,0,0.0
C006842,Browsers / No Purchase,Eligible,Treatment,2,1,0,0.0
C006843,Browsers / No Purchase,Eligible,Treatment,4,0,0,0.0
C006844,Lapsing Customers,Eligible,Treatment,5,0,0,0.0
C006845,New Customers,Eligible,Control,0,0,0,0.0
C006846,High-Value Loyalists,Eligible,Treatment,3,0,0,0.0
C006847,Lapsing Customers,Eligible,Treatment,4,0,0,0.0
C006848,Lapsing Customers,Eligible,Treatment,1,0,0,0.0
C006849,Lapsing Customers,Eligible,Treatment,2,0,0,0.0
C006850,Browsers / No Purchase,Suppressed,Suppressed,0,0,1,38.9
C006851,Browsers / No Purchase,Eligible,Treatment,3,0,0,0.0
C006852,Lapsing Customers,Eligible,Treatment,4,0,0,0.0
C006853,Browsers / No Purchase,Eligible,Treatment,4,0,0,0.0
C006854,Lapsing Customers,Eligible,Treatment,1,0,0,0.0
C006855,High-Value Loyalists,Eligible,Treatment,5,1,0,0.0
C006856,Lapsing Customers,Eligible,Treatment,5,0,0,0.0
C006857,Lapsing Customers,Eligible,Treatment,5,0,1,141.61
C006858,Lapsing Customers,Eligible,Treatment,1,1,1,41.42
C006859,Lapsing Customers,Eligible,Treatment,2,0,0,0.0
C006860,High-Value Loyalists,Eligible,Treatment,3,0,0,0.0
C006861,Lapsing Customers,Eligible,Treatment,1,0,1,111.32
C006862,Browsers / No Purchase,Eligible,Treatment,4,0,1,54.41
C006863,High-Value Loyalists,Eligible,Treatment,6,0,0,0.0
C006864,Lapsing Customers,Eligible,Treatment,6,0,0,0.0
C006865,New Customers,Eligible,Treatment,3,0,0,0.0
C006866,Lapsing Customers,Eligible,Treatment,1,0,0,0.0
C006867,New Customers,Eligible,Treatment,5,1,0,0.0
C006868,High-Value Loyalists,Eligible,Treatment,4,0,0,0.0
C006869,New Customers,Suppressed,Suppressed,0,0,0,0.0
C006870,New Customers,Suppressed,Suppressed,0,0,0,0.0
C006871,New Customers,Eligible,Treatment,4,1,0,0.0
C006872,New Customers,Suppressed,Suppressed,0,0,0,0.0
C006873,Lapsing Customers,Eligible,Treatment,2,0,0,0.0
C006874,Lapsing Customers,Eligible,Treatment,2,0,0,0.0
C006875,Lapsing Customers,Suppressed,Suppressed,0,0,0,0.0
C006876,New Customers,Eligible,Treatment,1,0,0,0.0
C006877,High-Value Loyalists,Suppressed,Suppressed,0,0,0,0.0
C006878,Lapsing Customers,Suppressed,Suppressed,0,0,1,33.9
C006879,New Customers,Eligible,Treatment,5,1,0,0.0
C006880,High-Value Loyalists,Eligible,Treatment,5,1,0,0.0
C006881,High-Value Loyalists,Eligible,Treatment,6,0,0,0.0
C006882,New Customers,Eligible,Treatment,1,0,0,0.0
C006883,Lapsing Customers,Eligible,Treatment,3,0,0,0.0
C006884,Browsers / No Purchase,Eligible,Treatment,4,0,0,0.0
C006885,Browsers / No Purchase,Eligible,Treatment,3,0,0,0.0
C006886,Browsers / No Purchase,Eligible,Treatment,3,0,0,0.0
C006887,Lapsing Customers,Eligible,Control,0,0,0,0.0
C006888,Lapsing Customers,Eligible,Treatment,1,0,0,0.0
C006889,New Customers,Eligible,Treatment,3,0,0,0.0
C006890,New Customers,Eligible,Treatment,3,0,0,0.0
C006891,New Customers,Suppressed,Suppressed,0,0,0,0.0
C006892,Lapsing Customers,Eligible,Treatment,1,0,0,0.0
C006893,High-Value Loyalists,Eligible,Treatment,5,0,0,0.0
C006894,Lapsing Customers,Suppressed,Suppressed,0,0,0,0.0
C006895,High-Value Loyalists,Eligible,Treatment,1,0,0,0.0
C006896,High-Value Loyalists,Eligible,Treatment,1,0,0,0.0
C006897,Browsers / No Purchase,Eligible,Treatment,2,0,0,0.0
C006898,High-Value Loyalists,Eligible,Treatment,3,1,1,53.99
C006899,New Customers,Eligible,Treatment,2,0,0,0.0
C006900,Browsers / No Purchase,Eligible,Treatment,3,1,0,0.0
C006901,Lapsing Customers,Eligible,Treatment,2,0,0,0.0
C006902,New Customers,Eligible,Treatment,1,0,0,0.0
C006903,New Customers,Eligible,Treatment,6,1,0,0.0
C006904,Lapsing Customers,Eligible,Treatment,4,0,1,75.77
C006905,Lapsing Customers,Eligible,Treatment,2,0,0,0.0
C006906,Browsers / No Purchase,Eligible,Treatment,4,1,0,0.0
C006907,Browsers / No Purchase,Suppressed,Suppressed,0,0,0,0.0
C006908,Browsers / No Purchase,Eligible,Treatment,4,0,0,0.0
C006909,Browsers / No Purchase,Eligible,Treatment,4,0,0,0.0
C006910,Lapsing Customers,Eligible,Treatment,5,0,0,0.0
C006911,Browsers / No Purchase,Suppressed,Suppressed,0,0,0,0.0
C006912,New Customers,Eligible,Treatment,2,0,0,0.0
C006913,New Customers,Eligible,Treatment,4,0,1,62.36
C006914,Browsers / No Purchase,Eligible,Treatment,4,0,0,0.0
C006915,Browsers / No Purchase,Eligible,Control,0,0,0,0.0
C006916,Browsers / No Purchase,Eligible,Treatment,5,1,0,0.0
C006917,Lapsing Customers,Eligible,Treatment,3,0,0,0.0
C006918,New Customers,Eligible,Treatment,3,0,0,0.0
C006919,Lapsing Customers,Suppressed,Suppressed,0,0,0,0.0
C006920,New Customers,Eligible,Control,0,0,0,0.0
C006921,Browsers / No Purchase,Eligible,Treatment,2,0,0,0.0
C006922,Browsers / No Purchase,Suppressed,Suppressed,0,0,0,0.0
C006923,Lapsing Customers,Eligible,Control,0,0,0,0.0
C006924,New Customers,Eligible,Treatment,2,0,0,0.0
C006925,Lapsing Customers,Eligible,Treatment,4,0,0,0.0
C006926,High-Value Loyalists,Eligible,Treatment,4,0,1,33.31
C006927,Lapsing Customers,Eligible,Treatment,6,0,0,0.0
C006928,Browsers / No Purchase,Eligible,Treatment,2,0,0,0.0
C006929,Lapsing Customers,Eligible,Treatment,4,2,1,126.76
C006930,Browsers / No Purchase,Eligible,Treatment,1,0,0,0.0
C006931,Lapsing Customers,Eligible,Treatment,3,0,0,0.0
C006932,Browsers / No Purchase,Eligible,Treatment,5,0,0,0.0
C006933,New Customers,Eligible,Treatment,4,0,0,0.0
C006934,New Customers,Eligible,Treatment,6,1,0,0.0
C006935,New Customers,Eligible,Control,0,0,0,0.0
C006936,Browsers / No Purchase,Eligible,Treatment,5,0,0,0.0
C006937,Browsers / No Purchase,Suppressed,Suppressed,0,0,0,0.0
C006938,New Customers,Eligible,Treatment,4,0,0,0.0
C006939,High-Value Loyalists,Eligible,Treatment,6,0,1,90.37
C006940,Lapsing Customers,Eligible,Treatment,1,0,0,0.0
C006941,Browsers / No Purchase,Eligible,Treatment,1,0,0,0.0
C006942,New Customers,Suppressed,Suppressed,0,0,1,48.32
C006943,New Customers,Eligible,Treatment,5,0,0,0.0
C006944,New Customers,Eligible,Treatment,6,1,0,0.0
C006945,Lapsing Customers,Eligible,Treatment,4,0,1,108.99
C006946,Browsers / No Purchase,Eligible,Treatment,6,1,0,0.0
C006947,Browsers / No Purchase,Eligible,Treatment,3,0,0,0.0
C006948,Browsers / No Purchase,Eligible,Treatment,5,0,0,0.0
C006949,Browsers / No Purchase,Eligible,Control,0,0,0,0.0
C006950,Browsers / No Purchase,Eligible,Treatment,5,0,0,0.0
C006951,New Customers,Eligible,Treatment,2,1,0,0.0
C006952,Browsers / No Purchase,Eligible,Treatment,4,0,0,0.0
C006953,High-Value Loyalists,Eligible,Treatment,6,0,0,0.0
C006954,New Customers,Suppressed,Suppressed,0,0,0,0.0
C006955,Browsers / No Purchase,Eligible,Treatment,1,0,0,0.0
C006956,Lapsing Customers,Eligible,Treatment,4,0,0,0.0
C006957,Lapsing Customers,Eligible,Treatment,1,0,0,0.0
C006958,New Customers,Suppressed,Suppressed,0,0,0,0.0
C006959,Lapsing Customers,Eligible,Treatment,2,0,0,0.0
C006960,Browsers / No Purchase,Eligible,Treatment,3,0,0,0.0
C006961,Lapsing Customers,Eligible,Treatment,5,2,0,0.0
C006962,High-Value Loyalists,Eligible,Treatment,4,0,0,0.0
C006963,New Customers,Eligible,Treatment,2,0,0,0.0
C006964,Lapsing Customers,Eligible,Treatment,6,0,0,0.0
C006965,High-Value Loyalists,Eligible,Treatment,2,1,0,0.0
C006966,New Customers,Eligible,Treatment,2,0,0,0.0
C006967,New Customers,Eligible,Treatment,4,0,0,0.0
C006968,High-Value Loyalists,Eligible,Treatment,1,0,0,0.0
C006969,New Customers,Eligible,Treatment,6,0,0,0.0
C006970,New Customers,Eligible,Treatment,1,0,0,0.0
C006971,Browsers / No Purchase,Eligible,Treatment,3,0,0,0.0
C006972,Lapsing Customers,Eligible,Treatment,5,1,0,0.0
C006973,Lapsing Customers,Suppressed,Suppressed,0,0,0,0.0
C006974,Browsers / No Purchase,Suppressed,Suppressed,0,0,0,0.0
C006975,New Customers,Eligible,Treatment,4,0,0,0.0
C006976,High-Value Loyalists,Eligible,Treatment,5,0,0,0.0
C006977,Browsers / No Purchase,Eligible,Treatment,5,0,1,64.5
C006978,High-Value Loyalists,Eligible,Treatment,3,1,0,0.0
C006979,Browsers / No Purchase,Eligible,Treatment,2,0,0,0.0
C006980,Browsers / No Purchase,Eligible,Treatment,4,0,0,0.0
C006981,Browsers / No Purchase,Eligible,Treatment,5,0,0,0.0
C006982,Browsers / No Purchase,Eligible,Treatment,1,0,0,0.0
C006983,Lapsing Customers,Suppressed,Suppressed,0,0,0,0.0
C006984,Browsers / No Purchase,Suppressed,Suppressed,0,0,0,0.0
C006985,Lapsing Customers,Eligible,Treatment,6,0,0,0.0
C006986,New Customers,Eligible,Treatment,5,1,0,0.0
C006987,New Customers,Suppressed,Suppressed,0,0,0,0.0
C006988,High-Value Loyalists,Eligible,Treatment,5,0,0,0.0
C006989,High-Value Loyalists,Eligible,Treatment,3,0,0,0.0
C006990,High-Value Loyalists,Eligible,Treatment,4,1,0,0.0
C006991,High-Value Loyalists,Eligible,Treatment,2,0,1,104.61
C006992,Lapsing Customers,Eligible,Treatment,5,1,0,0.0
C006993,Browsers / No Purchase,Eligible,Treatment,3,0,0,0.0
C006994,New Customers,Eligible,Treatment,3,0,0,0.0
C006995,Browsers / No Purchase,Eligible,Treatment,5,0,0,0.0
C006996,Browsers / No Purchase,Eligible,Treatment,1,1,0,0.0
C006997,Browsers / No Purchase,Eligible,Treatment,5,0,0,0.0
C006998,Lapsing Customers,Eligible,Treatment,4,1,0,0.0
C006999,Browsers / No Purchase,Eligible,Treatment,1,0,0,0.0
C007000,Browsers / No Purchase,Eligible,Treatment,6,2,0,0.0
C007001,Browsers / No Purchase,Suppressed,Suppressed,0,0,1,108.59
C007002,Browsers / No Purchase,Eligible,Treatment,6,0,0,0.0
C007003,New Customers,Eligible,Treatment,6,0,0,0.0
C007004,New Customers,Eligible,Treatment,6,0,0,0.0
C007005,Browsers / No Purchase,Eligible,Treatment,1,0,0,0.0
C007006,Lapsing Customers,Eligible,Treatment,4,0,0,0.0
C007007,Browsers / No Purchase,Eligible,Treatment,4,0,0,0.0
C007008,High-Value Loyalists,Eligible,Treatment,6,1,0,0.0
C007009,High-Value Loyalists,Suppressed,Suppressed,0,0,0,0.0
C007010,New Customers,Eligible,Treatment,4,0,0,0.0
C007011,High-Value Loyalists,Suppressed,Suppressed,0,0,0,0.0
C007012,Browsers / No Purchase,Eligible,Treatment,3,1,0,0.0
C007013,High-Value Loyalists,Eligible,Treatment,2,1,0,0.0
C007014,Browsers / No Purchase,Eligible,Treatment,4,0,0,0.0
C007015,Lapsing Customers,Eligible,Treatment,1,1,0,0.0
C007016,Browsers / No Purchase,Eligible,Treatment,4,0,0,0.0
C007017,Lapsing Customers,Eligible,Treatment,4,1,1,105.21
C007018,High-Value Loyalists,Eligible,Treatment,5,0,0,0.0
C007019,High-Value Loyalists,Eligible,Treatment,1,0,0,0.0
C007020,New Customers,Eligible,Treatment,3,1,0,0.0
C007021,Browsers / No Purchase,Eligible,Treatment,3,0,0,0.0
C007022,Browsers / No Purchase,Eligible,Treatment,6,0,0,0.0
C007023,Lapsing Customers,Eligible,Treatment,2,0,0,0.0
C007024,New Customers,Eligible,Treatment,6,0,0,0.0
C007025,High-Value Loyalists,Eligible,Treatment,2,0,1,45.61
C007026,New Customers,Eligible,Control,0,0,0,0.0
C007027,New Customers,Suppressed,Suppressed,0,0,0,0.0
C007028,Lapsing Customers,Eligible,Treatment,1,0,0,0.0
C007029,New Customers,Suppressed,Suppressed,0,0,1,29.12
C007030,Browsers / No Purchase,Eligible,Treatment,2,0,1,30.11
C007031,High-Value Loyalists,Eligible,Treatment,1,0,1,105.1
C007032,Lapsing Customers,Eligible,Treatment,6,0,0,0.0
C007033,Lapsing Customers,Eligible,Treatment,5,1,0,0.0
C007034,High-Value Loyalists,Eligible,Control,0,0,0,0.0
C007035,High-Value Loyalists,Eligible,Treatment,4,0,0,0.0
C007036,New Customers,Eligible,Treatment,2,0,0,0.0
C007037,High-Value Loyalists,Eligible,Treatment,4,0,1,116.57
C007038,Browsers / No Purchase,Suppressed,Suppressed,0,0,0,0.0
C007039,Browsers / No Purchase,Eligible,Treatment,4,0,0,0.0
C007040,Browsers / No Purchase,Eligible,Treatment,1,0,0,0.0
C007041,New Customers,Eligible,Treatment,3,0,0,0.0
C007042,High-Value Loyalists,Eligible,Treatment,5,0,0,0.0
C007043,High-Value Loyalists,Eligible,Treatment,3,2,0,0.0
C007044,Lapsing Customers,Eligible,Treatment,3,0,0,0.0
C007045,Browsers / No Purchase,Eligible,Control,0,0,0,0.0
C007046,Browsers / No Purchase,Eligible,Treatment,3,0,0,0.0
C007047,Lapsing Customers,Eligible,Treatment,3,0,0,0.0
C007048,Lapsing Customers,Eligible,Treatment,1,0,0,0.0
C007049,New Customers,Eligible,Treatment,3,0,0,0.0
C007050,Lapsing Customers,Eligible,Treatment,1,0,0,0.0
C007051,Browsers / No Purchase,Eligible,Treatment,6,1,0,0.0
C007052,Lapsing Customers,Eligible,Treatment,6,0,0,0.0
C007053,Lapsing Customers,Eligible,Treatment,4,0,0,0.0
C007054,Lapsing Customers,Eligible,Treatment,5,1,0,0.0
C007055,High-Value Loyalists,Suppressed,Suppressed,0,0,0,0.0
C007056,Lapsing Customers,Eligible,Treatment,2,0,0,0.0
C007057,Browsers / No Purchase,Eligible,Treatment,2,1,0,0.0
C007058,High-Value Loyalists,Eligible,Control,0,0,0,0.0
C007059,New Customers,Eligible,Treatment,5,1,0,0.0
C007060,Lapsing Customers,Eligible,Treatment,4,0,0,0.0
C007061,High-Value Loyalists,Eligible,Treatment,2,0,0,0.0
C007062,High-Value Loyalists,Eligible,Treatment,6,0,0,0.0
C007063,Lapsing Customers,Eligible,Treatment,1,0,0,0.0
C007064,High-Value Loyalists,Eligible,Treatment,3,1,0,0.0
C007065,Lapsing Customers,Eligible,Treatment,1,0,1,112.53
C007066,Browsers / No Purchase,Eligible,Treatment,4,1,0,0.0
C007067,Browsers / No Purchase,Eligible,Treatment,3,0,0,0.0
C007068,Browsers / No Purchase,Eligible,Control,0,0,0,0.0
C007069,Lapsing Customers,Eligible,Treatment,4,0,1,24.93
C007070,Browsers / No Purchase,Eligible,Treatment,3,1,0,0.0
C007071,New Customers,Eligible,Control,0,0,0,0.0
C007072,Lapsing Customers,Eligible,Treatment,5,0,0,0.0
C007073,Lapsing Customers,Eligible,Treatment,5,1,0,0.0
C007074,New Customers,Eligible,Treatment,3,0,0,0.0
C007075,Browsers / No Purchase,Eligible,Treatment,6,1,0,0.0
C007076,Lapsing Customers,Suppressed,Suppressed,0,0,0,0.0
C007077,Lapsing Customers,Eligible,Treatment,6,0,1,27.95
C007078,Browsers / No Purchase,Eligible,Treatment,6,1,0,0.0
C007079,High-Value Loyalists,Suppressed,Suppressed,0,0,0,0.0
C007080,Browsers / No Purchase,Eligible,Treatment,6,0,0,0.0
C007081,Browsers / No Purchase,Eligible,Treatment,3,0,0,0.0
C007082,Browsers / No Purchase,Eligible,Treatment,1,0,0,0.0
C007083,Browsers / No Purchase,Eligible,Treatment,3,0,0,0.0
C007084,Lapsing Customers,Eligible,Treatment,4,0,0,0.0
C007085,New Customers,Eligible,Treatment,3,1,0,0.0
C007086,Browsers / No Purchase,Eligible,Treatment,5,1,0,0.0
C007087,Browsers / No Purchase,Eligible,Treatment,6,0,0,0.0
C007088,Lapsing Customers,Eligible,Treatment,6,1,0,0.0
C007089,High-Value Loyalists,Eligible,Treatment,4,1,0,0.0
C007090,Lapsing Customers,Eligible,Treatment,5,0,0,0.0
C007091,Lapsing Customers,Eligible,Treatment,2,1,0,0.0
C007092,New Customers,Eligible,Treatment,5,0,0,0.0
C007093,Browsers / No Purchase,Suppressed,Suppressed,0,0,0,0.0
C007094,Browsers / No Purchase,Eligible,Treatment,5,1,0,0.0
C007095,New Customers,Eligible,Treatment,3,0,0,0.0
C007096,Lapsing Customers,Eligible,Treatment,3,0,0,0.0
C007097,Lapsing Customers,Eligible,Treatment,5,1,0,0.0
C007098,Lapsing Customers,Eligible,Treatment,1,0,0,0.0
C007099,Lapsing Customers,Suppressed,Suppressed,0,0,0,0.0
C007100,High-Value Loyalists,Eligible,Treatment,6,1,0,0.0
C007101,Lapsing Customers,Suppressed,Suppressed,0,0,0,0.0
C007102,Lapsing Customers,Eligible,Treatment,6,1,1,118.97
C007103,New Customers,Eligible,Treatment,4,0,0,0.0
C007104,High-Value Loyalists,Eligible,Treatment,1,0,0,0.0
C007105,Lapsing Customers,Suppressed,Suppressed,0,0,0,0.0
C007106,High-Value Loyalists,Suppressed,Suppressed,0,0,0,0.0
C007107,New Customers,Eligible,Treatment,5,0,1,28.31
C007108,New Customers,Eligible,Treatment,1,0,1,146.98
C007109,Lapsing Customers,Eligible,Treatment,4,1,0,0.0
C007110,High-Value Loyalists,Eligible,Treatment,5,1,0,0.0
C007111,Browsers / No Purchase,Eligible,Treatment,1,0,0,0.0
C007112,New Customers,Eligible,Treatment,2,0,0,0.0
C007113,New Customers,Eligible,Control,0,0,0,0.0
C007114,New Customers,Eligible,Treatment,6,0,1,110.56
C007115,Browsers / No Purchase,Suppressed,Suppressed,0,0,0,0.0
C007116,Browsers / No Purchase,Suppressed,Suppressed,0,0,0,0.0
C007117,Lapsing Customers,Eligible,Treatment,4,1,0,0.0
C007118,New Customers,Eligible,Treatment,5,0,0,0.0
C007119,Lapsing Customers,Eligible,Treatment,4,1,0,0.0
C007120,New Customers,Eligible,Treatment,2,0,1,84.35
C007121,Lapsing Customers,Eligible,Treatment,1,0,0,0.0
C007122,High-Value Loyalists,Eligible,Control,0,0,0,0.0
C007123,Browsers / No Purchase,Eligible,Treatment,2,0,0,0.0
C007124,Browsers / No Purchase,Suppressed,Suppressed,0,0,0,0.0
C007125,Lapsing Customers,Eligible,Treatment,3,1,0,0.0
C007126,Browsers / No Purchase,Eligible,Treatment,1,0,0,0.0
C007127,Lapsing Customers,Eligible,Treatment,6,0,0,0.0
C007128,Lapsing Customers,Eligible,Control,0,0,0,0.0
C007129,Browsers / No Purchase,Eligible,Treatment,3,0,0,0.0
C007130,Lapsing Customers,Eligible,Treatment,6,1,0,0.0
C007131,Lapsing Customers,Eligible,Treatment,4,1,0,0.0
C007132,New Customers,Eligible,Treatment,3,0,0,0.0
C007133,High-Value Loyalists,Eligible,Treatment,1,1,0,0.0
C007134,Lapsing Customers,Eligible,Treatment,3,1,0,0.0
C007135,Lapsing Customers,Eligible,Treatment,6,1,0,0.0
C007136,New Customers,Eligible,Treatment,6,1,0,0.0
C007137,High-Value Loyalists,Eligible,Treatment,3,0,0,0.0
C007138,Lapsing Customers,Eligible,Control,0,0,0,0.0
C007139,Browsers / No Purchase,Suppressed,Suppressed,0,0,0,0.0
C007140,High-Value Loyalists,Eligible,Treatment,3,0,0,0.0
C007141,Lapsing Customers,Eligible,Treatment,4,0,0,0.0
C007142,Browsers / No Purchase,Eligible,Treatment,5,0,0,0.0
C007143,Browsers / No Purchase,Eligible,Treatment,3,1,0,0.0
C007144,High-Value Loyalists,Eligible,Treatment,2,2,1,101.14
C007145,Browsers / No Purchase,Eligible,Treatment,2,0,0,0.0
C007146,Browsers / No Purchase,Eligible,Treatment,1,0,0,0.0
C007147,Lapsing Customers,Eligible,Treatment,3,0,1,90.84
C007148,Browsers / No Purchase,Eligible,Treatment,2,0,0,0.0
C007149,Browsers / No Purchase,Eligible,Treatment,6,0,0,0.0
C007150,New Customers,Eligible,Treatment,2,0,0,0.0
C007151,New Customers,Eligible,Treatment,4,0,0,0.0
C007152,Browsers / No Purchase,Eligible,Treatment,6,1,0,0.0
C007153,Browsers / No Purchase,Eligible,Treatment,1,1,0,0.0
C007154,New Customers,Eligible,Treatment,6,0,0,0.0
C007155,Browsers / No Purchase,Eligible,Treatment,4,0,0,0.0
C007156,Browsers / No Purchase,Eligible,Treatment,1,0,0,0.0
C007157,Browsers / No Purchase,Eligible,Treatment,1,0,0,0.0
C007158,Browsers / No Purchase,Eligible,Treatment,6,0,0,0.0
C007159,High-Value Loyalists,Suppressed,Suppressed,0,0,0,0.0
C007160,High-Value Loyalists,Eligible,Treatment,5,0,1,111.96
C007161,New Customers,Eligible,Treatment,2,0,0,0.0
C007162,Lapsing Customers,Eligible,Treatment,2,0,0,0.0
C007163,New Customers,Eligible,Control,0,0,0,0.0
C007164,Browsers / No Purchase,Suppressed,Suppressed,0,0,0,0.0
C007165,Browsers / No Purchase,Eligible,Treatment,1,0,0,0.0
C007166,Lapsing Customers,Eligible,Treatment,3,0,0,0.0
C007167,Browsers / No Purchase,Eligible,Treatment,2,0,0,0.0
C007168,High-Value Loyalists,Eligible,Treatment,2,0,0,0.0
C007169,New Customers,Eligible,Treatment,5,2,0,0.0
C007170,High-Value Loyalists,Eligible,Treatment,3,0,0,0.0
C007171,New Customers,Eligible,Treatment,2,1,0,0.0
C007172,New Customers,Eligible,Treatment,1,1,1,123.77
C007173,Browsers / No Purchase,Eligible,Treatment,5,0,0,0.0
C007174,New Customers,Eligible,Treatment,4,0,1,170.73
C007175,Lapsing Customers,Eligible,Treatment,6,0,0,0.0
C007176,High-Value Loyalists,Eligible,Treatment,3,0,1,107.63
C007177,High-Value Loyalists,Eligible,Treatment,1,0,1,81.64
C007178,Browsers / No Purchase,Eligible,Control,0,0,0,0.0
C007179,Browsers / No Purchase,Eligible,Control,0,0,0,0.0
C007180,Lapsing Customers,Eligible,Treatment,3,0,0,0.0
C007181,Lapsing Customers,Eligible,Treatment,3,1,0,0.0
C007182,Lapsing Customers,Eligible,Treatment,4,0,1,33.6
C007183,New Customers,Eligible,Treatment,5,1,0,0.0
C007184,Lapsing Customers,Eligible,Control,0,0,0,0.0
C007185,High-Value Loyalists,Eligible,Treatment,6,1,1,60.39
C007186,Lapsing Customers,Eligible,Treatment,1,0,0,0.0
C007187,Lapsing Customers,Eligible,Treatment,4,0,0,0.0
C007188,Lapsing Customers,Eligible,Treatment,4,0,0,0.0
C007189,High-Value Loyalists,Eligible,Treatment,5,1,0,0.0
C007190,New Customers,Eligible,Treatment,2,0,0,0.0
C007191,New Customers,Eligible,Treatment,5,1,0,0.0
C007192,Lapsing Customers,Eligible,Treatment,1,0,0,0.0
C007193,New Customers,Eligible,Treatment,3,0,0,0.0
C007194,New Customers,Eligible,Control,0,0,0,0.0
C007195,Browsers / No Purchase,Eligible,Treatment,6,0,0,0.0
C007196,Browsers / No Purchase,Eligible,Treatment,6,1,0,0.0
C007197,High-Value Loyalists,Eligible,Treatment,6,1,0,0.0
C007198,Browsers / No Purchase,Eligible,Treatment,4,0,0,0.0
C007199,Browsers / No Purchase,Eligible,Treatment,1,0,0,0.0
C007200,New Customers,Eligible,Treatment,5,2,0,0.0
C007201,Lapsing Customers,Eligible,Treatment,2,0,0,0.0
C007202,Lapsing Customers,Eligible,Treatment,6,0,1,16.91
C007203,High-Value Loyalists,Eligible,Control,0,0,1,149.35
C007204,Browsers / No Purchase,Eligible,Treatment,5,0,0,0.0
C007205,New Customers,Eligible,Treatment,4,1,0,0.0
C007206,Lapsing Customers,Eligible,Treatment,3,0,0,0.0
C007207,New Customers,Suppressed,Suppressed,0,0,0,0.0
C007208,High-Value Loyalists,Eligible,Treatment,6,1,0,0.0
C007209,High-Value Loyalists,Eligible,Treatment,5,0,1,60.01
C007210,New Customers,Eligible,Treatment,2,0,0,0.0
C007211,New Customers,Eligible,Control,0,0,0,0.0
C007212,Browsers / No Purchase,Eligible,Treatment,2,0,0,0.0
C007213,New Customers,Eligible,Treatment,4,1,0,0.0
C007214,New Customers,Eligible,Treatment,2,0,0,0.0
C007215,Browsers / No Purchase,Eligible,Treatment,5,0,0,0.0
C007216,High-Value Loyalists,Eligible,Treatment,3,1,0,0.0
C007217,New Customers,Eligible,Treatment,2,1,0,0.0
C007218,Browsers / No Purchase,Eligible,Treatment,5,0,0,0.0
C007219,Lapsing Customers,Eligible,Treatment,5,2,0,0.0
C007220,High-Value Loyalists,Eligible,Control,0,0,0,0.0
C007221,Lapsing Customers,Eligible,Treatment,4,1,0,0.0
C007222,High-Value Loyalists,Suppressed,Suppressed,0,0,0,0.0
C007223,New Customers,Eligible,Treatment,3,0,0,0.0
C007224,High-Value Loyalists,Eligible,Treatment,4,0,0,0.0
C007225,New Customers,Eligible,Treatment,4,0,0,0.0
C007226,High-Value Loyalists,Eligible,Treatment,6,1,0,0.0
C007227,High-Value Loyalists,Suppressed,Suppressed,0,0,0,0.0
C007228,Lapsing Customers,Eligible,Treatment,3,0,0,0.0
C007229,High-Value Loyalists,Eligible,Treatment,3,0,1,175.72
C007230,Browsers / No Purchase,Suppressed,Suppressed,0,0,0,0.0
C007231,Lapsing Customers,Eligible,Treatment,5,1,0,0.0
C007232,Lapsing Customers,Eligible,Treatment,5,0,0,0.0
C007233,High-Value Loyalists,Eligible,Treatment,6,0,0,0.0
C007234,Lapsing Customers,Eligible,Control,0,0,0,0.0
C007235,New Customers,Eligible,Treatment,2,0,0,0.0
C007236,Browsers / No Purchase,Suppressed,Suppressed,0,0,0,0.0
C007237,Lapsing Customers,Eligible,Treatment,5,0,0,0.0
C007238,New Customers,Eligible,Treatment,1,0,0,0.0
C007239,New Customers,Eligible,Treatment,2,0,0,0.0
C007240,Browsers / No Purchase,Eligible,Treatment,1,0,0,0.0
C007241,New Customers,Eligible,Control,0,0,0,0.0
C007242,Lapsing Customers,Eligible,Treatment,3,0,0,0.0
C007243,Browsers / No Purchase,Eligible,Treatment,2,0,0,0.0
C007244,Browsers / No Purchase,Eligible,Treatment,5,0,0,0.0
C007245,Lapsing Customers,Eligible,Treatment,1,0,0,0.0
C007246,Browsers / No Purchase,Suppressed,Suppressed,0,0,0,0.0
C007247,Browsers / No Purchase,Suppressed,Suppressed,0,0,0,0.0
C007248,High-Value Loyalists,Eligible,Treatment,4,0,1,39.41
C007249,Browsers / No Purchase,Eligible,Treatment,4,1,0,0.0
C007250,New Customers,Suppressed,Suppressed,0,0,0,0.0
C007251,New Customers,Eligible,Treatment,1,0,0,0.0
C007252,New Customers,Eligible,Treatment,3,0,0,0.0
C007253,Browsers / No Purchase,Eligible,Treatment,6,0,0,0.0
C007254,New Customers,Eligible,Treatment,4,0,0,0.0
C007255,New Customers,Eligible,Treatment,4,0,0,0.0
C007256,High-Value Loyalists,Suppressed,Suppressed,0,0,0,0.0
C007257,Lapsing Customers,Eligible,Treatment,2,0,0,0.0
C007258,Browsers / No Purchase,Eligible,Treatment,4,0,0,0.0
C007259,Browsers / No Purchase,Eligible,Treatment,2,1,0,0.0
C007260,High-Value Loyalists,Eligible,Treatment,6,0,0,0.0
C007261,Browsers / No Purchase,Eligible,Treatment,5,0,0,0.0
C007262,Browsers / No Purchase,Eligible,Treatment,3,0,0,0.0
C007263,New Customers,Eligible,Treatment,6,0,0,0.0
C007264,High-Value Loyalists,Eligible,Treatment,2,0,1,29.35
C007265,New Customers,Suppressed,Suppressed,0,0,0,0.0
C007266,High-Value Loyalists,Eligible,Treatment,1,0,0,0.0
C007267,Lapsing Customers,Eligible,Treatment,3,0,0,0.0
C007268,New Customers,Eligible,Control,0,0,0,0.0
C007269,Browsers / No Purchase,Eligible,Treatment,4,0,0,0.0
C007270,Lapsing Customers,Suppressed,Suppressed,0,0,0,0.0
C007271,Browsers / No Purchase,Suppressed,Suppressed,0,0,0,0.0
C007272,Browsers / No Purchase,Suppressed,Suppressed,0,0,0,0.0
C007273,High-Value Loyalists,Eligible,Control,0,0,0,0.0
C007274,Lapsing Customers,Eligible,Treatment,6,1,0,0.0
C007275,Browsers / No Purchase,Eligible,Treatment,2,0,0,0.0
C007276,Browsers / No Purchase,Suppressed,Suppressed,0,0,0,0.0
C007277,Lapsing Customers,Suppressed,Suppressed,0,0,0,0.0
C007278,New Customers,Eligible,Treatment,4,0,0,0.0
C007279,New Customers,Eligible,Treatment,4,0,0,0.0
C007280,Browsers / No Purchase,Eligible,Treatment,3,0,0,0.0
C007281,Browsers / No Purchase,Eligible,Treatment,6,0,0,0.0
C007282,High-Value Loyalists,Eligible,Treatment,2,0,0,0.0
C007283,High-Value Loyalists,Eligible,Treatment,1,0,0,0.0
C007284,High-Value Loyalists,Eligible,Treatment,3,0,0,0.0
C007285,Browsers / No Purchase,Eligible,Control,0,0,0,0.0
C007286,Browsers / No Purchase,Eligible,Treatment,5,2,0,0.0
C007287,Browsers / No Purchase,Eligible,Treatment,4,0,0,0.0
C007288,High-Value Loyalists,Eligible,Treatment,6,0,0,0.0
C007289,New Customers,Eligible,Treatment,5,0,1,184.7
C007290,High-Value Loyalists,Eligible,Control,0,0,1,47.14
C007291,Lapsing Customers,Suppressed,Suppressed,0,0,0,0.0
C007292,Lapsing Customers,Eligible,Treatment,4,1,0,0.0
C007293,Browsers / No Purchase,Eligible,Treatment,3,0,0,0.0
C007294,High-Value Loyalists,Suppressed,Suppressed,0,0,0,0.0
C007295,New Customers,Eligible,Treatment,4,0,0,0.0
C007296,Browsers / No Purchase,Eligible,Treatment,5,1,0,0.0
C007297,New Customers,Eligible,Treatment,2,1,0,0.0
C007298,High-Value Loyalists,Eligible,Treatment,2,0,1,143.03
C007299,Browsers / No Purchase,Eligible,Treatment,3,0,0,0.0
C007300,New Customers,Eligible,Treatment,5,1,0,0.0
C007301,Lapsing Customers,Eligible,Treatment,6,0,1,117.36
C007302,New Customers,Eligible,Treatment,1,1,0,0.0
C007303,Browsers / No Purchase,Eligible,Treatment,1,0,0,0.0
C007304,Lapsing Customers,Eligible,Treatment,1,0,0,0.0
C007305,New Customers,Eligible,Control,0,0,0,0.0
C007306,Lapsing Customers,Eligible,Treatment,6,0,1,67.51
C007307,High-Value Loyalists,Eligible,Treatment,1,1,1,34.07
C007308,Browsers / No Purchase,Eligible,Treatment,1,0,0,0.0
C007309,High-Value Loyalists,Eligible,Treatment,2,0,1,50.41
C007310,Lapsing Customers,Eligible,Treatment,5,1,0,0.0
C007311,Lapsing Customers,Suppressed,Suppressed,0,0,0,0.0
C007312,Lapsing Customers,Eligible,Treatment,5,1,0,0.0
C007313,Lapsing Customers,Eligible,Treatment,4,0,0,0.0
C007314,New Customers,Eligible,Treatment,5,1,0,0.0
C007315,Lapsing Customers,Eligible,Treatment,1,0,0,0.0
C007316,High-Value Loyalists,Eligible,Treatment,4,0,0,0.0
C007317,Browsers / No Purchase,Eligible,Treatment,1,0,0,0.0
C007318,Browsers / No Purchase,Eligible,Treatment,5,0,0,0.0
C007319,Lapsing Customers,Eligible,Treatment,3,0,1,95.89
C007320,Lapsing Customers,Eligible,Treatment,6,1,0,0.0
C007321,High-Value Loyalists,Eligible,Treatment,4,0,1,35.82
C007322,High-Value Loyalists,Eligible,Treatment,5,0,0,0.0
C007323,Lapsing Customers,Eligible,Treatment,1,0,0,0.0
C007324,Browsers / No Purchase,Eligible,Control,0,0,1,156.4
C007325,Browsers / No Purchase,Eligible,Treatment,3,1,0,0.0
C007326,Lapsing Customers,Suppressed,Suppressed,0,0,0,0.0
C007327,Browsers / No Purchase,Eligible,Treatment,5,0,0,0.0
C007328,Lapsing Customers,Suppressed,Suppressed,0,0,0,0.0
C007329,Lapsing Customers,Eligible,Treatment,4,0,0,0.0
C007330,Lapsing Customers,Eligible,Treatment,1,0,0,0.0
C007331,Lapsing Customers,Eligible,Treatment,5,0,0,0.0
C007332,Browsers / No Purchase,Eligible,Treatment,6,2,0,0.0
C007333,Lapsing Customers,Eligible,Treatment,3,0,0,0.0
C007334,New Customers,Eligible,Treatment,3,0,1,86.39
C007335,Lapsing Customers,Eligible,Treatment,6,2,0,0.0
C007336,Browsers / No Purchase,Eligible,Treatment,2,0,0,0.0
C007337,New Customers,Eligible,Treatment,5,0,0,0.0
C007338,New Customers,Eligible,Treatment,4,0,1,45.68
C007339,High-Value Loyalists,Eligible,Treatment,2,0,0,0.0
C007340,Browsers / No Purchase,Eligible,Treatment,6,1,0,0.0
C007341,New Customers,Eligible,Treatment,6,0,0,0.0
C007342,Lapsing Customers,Eligible,Treatment,6,0,0,0.0
C007343,Browsers / No Purchase,Eligible,Treatment,4,2,0,0.0
C007344,High-Value Loyalists,Eligible,Treatment,2,0,0,0.0
C007345,Lapsing Customers,Eligible,Treatment,1,0,0,0.0
C007346,New Customers,Eligible,Treatment,5,0,0,0.0
C007347,Lapsing Customers,Eligible,Treatment,5,2,1,70.05
C007348,Lapsing Customers,Suppressed,Suppressed,0,0,0,0.0
C007349,Lapsing Customers,Eligible,Control,0,0,0,0.0
C007350,High-Value Loyalists,Eligible,Treatment,4,1,1,140.23
C007351,High-Value Loyalists,Eligible,Treatment,6,0,1,130.72
C007352,High-Value Loyalists,Suppressed,Suppressed,0,0,0,0.0
C007353,Browsers / No Purchase,Eligible,Treatment,2,1,0,0.0
C007354,New Customers,Eligible,Treatment,2,0,0,0.0
C007355,New Customers,Eligible,Control,0,0,0,0.0
C007356,Lapsing Customers,Suppressed,Suppressed,0,0,0,0.0
C007357,Browsers / No Purchase,Eligible,Treatment,6,1,0,0.0
C007358,High-Value Loyalists,Suppressed,Suppressed,0,0,0,0.0
C007359,Lapsing Customers,Eligible,Treatment,3,0,0,0.0
C007360,New Customers,Eligible,Treatment,5,0,0,0.0
C007361,Lapsing Customers,Eligible,Treatment,6,1,0,0.0
C007362,Browsers / No Purchase,Eligible,Treatment,3,0,0,0.0
C007363,Browsers / No Purchase,Eligible,Treatment,6,0,0,0.0
C007364,Browsers / No Purchase,Eligible,Treatment,1,0,0,0.0
C007365,High-Value Loyalists,Suppressed,Suppressed,0,0,0,0.0
C007366,High-Value Loyalists,Eligible,Treatment,4,0,0,0.0
C007367,High-Value Loyalists,Eligible,Treatment,3,0,0,0.0
C007368,Browsers / No Purchase,Eligible,Treatment,3,0,0,0.0
C007369,Browsers / No Purchase,Eligible,Treatment,1,0,1,112.92
C007370,Browsers / No Purchase,Eligible,Treatment,2,0,0,0.0
C007371,Lapsing Customers,Eligible,Treatment,4,2,0,0.0
C007372,Browsers / No Purchase,Eligible,Treatment,2,0,0,0.0
C007373,New Customers,Eligible,Treatment,2,0,1,144.67
C007374,Browsers / No Purchase,Eligible,Treatment,3,0,0,0.0
C007375,New Customers,Eligible,Treatment,1,0,0,0.0
C007376,High-Value Loyalists,Eligible,Treatment,6,1,0,0.0
C007377,High-Value Loyalists,Eligible,Control,0,0,0,0.0
C007378,Browsers / No Purchase,Eligible,Treatment,3,1,0,0.0
C007379,Lapsing Customers,Eligible,Treatment,2,0,0,0.0
C007380,Lapsing Customers,Eligible,Treatment,4,0,0,0.0
C007381,Lapsing Customers,Suppressed,Suppressed,0,0,0,0.0
C007382,Lapsing Customers,Eligible,Treatment,1,0,0,0.0
C007383,Browsers / No Purchase,Eligible,Treatment,1,0,0,0.0
C007384,High-Value Loyalists,Eligible,Treatment,5,0,1,72.24
C007385,High-Value Loyalists,Suppressed,Suppressed,0,0,1,120.96
C007386,Browsers / No Purchase,Eligible,Treatment,5,0,0,0.0
C007387,New Customers,Eligible,Treatment,4,0,0,0.0
C007388,High-Value Loyalists,Eligible,Treatment,3,0,1,93.45
C007389,High-Value Loyalists,Eligible,Treatment,1,0,0,0.0
C007390,Lapsing Customers,Eligible,Treatment,3,0,1,106.22
C007391,Lapsing Customers,Eligible,Treatment,1,0,0,0.0
C007392,High-Value Loyalists,Eligible,Treatment,1,0,1,137.5
C007393,Lapsing Customers,Eligible,Treatment,4,0,0,0.0
C007394,Browsers / No Purchase,Eligible,Treatment,6,0,0,0.0
C007395,Browsers / No Purchase,Eligible,Treatment,5,2,1,29.55
C007396,Browsers / No Purchase,Eligible,Treatment,4,0,0,0.0
C007397,Lapsing Customers,Eligible,Treatment,2,1,0,0.0
C007398,Lapsing Customers,Suppressed,Suppressed,0,0,0,0.0
C007399,Browsers / No Purchase,Eligible,Treatment,1,0,0,0.0
C007400,Browsers / No Purchase,Eligible,Treatment,5,0,0,0.0
C007401,New Customers,Eligible,Treatment,5,0,0,0.0
C007402,Lapsing Customers,Eligible,Treatment,5,0,0,0.0
C007403,Lapsing Customers,Eligible,Treatment,1,0,0,0.0
C007404,New Customers,Eligible,Treatment,2,1,0,0.0
C007405,New Customers,Eligible,Treatment,3,0,0,0.0
C007406,High-Value Loyalists,Eligible,Treatment,3,0,0,0.0
C007407,Browsers / No Purchase,Eligible,Treatment,1,0,0,0.0
C007408,New Customers,Eligible,Treatment,3,0,0,0.0
C007409,New Customers,Eligible,Treatment,4,2,0,0.0
C007410,Lapsing Customers,Eligible,Treatment,3,1,0,0.0
C007411,Browsers / No Purchase,Eligible,Treatment,4,0,0,0.0
C007412,Browsers / No Purchase,Eligible,Treatment,6,1,0,0.0
C007413,High-Value Loyalists,Eligible,Treatment,1,1,0,0.0
C007414,New Customers,Eligible,Treatment,5,1,0,0.0
C007415,New Customers,Eligible,Treatment,5,0,0,0.0
C007416,Browsers / No Purchase,Eligible,Treatment,6,2,0,0.0
C007417,Lapsing Customers,Eligible,Control,0,0,0,0.0
C007418,Browsers / No Purchase,Eligible,Treatment,4,0,0,0.0
C007419,Lapsing Customers,Eligible,Treatment,3,0,1,63.08
C007420,High-Value Loyalists,Eligible,Treatment,5,0,0,0.0
C007421,High-Value Loyalists,Eligible,Treatment,2,1,0,0.0
C007422,High-Value Loyalists,Eligible,Treatment,2,1,1,100.44
C007423,Lapsing Customers,Eligible,Treatment,2,1,0,0.0
C007424,New Customers,Eligible,Treatment,2,0,0,0.0
C007425,Browsers / No Purchase,Eligible,Treatment,6,0,0,0.0
C007426,High-Value Loyalists,Suppressed,Suppressed,0,0,1,67.97
C007427,Browsers / No Purchase,Eligible,Control,0,0,0,0.0
C007428,High-Value Loyalists,Eligible,Treatment,3,0,0,0.0
C007429,New Customers,Eligible,Treatment,5,0,0,0.0
C007430,Browsers / No Purchase,Eligible,Treatment,1,0,0,0.0
C007431,Browsers / No Purchase,Eligible,Treatment,2,0,0,0.0
C007432,New Customers,Eligible,Treatment,4,2,0,0.0
C007433,Browsers / No Purchase,Eligible,Control,0,0,0,0.0
C007434,High-Value Loyalists,Suppressed,Suppressed,0,0,0,0.0
C007435,High-Value Loyalists,Eligible,Treatment,5,0,0,0.0
C007436,Lapsing Customers,Eligible,Treatment,2,0,0,0.0
C007437,High-Value Loyalists,Eligible,Treatment,6,0,1,102.29
C007438,Lapsing Customers,Eligible,Treatment,2,0,0,0.0
C007439,Lapsing Customers,Eligible,Treatment,4,0,0,0.0
C007440,Browsers / No Purchase,Eligible,Control,0,0,0,0.0
C007441,Browsers / No Purchase,Suppressed,Suppressed,0,0,1,33.82
C007442,Browsers / No Purchase,Eligible,Control,0,0,0,0.0
C007443,Browsers / No Purchase,Eligible,Treatment,3,0,0,0.0
C007444,High-Value Loyalists,Eligible,Treatment,3,1,0,0.0
C007445,High-Value Loyalists,Eligible,Treatment,4,0,0,0.0
C007446,New Customers,Eligible,Treatment,4,0,0,0.0
C007447,New Customers,Eligible,Treatment,6,1,0,0.0
C007448,Lapsing Customers,Eligible,Treatment,1,0,0,0.0
C007449,Lapsing Customers,Eligible,Treatment,2,0,0,0.0
C007450,New Customers,Eligible,Treatment,1,0,0,0.0
C007451,Lapsing Customers,Eligible,Treatment,1,0,0,0.0
C007452,Lapsing Customers,Suppressed,Suppressed,0,0,0,0.0
C007453,Lapsing Customers,Eligible,Treatment,3,0,0,0.0
C007454,New Customers,Eligible,Control,0,0,0,0.0
C007455,Browsers / No Purchase,Eligible,Treatment,1,0,0,0.0
C007456,New Customers,Eligible,Control,0,0,0,0.0
C007457,Browsers / No Purchase,Eligible,Control,0,0,0,0.0
C007458,Browsers / No Purchase,Eligible,Treatment,4,0,0,0.0
C007459,High-Value Loyalists,Eligible,Treatment,4,0,1,128.76
C007460,New Customers,Eligible,Treatment,1,0,0,0.0
C007461,New Customers,Suppressed,Suppressed,0,0,0,0.0
C007462,New Customers,Eligible,Treatment,5,2,0,0.0
C007463,High-Value Loyalists,Eligible,Treatment,5,0,1,52.45
C007464,Browsers / No Purchase,Suppressed,Suppressed,0,0,0,0.0
C007465,Browsers / No Purchase,Suppressed,Suppressed,0,0,0,0.0
C007466,High-Value Loyalists,Eligible,Treatment,6,0,0,0.0
C007467,Lapsing Customers,Eligible,Treatment,5,0,0,0.0
C007468,High-Value Loyalists,Eligible,Control,0,0,0,0.0
C007469,Browsers / No Purchase,Eligible,Treatment,4,1,0,0.0
C007470,New Customers,Eligible,Treatment,6,1,0,0.0
C007471,High-Value Loyalists,Eligible,Treatment,1,0,0,0.0
C007472,Browsers / No Purchase,Eligible,Control,0,0,0,0.0
C007473,Lapsing Customers,Eligible,Treatment,6,0,0,0.0
C007474,Lapsing Customers,Suppressed,Suppressed,0,0,0,0.0
C007475,Lapsing Customers,Eligible,Treatment,4,0,0,0.0
C007476,New Customers,Eligible,Treatment,5,1,0,0.0
C007477,New Customers,Eligible,Treatment,6,0,0,0.0
C007478,Lapsing Customers,Eligible,Treatment,1,0,0,0.0
C007479,Lapsing Customers,Eligible,Treatment,2,0,0,0.0
C007480,Browsers / No Purchase,Eligible,Treatment,2,0,0,0.0
C007481,New Customers,Eligible,Treatment,2,0,0,0.0
C007482,Browsers / No Purchase,Suppressed,Suppressed,0,0,0,0.0
C007483,New Customers,Eligible,Control,0,0,0,0.0
C007484,Browsers / No Purchase,Eligible,Treatment,6,0,0,0.0
C007485,Lapsing Customers,Eligible,Control,0,0,0,0.0
C007486,Browsers / No Purchase,Eligible,Treatment,5,0,0,0.0
C007487,Lapsing Customers,Eligible,Treatment,4,0,0,0.0
C007488,High-Value Loyalists,Eligible,Treatment,5,0,1,68.93
C007489,High-Value Loyalists,Eligible,Treatment,5,0,0,0.0
C007490,High-Value Loyalists,Eligible,Control,0,0,0,0.0
C007491,Browsers / No Purchase,Eligible,Treatment,5,0,0,0.0
C007492,Browsers / No Purchase,Eligible,Treatment,5,0,0,0.0
C007493,Browsers / No Purchase,Eligible,Control,0,0,0,0.0
C007494,High-Value Loyalists,Eligible,Treatment,1,0,0,0.0
C007495,Browsers / No Purchase,Eligible,Treatment,6,1,0,0.0
C007496,Browsers / No Purchase,Eligible,Treatment,6,0,0,0.0
C007497,Lapsing Customers,Suppressed,Suppressed,0,0,0,0.0
C007498,New Customers,Eligible,Treatment,3,0,0,0.0
C007499,New Customers,Eligible,Treatment,3,0,0,0.0
C007500,High-Value Loyalists,Eligible,Treatment,5,0,0,0.0
C007501,New Customers,Eligible,Treatment,2,0,0,0.0
C007502,Browsers / No Purchase,Suppressed,Suppressed,0,0,0,0.0
C007503,High-Value Loyalists,Eligible,Treatment,1,0,0,0.0
C007504,Lapsing Customers,Eligible,Treatment,3,0,0,0.0
C007505,New Customers,Eligible,Treatment,3,0,0,0.0
C007506,Browsers / No Purchase,Eligible,Treatment,2,0,0,0.0
C007507,Browsers / No Purchase,Eligible,Treatment,3,1,0,0.0
C007508,Browsers / No Purchase,Eligible,Treatment,2,0,0,0.0
C007509,New Customers,Eligible,Treatment,3,0,1,70.45
C007510,New Customers,Eligible,Treatment,1,1,0,0.0
C007511,New Customers,Eligible,Treatment,3,0,0,0.0
C007512,New Customers,Eligible,Treatment,5,0,0,0.0
C007513,High-Value Loyalists,Eligible,Treatment,6,0,0,0.0
C007514,New Customers,Eligible,Treatment,6,0,0,0.0
C007515,Browsers / No Purchase,Eligible,Treatment,5,0,0,0.0
C007516,New Customers,Eligible,Treatment,6,0,0,0.0
C007517,Browsers / No Purchase,Suppressed,Suppressed,0,0,0,0.0
C007518,New Customers,Eligible,Treatment,6,2,1,31.07
C007519,Lapsing Customers,Eligible,Treatment,6,0,0,0.0
C007520,High-Value Loyalists,Eligible,Treatment,2,0,1,99.95
C007521,High-Value Loyalists,Eligible,Treatment,5,0,0,0.0
C007522,Lapsing Customers,Eligible,Treatment,1,0,0,0.0
C007523,Lapsing Customers,Suppressed,Suppressed,0,0,1,54.07
C007524,High-Value Loyalists,Eligible,Treatment,2,0,0,0.0
C007525,High-Value Loyalists,Eligible,Treatment,5,2,0,0.0
C007526,Lapsing Customers,Eligible,Treatment,4,1,0,0.0
C007527,Browsers / No Purchase,Eligible,Treatment,2,0,0,0.0
C007528,Browsers / No Purchase,Eligible,Treatment,5,0,0,0.0
C007529,Lapsing Customers,Eligible,Treatment,1,0,0,0.0
C007530,High-Value Loyalists,Eligible,Control,0,0,0,0.0
C007531,High-Value Loyalists,Eligible,Treatment,6,0,0,0.0
C007532,High-Value Loyalists,Eligible,Treatment,1,0,0,0.0
C007533,Lapsing Customers,Eligible,Treatment,5,1,0,0.0
C007534,High-Value Loyalists,Eligible,Treatment,4,0,0,0.0
C007535,Lapsing Customers,Eligible,Treatment,2,0,0,0.0
C007536,Browsers / No Purchase,Eligible,Treatment,2,0,0,0.0
C007537,New Customers,Eligible,Control,0,0,0,0.0
C007538,Browsers / No Purchase,Eligible,Treatment,2,0,1,31.38
C007539,High-Value Loyalists,Suppressed,Suppressed,0,0,0,0.0
C007540,Lapsing Customers,Eligible,Treatment,5,0,0,0.0
C007541,Browsers / No Purchase,Suppressed,Suppressed,0,0,0,0.0
C007542,Lapsing Customers,Eligible,Treatment,6,0,0,0.0
C007543,New Customers,Eligible,Treatment,4,1,0,0.0
C007544,Browsers / No Purchase,Eligible,Control,0,0,0,0.0
C007545,New Customers,Eligible,Treatment,6,0,0,0.0
C007546,Lapsing Customers,Eligible,Treatment,1,0,0,0.0
C007547,New Customers,Eligible,Treatment,3,0,0,0.0
C007548,High-Value Loyalists,Eligible,Treatment,2,0,0,0.0
C007549,High-Value Loyalists,Eligible,Treatment,5,0,0,0.0
C007550,High-Value Loyalists,Suppressed,Suppressed,0,0,0,0.0
C007551,Browsers / No Purchase,Eligible,Treatment,6,0,0,0.0
C007552,New Customers,Suppressed,Suppressed,0,0,0,0.0
C007553,Lapsing Customers,Eligible,Control,0,0,0,0.0
C007554,Lapsing Customers,Eligible,Control,0,0,0,0.0
C007555,New Customers,Eligible,Treatment,4,1,0,0.0
C007556,Browsers / No Purchase,Eligible,Treatment,3,0,0,0.0
C007557,Lapsing Customers,Suppressed,Suppressed,0,0,0,0.0
C007558,Lapsing Customers,Eligible,Treatment,3,1,0,0.0
C007559,Browsers / No Purchase,Eligible,Treatment,6,1,0,0.0
C007560,Browsers / No Purchase,Suppressed,Suppressed,0,0,0,0.0
C007561,Browsers / No Purchase,Suppressed,Suppressed,0,0,0,0.0
C007562,Lapsing Customers,Eligible,Treatment,6,0,0,0.0
C007563,High-Value Loyalists,Suppressed,Suppressed,0,0,0,0.0
C007564,Lapsing Customers,Eligible,Treatment,6,0,0,0.0
C007565,Lapsing Customers,Suppressed,Suppressed,0,0,0,0.0
C007566,Browsers / No Purchase,Eligible,Control,0,0,0,0.0
C007567,High-Value Loyalists,Eligible,Treatment,6,0,0,0.0
C007568,New Customers,Eligible,Treatment,6,1,0,0.0
C007569,Browsers / No Purchase,Eligible,Treatment,1,0,0,0.0
C007570,Browsers / No Purchase,Eligible,Control,0,0,0,0.0
C007571,New Customers,Eligible,Treatment,4,0,1,68.63
C007572,Browsers / No Purchase,Eligible,Treatment,5,0,0,0.0
C007573,High-Value Loyalists,Eligible,Treatment,6,0,0,0.0
C007574,Lapsing Customers,Eligible,Treatment,6,0,0,0.0
C007575,High-Value Loyalists,Eligible,Treatment,1,0,0,0.0
C007576,Browsers / No Purchase,Suppressed,Suppressed,0,0,0,0.0
C007577,Browsers / No Purchase,Eligible,Treatment,4,0,0,0.0
C007578,High-Value Loyalists,Eligible,Treatment,1,0,0,0.0
C007579,High-Value Loyalists,Suppressed,Suppressed,0,0,0,0.0
C007580,Lapsing Customers,Eligible,Treatment,1,0,0,0.0
C007581,Lapsing Customers,Eligible,Treatment,5,0,0,0.0
C007582,Browsers / No Purchase,Eligible,Treatment,4,0,0,0.0
C007583,High-Value Loyalists,Eligible,Treatment,6,0,0,0.0
C007584,Browsers / No Purchase,Eligible,Treatment,6,0,0,0.0
C007585,New Customers,Eligible,Treatment,2,0,1,65.03
C007586,Lapsing Customers,Eligible,Treatment,1,0,0,0.0
C007587,High-Value Loyalists,Eligible,Control,0,0,0,0.0
C007588,Browsers / No Purchase,Eligible,Treatment,4,0,0,0.0
C007589,New Customers,Eligible,Treatment,3,0,0,0.0
C007590,Lapsing Customers,Eligible,Treatment,4,0,0,0.0
C007591,Lapsing Customers,Suppressed,Suppressed,0,0,0,0.0
C007592,Browsers / No Purchase,Eligible,Treatment,4,0,0,0.0
C007593,Browsers / No Purchase,Eligible,Treatment,6,0,0,0.0
C007594,Browsers / No Purchase,Eligible,Treatment,2,0,0,0.0
C007595,New Customers,Eligible,Treatment,4,0,0,0.0
C007596,Browsers / No Purchase,Eligible,Treatment,2,0,0,0.0
C007597,Lapsing Customers,Eligible,Treatment,5,1,0,0.0
C007598,Browsers / No Purchase,Eligible,Treatment,1,0,0,0.0
C007599,Lapsing Customers,Eligible,Treatment,4,0,1,168.77
C007600,New Customers,Eligible,Control,0,0,0,0.0
C007601,Browsers / No Purchase,Eligible,Treatment,1,0,0,0.0
C007602,Browsers / No Purchase,Eligible,Treatment,1,0,1,95.52
C007603,New Customers,Eligible,Treatment,4,0,0,0.0
C007604,New Customers,Eligible,Treatment,3,0,0,0.0
C007605,Browsers / No Purchase,Suppressed,Suppressed,0,0,0,0.0
C007606,Browsers / No Purchase,Eligible,Treatment,4,0,0,0.0
C007607,Browsers / No Purchase,Eligible,Treatment,2,0,0,0.0
C007608,High-Value Loyalists,Eligible,Treatment,4,0,0,0.0
C007609,Lapsing Customers,Eligible,Treatment,3,0,0,0.0
C007610,Browsers / No Purchase,Eligible,Treatment,5,1,0,0.0
C007611,Browsers / No Purchase,Eligible,Treatment,3,1,0,0.0
C007612,Browsers / No Purchase,Eligible,Treatment,1,1,0,0.0
C007613,New Customers,Eligible,Treatment,1,0,0,0.0
C007614,Lapsing Customers,Eligible,Treatment,4,0,0,0.0
C007615,Lapsing Customers,Eligible,Treatment,1,0,0,0.0
C007616,Browsers / No Purchase,Eligible,Treatment,2,0,0,0.0
C007617,Lapsing Customers,Eligible,Treatment,6,1,0,0.0
C007618,New Customers,Eligible,Treatment,4,0,0,0.0
C007619,Browsers / No Purchase,Eligible,Treatment,5,0,0,0.0
C007620,Browsers / No Purchase,Eligible,Treatment,5,1,1,53.15
C007621,Lapsing Customers,Eligible,Treatment,5,1,0,0.0
C007622,Browsers / No Purchase,Eligible,Treatment,4,1,0,0.0
C007623,High-Value Loyalists,Eligible,Treatment,4,0,1,61.39
C007624,High-Value Loyalists,Suppressed,Suppressed,0,0,0,0.0
C007625,Lapsing Customers,Suppressed,Suppressed,0,0,0,0.0
C007626,High-Value Loyalists,Suppressed,Suppressed,0,0,0,0.0
C007627,Browsers / No Purchase,Eligible,Control,0,0,0,0.0
C007628,Browsers / No Purchase,Eligible,Treatment,4,0,0,0.0
C007629,High-Value Loyalists,Eligible,Treatment,2,0,0,0.0
C007630,Browsers / No Purchase,Eligible,Treatment,6,1,0,0.0
C007631,New Customers,Eligible,Treatment,6,0,0,0.0
C007632,Browsers / No Purchase,Eligible,Treatment,4,0,0,0.0
C007633,Browsers / No Purchase,Eligible,Treatment,3,0,0,0.0
C007634,New Customers,Eligible,Treatment,1,0,0,0.0
C007635,High-Value Loyalists,Eligible,Treatment,5,0,0,0.0
C007636,High-Value Loyalists,Eligible,Treatment,5,0,1,49.73
C007637,New Customers,Eligible,Treatment,4,0,0,0.0
C007638,Browsers / No Purchase,Eligible,Control,0,0,0,0.0
C007639,New Customers,Eligible,Treatment,6,1,0,0.0
C007640,Lapsing Customers,Eligible,Treatment,3,1,0,0.0
C007641,High-Value Loyalists,Eligible,Treatment,1,0,0,0.0
C007642,Browsers / No Purchase,Eligible,Treatment,3,0,0,0.0
C007643,Lapsing Customers,Eligible,Treatment,4,1,0,0.0
C007644,Browsers / No Purchase,Eligible,Treatment,4,0,0,0.0
C007645,New Customers,Suppressed,Suppressed,0,0,0,0.0
C007646,Lapsing Customers,Eligible,Treatment,6,2,0,0.0
C007647,High-Value Loyalists,Eligible,Treatment,2,1,0,0.0
C007648,Lapsing Customers,Eligible,Treatment,2,0,0,0.0
C007649,Lapsing Customers,Eligible,Treatment,6,1,1,59.52
C007650,Browsers / No Purchase,Suppressed,Suppressed,0,0,0,0.0
C007651,Browsers / No Purchase,Eligible,Treatment,6,0,0,0.0
C007652,Lapsing Customers,Eligible,Treatment,4,1,0,0.0
C007653,New Customers,Eligible,Treatment,2,0,0,0.0
C007654,High-Value Loyalists,Eligible,Treatment,4,1,0,0.0
C007655,Lapsing Customers,Eligible,Treatment,5,1,0,0.0
C007656,Browsers / No Purchase,Eligible,Treatment,1,0,0,0.0
C007657,Browsers / No Purchase,Eligible,Treatment,1,0,1,14.82
C007658,Browsers / No Purchase,Eligible,Treatment,4,0,0,0.0
C007659,High-Value Loyalists,Eligible,Treatment,6,0,0,0.0
C007660,New Customers,Suppressed,Suppressed,0,0,1,34.63
C007661,Lapsing Customers,Eligible,Treatment,3,1,0,0.0
C007662,Browsers / No Purchase,Eligible,Treatment,2,0,0,0.0
C007663,New Customers,Eligible,Treatment,3,0,0,0.0
C007664,Browsers / No Purchase,Eligible,Treatment,5,0,1,97.13
C007665,High-Value Loyalists,Eligible,Treatment,5,1,0,0.0
C007666,Lapsing Customers,Eligible,Treatment,5,2,0,0.0
C007667,Browsers / No Purchase,Eligible,Treatment,4,1,0,0.0
C007668,Lapsing Customers,Eligible,Treatment,6,0,0,0.0
C007669,New Customers,Eligible,Treatment,6,2,1,82.84
C007670,New Customers,Suppressed,Suppressed,0,0,0,0.0
C007671,Browsers / No Purchase,Eligible,Treatment,5,2,0,0.0
C007672,High-Value Loyalists,Eligible,Treatment,6,1,1,60.35
C007673,Browsers / No Purchase,Eligible,Treatment,6,0,0,0.0
C007674,Lapsing Customers,Eligible,Treatment,2,0,0,0.0
C007675,Lapsing Customers,Eligible,Treatment,3,0,0,0.0
C007676,New Customers,Eligible,Treatment,3,0,0,0.0
C007677,Lapsing Customers,Eligible,Treatment,4,0,0,0.0
C007678,Browsers / No Purchase,Eligible,Treatment,3,0,0,0.0
C007679,Browsers / No Purchase,Eligible,Treatment,6,1,0,0.0
C007680,Browsers / No Purchase,Eligible,Treatment,5,0,0,0.0
C007681,Browsers / No Purchase,Eligible,Control,0,0,0,0.0
C007682,New Customers,Eligible,Treatment,2,0,0,0.0
C007683,Lapsing Customers,Eligible,Treatment,1,0,0,0.0
C007684,Browsers / No Purchase,Eligible,Treatment,3,0,0,0.0
C007685,High-Value Loyalists,Eligible,Treatment,6,0,0,0.0
C007686,Browsers / No Purchase,Suppressed,Suppressed,0,0,0,0.0
C007687,New Customers,Eligible,Control,0,0,0,0.0
C007688,New Customers,Eligible,Treatment,4,0,0,0.0
C007689,Lapsing Customers,Eligible,Treatment,1,0,1,90.96
C007690,Lapsing Customers,Eligible,Treatment,4,0,0,0.0
C007691,High-Value Loyalists,Eligible,Treatment,1,0,0,0.0
C007692,Lapsing Customers,Eligible,Control,0,0,1,88.7
C007693,Lapsing Customers,Eligible,Treatment,2,0,1,58.89
C007694,Lapsing Customers,Eligible,Treatment,6,0,0,0.0
C007695,Lapsing Customers,Eligible,Control,0,0,0,0.0
C007696,New Customers,Eligible,Treatment,5,0,0,0.0
C007697,Lapsing Customers,Eligible,Treatment,5,0,0,0.0
C007698,Browsers / No Purchase,Suppressed,Suppressed,0,0,0,0.0
C007699,High-Value Loyalists,Suppressed,Suppressed,0,0,0,0.0
C007700,New Customers,Eligible,Treatment,3,0,1,72.6
C007701,High-Value Loyalists,Eligible,Treatment,6,0,1,165.02
C007702,New Customers,Eligible,Treatment,1,0,0,0.0
C007703,New Customers,Eligible,Treatment,4,0,0,0.0
C007704,New Customers,Suppressed,Suppressed,0,0,0,0.0
C007705,Lapsing Customers,Eligible,Treatment,5,0,0,0.0
C007706,New Customers,Eligible,Treatment,5,0,0,0.0
C007707,High-Value Loyalists,Eligible,Treatment,6,2,1,101.6
C007708,Lapsing Customers,Eligible,Treatment,6,1,0,0.0
C007709,Lapsing Customers,Eligible,Treatment,4,0,0,0.0
C007710,New Customers,Eligible,Treatment,1,0,0,0.0
C007711,Lapsing Customers,Eligible,Treatment,1,1,0,0.0
C007712,Browsers / No Purchase,Suppressed,Suppressed,0,0,0,0.0
C007713,Lapsing Customers,Eligible,Treatment,5,2,0,0.0
C007714,Lapsing Customers,Eligible,Treatment,1,0,0,0.0
C007715,Lapsing Customers,Eligible,Treatment,1,0,0,0.0
C007716,High-Value Loyalists,Eligible,Treatment,3,0,0,0.0
C007717,New Customers,Eligible,Treatment,6,0,0,0.0
C007718,Browsers / No Purchase,Eligible,Treatment,6,1,0,0.0
C007719,Browsers / No Purchase,Eligible,Treatment,2,0,0,0.0
C007720,Lapsing Customers,Eligible,Treatment,5,0,0,0.0
C007721,High-Value Loyalists,Eligible,Treatment,5,1,0,0.0
C007722,Browsers / No Purchase,Eligible,Treatment,2,0,0,0.0
C007723,High-Value Loyalists,Eligible,Control,0,0,0,0.0
C007724,Lapsing Customers,Eligible,Treatment,4,0,1,52.29
C007725,Browsers / No Purchase,Eligible,Treatment,6,1,0,0.0
C007726,Lapsing Customers,Eligible,Treatment,3,1,0,0.0
C007727,High-Value Loyalists,Eligible,Treatment,2,0,0,0.0
C007728,Lapsing Customers,Eligible,Treatment,3,0,0,0.0
C007729,New Customers,Suppressed,Suppressed,0,0,0,0.0
C007730,High-Value Loyalists,Eligible,Treatment,1,0,0,0.0
C007731,New Customers,Eligible,Treatment,1,0,1,67.38
C007732,Lapsing Customers,Eligible,Control,0,0,0,0.0
C007733,Lapsing Customers,Eligible,Treatment,4,0,0,0.0
C007734,Lapsing Customers,Eligible,Treatment,4,1,0,0.0
C007735,Browsers / No Purchase,Eligible,Treatment,2,0,0,0.0
C007736,Lapsing Customers,Eligible,Treatment,1,0,0,0.0
C007737,Browsers / No Purchase,Eligible,Treatment,6,0,0,0.0
C007738,Lapsing Customers,Eligible,Treatment,1,0,0,0.0
C007739,High-Value Loyalists,Eligible,Control,0,0,0,0.0
C007740,Lapsing Customers,Eligible,Treatment,3,1,1,26.8
C007741,New Customers,Eligible,Treatment,3,0,0,0.0
C007742,Lapsing Customers,Eligible,Control,0,0,0,0.0
C007743,Browsers / No Purchase,Eligible,Treatment,5,1,0,0.0
C007744,Browsers / No Purchase,Eligible,Treatment,2,1,0,0.0
C007745,Browsers / No Purchase,Eligible,Treatment,1,0,0,0.0
C007746,New Customers,Eligible,Treatment,5,3,1,155.96
C007747,New Customers,Eligible,Treatment,1,1,0,0.0
C007748,New Customers,Eligible,Treatment,5,0,0,0.0
C007749,Lapsing Customers,Eligible,Treatment,1,0,0,0.0
C007750,Browsers / No Purchase,Eligible,Treatment,2,1,0,0.0
C007751,Browsers / No Purchase,Suppressed,Suppressed,0,0,0,0.0
C007752,Lapsing Customers,Eligible,Treatment,5,1,0,0.0
C007753,Browsers / No Purchase,Eligible,Treatment,1,0,0,0.0
C007754,Browsers / No Purchase,Eligible,Treatment,4,0,0,0.0
C007755,Lapsing Customers,Eligible,Treatment,1,0,0,0.0
C007756,Browsers / No Purchase,Eligible,Treatment,2,0,0,0.0
C007757,High-Value Loyalists,Eligible,Treatment,6,0,0,0.0
C007758,High-Value Loyalists,Eligible,Treatment,5,1,0,0.0
C007759,Lapsing Customers,Eligible,Treatment,4,0,0,0.0
C007760,New Customers,Eligible,Treatment,4,0,0,0.0
C007761,Lapsing Customers,Eligible,Treatment,2,0,0,0.0
C007762,Browsers / No Purchase,Eligible,Treatment,3,0,0,0.0
C007763,Lapsing Customers,Eligible,Treatment,1,0,0,0.0
C007764,Lapsing Customers,Eligible,Treatment,1,0,0,0.0
C007765,New Customers,Eligible,Control,0,0,0,0.0
C007766,High-Value Loyalists,Eligible,Treatment,5,2,0,0.0
C007767,Browsers / No Purchase,Eligible,Treatment,3,1,0,0.0
C007768,Lapsing Customers,Eligible,Treatment,2,0,0,0.0
C007769,Browsers / No Purchase,Eligible,Treatment,1,0,0,0.0
C007770,New Customers,Suppressed,Suppressed,0,0,0,0.0
C007771,High-Value Loyalists,Eligible,Treatment,3,0,0,0.0
C007772,High-Value Loyalists,Suppressed,Suppressed,0,0,0,0.0
C007773,High-Value Loyalists,Eligible,Treatment,1,0,0,0.0
C007774,Browsers / No Purchase,Eligible,Treatment,1,0,0,0.0
C007775,New Customers,Suppressed,Suppressed,0,0,0,0.0
C007776,Lapsing Customers,Eligible,Treatment,6,0,1,107.14
C007777,Lapsing Customers,Eligible,Treatment,6,0,0,0.0
C007778,Browsers / No Purchase,Eligible,Treatment,2,0,0,0.0
C007779,Lapsing Customers,Suppressed,Suppressed,0,0,0,0.0
C007780,Browsers / No Purchase,Eligible,Treatment,3,0,0,0.0
C007781,Browsers / No Purchase,Eligible,Treatment,1,0,0,0.0
C007782,Lapsing Customers,Eligible,Treatment,5,0,0,0.0
C007783,New Customers,Eligible,Treatment,6,1,0,0.0
C007784,Lapsing Customers,Eligible,Treatment,3,0,0,0.0
C007785,Lapsing Customers,Suppressed,Suppressed,0,0,0,0.0
C007786,Browsers / No Purchase,Eligible,Treatment,2,0,0,0.0
C007787,New Customers,Eligible,Treatment,2,0,1,61.85
C007788,Browsers / No Purchase,Eligible,Treatment,1,0,0,0.0
C007789,New Customers,Eligible,Treatment,5,0,0,0.0
C007790,Lapsing Customers,Eligible,Treatment,2,0,0,0.0
C007791,Browsers / No Purchase,Eligible,Treatment,4,0,0,0.0
C007792,New Customers,Eligible,Treatment,6,1,0,0.0
C007793,High-Value Loyalists,Eligible,Treatment,3,0,1,117.34
C007794,Lapsing Customers,Suppressed,Suppressed,0,0,0,0.0
C007795,New Customers,Eligible,Treatment,2,0,0,0.0
C007796,Browsers / No Purchase,Eligible,Control,0,0,0,0.0
C007797,Lapsing Customers,Eligible,Treatment,5,0,0,0.0
C007798,Browsers / No Purchase,Eligible,Treatment,4,0,0,0.0
C007799,Lapsing Customers,Eligible,Treatment,1,0,0,0.0
C007800,Lapsing Customers,Eligible,Treatment,5,0,0,0.0
C007801,High-Value Loyalists,Eligible,Treatment,1,0,0,0.0
C007802,Browsers / No Purchase,Eligible,Treatment,5,2,0,0.0
C007803,Lapsing Customers,Eligible,Treatment,3,0,0,0.0
C007804,New Customers,Eligible,Treatment,1,0,0,0.0
C007805,Lapsing Customers,Suppressed,Suppressed,0,0,0,0.0
C007806,New Customers,Eligible,Treatment,6,0,0,0.0
C007807,Browsers / No Purchase,Eligible,Control,0,0,0,0.0
C007808,Lapsing Customers,Eligible,Treatment,5,1,0,0.0
C007809,Browsers / No Purchase,Eligible,Treatment,3,2,0,0.0
C007810,High-Value Loyalists,Eligible,Control,0,0,0,0.0
C007811,High-Value Loyalists,Eligible,Treatment,2,0,0,0.0
C007812,New Customers,Eligible,Treatment,3,0,0,0.0
C007813,Browsers / No Purchase,Eligible,Treatment,6,1,0,0.0
C007814,Lapsing Customers,Suppressed,Suppressed,0,0,0,0.0
C007815,New Customers,Eligible,Treatment,4,0,0,0.0
C007816,Lapsing Customers,Eligible,Treatment,4,1,0,0.0
C007817,New Customers,Eligible,Treatment,1,0,0,0.0
C007818,New Customers,Eligible,Treatment,1,0,0,0.0
C007819,Browsers / No Purchase,Eligible,Treatment,1,0,0,0.0
C007820,Lapsing Customers,Eligible,Treatment,2,0,0,0.0
C007821,New Customers,Eligible,Treatment,1,0,0,0.0
C007822,New Customers,Eligible,Treatment,5,1,0,0.0
C007823,Lapsing Customers,Suppressed,Suppressed,0,0,0,0.0
C007824,Lapsing Customers,Eligible,Treatment,3,0,0,0.0
C007825,Browsers / No Purchase,Eligible,Treatment,3,0,0,0.0
C007826,Lapsing Customers,Eligible,Treatment,2,0,0,0.0
C007827,Browsers / No Purchase,Eligible,Treatment,5,0,0,0.0
C007828,High-Value Loyalists,Eligible,Treatment,6,0,0,0.0
C007829,Browsers / No Purchase,Eligible,Control,0,0,0,0.0
C007830,High-Value Loyalists,Eligible,Treatment,2,1,1,59.79
C007831,Browsers / No Purchase,Eligible,Treatment,3,0,0,0.0
C007832,New Customers,Eligible,Control,0,0,0,0.0
C007833,High-Value Loyalists,Eligible,Treatment,5,0,0,0.0
C007834,New Customers,Eligible,Treatment,5,2,0,0.0
C007835,New Customers,Eligible,Treatment,2,0,0,0.0
C007836,Lapsing Customers,Eligible,Treatment,5,0,0,0.0
C007837,Lapsing Customers,Eligible,Treatment,5,2,0,0.0
C007838,Browsers / No Purchase,Eligible,Treatment,4,0,0,0.0
C007839,Browsers / No Purchase,Eligible,Treatment,6,0,0,0.0
C007840,Lapsing Customers,Eligible,Treatment,4,0,0,0.0
C007841,Browsers / No Purchase,Eligible,Treatment,2,2,0,0.0
C007842,Lapsing Customers,Eligible,Treatment,1,0,0,0.0
C007843,High-Value Loyalists,Eligible,Treatment,1,0,0,0.0
C007844,New Customers,Eligible,Treatment,6,0,0,0.0
C007845,High-Value Loyalists,Eligible,Treatment,4,1,0,0.0
C007846,Lapsing Customers,Eligible,Treatment,3,0,0,0.0
C007847,New Customers,Eligible,Treatment,2,0,0,0.0
C007848,Lapsing Customers,Eligible,Treatment,4,0,0,0.0
C007849,Lapsing Customers,Eligible,Treatment,6,0,0,0.0
C007850,Browsers / No Purchase,Eligible,Treatment,1,0,0,0.0
C007851,New Customers,Eligible,Treatment,5,0,1,71.84
C007852,Browsers / No Purchase,Eligible,Treatment,2,0,1,50.78
C007853,New Customers,Eligible,Treatment,3,0,0,0.0
C007854,New Customers,Eligible,Treatment,6,0,0,0.0
C007855,Lapsing Customers,Eligible,Treatment,5,0,0,0.0
C007856,Browsers / No Purchase,Eligible,Treatment,3,0,0,0.0
C007857,High-Value Loyalists,Eligible,Treatment,6,1,0,0.0
C007858,Lapsing Customers,Eligible,Treatment,3,0,0,0.0
C007859,Browsers / No Purchase,Eligible,Treatment,2,0,0,0.0
C007860,Browsers / No Purchase,Eligible,Control,0,0,0,0.0
C007861,New Customers,Suppressed,Suppressed,0,0,0,0.0
C007862,High-Value Loyalists,Eligible,Treatment,6,0,0,0.0
C007863,High-Value Loyalists,Eligible,Treatment,2,0,0,0.0
C007864,New Customers,Eligible,Treatment,5,0,0,0.0
C007865,Browsers / No Purchase,Eligible,Treatment,4,0,0,0.0
C007866,Lapsing Customers,Eligible,Treatment,3,0,0,0.0
C007867,High-Value Loyalists,Eligible,Treatment,3,1,0,0.0
C007868,High-Value Loyalists,Eligible,Treatment,6,0,0,0.0
C007869,New Customers,Eligible,Treatment,6,0,0,0.0
C007870,New Customers,Eligible,Treatment,4,0,0,0.0
C007871,High-Value Loyalists,Eligible,Treatment,4,2,0,0.0
C007872,High-Value Loyalists,Eligible,Treatment,6,1,0,0.0
C007873,Lapsing Customers,Eligible,Treatment,2,0,0,0.0
C007874,High-Value Loyalists,Eligible,Treatment,1,0,0,0.0
C007875,New Customers,Suppressed,Suppressed,0,0,0,0.0
C007876,High-Value Loyalists,Eligible,Treatment,3,0,0,0.0
C007877,New Customers,Eligible,Control,0,0,0,0.0
C007878,Browsers / No Purchase,Eligible,Control,0,0,0,0.0
C007879,Browsers / No Purchase,Eligible,Treatment,6,1,0,0.0
C007880,Browsers / No Purchase,Eligible,Treatment,2,0,0,0.0
C007881,Lapsing Customers,Suppressed,Suppressed,0,0,0,0.0
C007882,High-Value Loyalists,Eligible,Treatment,4,0,0,0.0
C007883,Lapsing Customers,Suppressed,Suppressed,0,0,0,0.0
C007884,Browsers / No Purchase,Eligible,Treatment,5,1,0,0.0
C007885,High-Value Loyalists,Eligible,Control,0,0,0,0.0
C007886,Lapsing Customers,Suppressed,Suppressed,0,0,0,0.0
C007887,Lapsing Customers,Eligible,Treatment,3,0,0,0.0
C007888,Lapsing Customers,Eligible,Treatment,3,0,0,0.0
C007889,Browsers / No Purchase,Eligible,Treatment,4,0,0,0.0
C007890,New Customers,Eligible,Control,0,0,0,0.0
C007891,New Customers,Eligible,Treatment,4,0,0,0.0
C007892,Browsers / No Purchase,Eligible,Treatment,4,0,0,0.0
C007893,High-Value Loyalists,Eligible,Treatment,5,0,0,0.0
C007894,High-Value Loyalists,Eligible,Treatment,5,0,1,77.65
C007895,Lapsing Customers,Eligible,Treatment,1,0,0,0.0
C007896,New Customers,Eligible,Treatment,5,1,0,0.0
C007897,New Customers,Eligible,Treatment,4,0,0,0.0
C007898,High-Value Loyalists,Eligible,Treatment,2,0,1,32.3
C007899,Browsers / No Purchase,Suppressed,Suppressed,0,0,0,0.0
C007900,Lapsing Customers,Eligible,Treatment,5,2,0,0.0
C007901,Lapsing Customers,Eligible,Treatment,5,0,0,0.0
C007902,New Customers,Eligible,Treatment,6,1,0,0.0
C007903,Browsers / No Purchase,Eligible,Treatment,2,0,0,0.0
C007904,New Customers,Eligible,Treatment,6,0,0,0.0
C007905,Browsers / No Purchase,Eligible,Treatment,2,0,0,0.0
C007906,High-Value Loyalists,Eligible,Treatment,1,0,0,0.0
C007907,New Customers,Eligible,Treatment,2,0,0,0.0
C007908,Browsers / No Purchase,Eligible,Control,0,0,0,0.0
C007909,New Customers,Eligible,Treatment,1,0,0,0.0
C007910,Lapsing Customers,Eligible,Treatment,1,0,0,0.0
C007911,Browsers / No Purchase,Suppressed,Suppressed,0,0,0,0.0
C007912,High-Value Loyalists,Eligible,Treatment,3,0,0,0.0
C007913,Lapsing Customers,Eligible,Treatment,1,0,1,24.45
C007914,Browsers / No Purchase,Eligible,Treatment,2,0,0,0.0
C007915,Browsers / No Purchase,Eligible,Treatment,3,0,0,0.0
C007916,Browsers / No Purchase,Eligible,Treatment,4,0,0,0.0
C007917,Browsers / No Purchase,Suppressed,Suppressed,0,0,0,0.0
C007918,High-Value Loyalists,Eligible,Control,0,0,0,0.0
C007919,Browsers / No Purchase,Suppressed,Suppressed,0,0,0,0.0
C007920,Lapsing Customers,Eligible,Treatment,5,0,1,104.03
C007921,New Customers,Suppressed,Suppressed,0,0,0,0.0
C007922,Lapsing Customers,Eligible,Treatment,6,0,0,0.0
C007923,Browsers / No Purchase,Eligible,Control,0,0,0,0.0
C007924,New Customers,Eligible,Treatment,1,0,1,24.47
C007925,Browsers / No Purchase,Suppressed,Suppressed,0,0,0,0.0
C007926,High-Value Loyalists,Eligible,Treatment,2,0,1,50.32
C007927,High-Value Loyalists,Eligible,Treatment,2,1,1,76.97
C007928,Lapsing Customers,Eligible,Treatment,2,0,0,0.0
C007929,High-Value Loyalists,Eligible,Treatment,5,2,0,0.0
C007930,New Customers,Eligible,Control,0,0,0,0.0
C007931,Lapsing Customers,Eligible,Treatment,4,1,0,0.0
C007932,New Customers,Eligible,Treatment,4,0,0,0.0
C007933,High-Value Loyalists,Suppressed,Suppressed,0,0,0,0.0
C007934,High-Value Loyalists,Eligible,Treatment,2,0,1,55.51
C007935,New Customers,Eligible,Treatment,4,0,0,0.0
C007936,Lapsing Customers,Eligible,Treatment,3,0,0,0.0
C007937,Lapsing Customers,Eligible,Treatment,6,0,0,0.0
C007938,Lapsing Customers,Suppressed,Suppressed,0,0,0,0.0
C007939,Lapsing Customers,Eligible,Control,0,0,0,0.0
C007940,New Customers,Eligible,Treatment,5,0,0,0.0
C007941,High-Value Loyalists,Eligible,Treatment,5,2,0,0.0
C007942,Lapsing Customers,Eligible,Treatment,3,2,0,0.0
C007943,New Customers,Suppressed,Suppressed,0,0,0,0.0
C007944,New Customers,Eligible,Treatment,2,0,0,0.0
C007945,New Customers,Suppressed,Suppressed,0,0,0,0.0
C007946,Lapsing Customers,Eligible,Treatment,6,1,0,0.0
C007947,Browsers / No Purchase,Eligible,Treatment,1,0,0,0.0
C007948,Lapsing Customers,Suppressed,Suppressed,0,0,0,0.0
C007949,Lapsing Customers,Eligible,Treatment,4,2,0,0.0
C007950,Browsers / No Purchase,Eligible,Control,0,0,0,0.0
C007951,New Customers,Eligible,Treatment,5,1,0,0.0
C007952,New Customers,Eligible,Treatment,4,0,0,0.0
C007953,Browsers / No Purchase,Eligible,Treatment,2,0,0,0.0
C007954,High-Value Loyalists,Eligible,Treatment,1,0,1,70.56
C007955,Browsers / No Purchase,Eligible,Control,0,0,0,0.0
C007956,New Customers,Eligible,Treatment,4,0,0,0.0
C007957,Lapsing Customers,Suppressed,Suppressed,0,0,0,0.0
C007958,Lapsing Customers,Eligible,Treatment,6,0,0,0.0
C007959,High-Value Loyalists,Suppressed,Suppressed,0,0,0,0.0
C007960,Browsers / No Purchase,Eligible,Treatment,1,0,0,0.0
C007961,High-Value Loyalists,Eligible,Control,0,0,0,0.0
C007962,Lapsing Customers,Eligible,Treatment,2,0,0,0.0
C007963,New Customers,Eligible,Treatment,3,0,0,0.0
C007964,Browsers / No Purchase,Eligible,Treatment,4,0,0,0.0
C007965,High-Value Loyalists,Eligible,Treatment,5,0,0,0.0
C007966,Browsers / No Purchase,Eligible,Treatment,2,0,0,0.0
C007967,New Customers,Eligible,Treatment,2,0,0,0.0
C007968,Browsers / No Purchase,Suppressed,Suppressed,0,0,0,0.0
C007969,High-Value Loyalists,Eligible,Treatment,1,0,1,113.72
C007970,High-Value Loyalists,Eligible,Treatment,2,0,0,0.0
C007971,New Customers,Eligible,Treatment,4,0,0,0.0
C007972,High-Value Loyalists,Eligible,Treatment,3,0,1,95.5
C007973,New Customers,Eligible,Treatment,2,0,0,0.0
C007974,High-Value Loyalists,Eligible,Treatment,2,0,1,100.2
C007975,Browsers / No Purchase,Eligible,Treatment,6,1,0,0.0
C007976,Browsers / No Purchase,Eligible,Treatment,6,1,0,0.0
C007977,Browsers / No Purchase,Eligible,Treatment,4,0,0,0.0
C007978,Browsers / No Purchase,Eligible,Control,0,0,0,0.0
C007979,Browsers / No Purchase,Eligible,Treatment,6,3,0,0.0
C007980,Lapsing Customers,Eligible,Treatment,4,0,0,0.0
C007981,Lapsing Customers,Eligible,Treatment,5,1,0,0.0
C007982,Browsers / No Purchase,Eligible,Treatment,1,0,0,0.0
C007983,Browsers / No Purchase,Eligible,Treatment,2,1,0,0.0
C007984,Browsers / No Purchase,Eligible,Treatment,1,0,0,0.0
C007985,Browsers / No Purchase,Eligible,Treatment,5,0,0,0.0
C007986,Lapsing Customers,Eligible,Treatment,5,0,0,0.0
C007987,Browsers / No Purchase,Eligible,Treatment,3,0,0,0.0
C007988,Browsers / No Purchase,Eligible,Treatment,5,1,0,0.0
C007989,New Customers,Eligible,Treatment,6,0,0,0.0
C007990,Browsers / No Purchase,Eligible,Treatment,2,0,0,0.0
C007991,New Customers,Eligible,Treatment,5,0,0,0.0
C007992,Browsers / No Purchase,Suppressed,Suppressed,0,0,0,0.0
C007993,High-Value Loyalists,Eligible,Treatment,5,1,0,0.0
C007994,Browsers / No Purchase,Eligible,Treatment,5,0,0,0.0
C007995,High-Value Loyalists,Eligible,Treatment,5,1,0,0.0
C007996,Lapsing Customers,Eligible,Treatment,2,0,0,0.0
C007997,High-Value Loyalists,Eligible,Control,0,0,1,65.88
C007998,Lapsing Customers,Eligible,Control,0,0,0,0.0
C007999,Lapsing Customers,Eligible,Treatment,2,0,0,0.0
C008000,Browsers / No Purchase,Eligible,Treatment,5,1,0,0.0
C008001,New Customers,Eligible,Treatment,3,0,1,82.2
C008002,Browsers / No Purchase,Eligible,Treatment,6,1,0,0.0
C008003,Lapsing Customers,Suppressed,Suppressed,0,0,0,0.0
C008004,High-Value Loyalists,Eligible,Control,0,0,0,0.0
C008005,Browsers / No Purchase,Eligible,Treatment,6,2,0,0.0
C008006,Browsers / No Purchase,Eligible,Treatment,1,0,0,0.0
C008007,New Customers,Eligible,Control,0,0,0,0.0
C008008,Browsers / No Purchase,Eligible,Treatment,4,0,0,0.0
C008009,Browsers / No Purchase,Eligible,Treatment,3,0,0,0.0
C008010,New Customers,Suppressed,Suppressed,0,0,0,0.0
C008011,Browsers / No Purchase,Eligible,Treatment,4,1,0,0.0
C008012,Browsers / No Purchase,Eligible,Treatment,3,0,0,0.0
C008013,New Customers,Eligible,Treatment,4,0,0,0.0
C008014,Lapsing Customers,Eligible,Treatment,2,0,0,0.0
C008015,High-Value Loyalists,Suppressed,Suppressed,0,0,1,98.36
C008016,Lapsing Customers,Eligible,Treatment,4,0,0,0.0
C008017,Browsers / No Purchase,Eligible,Treatment,3,0,0,0.0
C008018,Browsers / No Purchase,Eligible,Treatment,6,0,0,0.0
C008019,Lapsing Customers,Eligible,Control,0,0,1,155.07
C008020,New Customers,Eligible,Control,0,0,0,0.0
C008021,High-Value Loyalists,Eligible,Treatment,2,0,0,0.0
C008022,Lapsing Customers,Eligible,Treatment,3,1,0,0.0
C008023,Browsers / No Purchase,Eligible,Control,0,0,0,0.0
C008024,Lapsing Customers,Suppressed,Suppressed,0,0,0,0.0
C008025,Lapsing Customers,Eligible,Treatment,5,0,0,0.0
C008026,New Customers,Eligible,Treatment,3,0,0,0.0
C008027,Lapsing Customers,Eligible,Treatment,3,0,0,0.0
C008028,Browsers / No Purchase,Eligible,Treatment,2,1,0,0.0
C008029,Browsers / No Purchase,Eligible,Treatment,6,1,0,0.0
C008030,New Customers,Eligible,Treatment,4,0,0,0.0
C008031,New Customers,Eligible,Treatment,3,1,0,0.0
C008032,Lapsing Customers,Eligible,Treatment,1,1,0,0.0
C008033,New Customers,Eligible,Treatment,2,0,0,0.0
C008034,Lapsing Customers,Eligible,Treatment,3,1,0,0.0
C008035,High-Value Loyalists,Eligible,Treatment,3,1,1,35.13
C008036,Browsers / No Purchase,Eligible,Treatment,4,0,1,168.3
C008037,Lapsing Customers,Eligible,Treatment,1,0,0,0.0
C008038,New Customers,Eligible,Treatment,2,0,0,0.0
C008039,High-Value Loyalists,Eligible,Treatment,3,0,0,0.0
C008040,Browsers / No Purchase,Eligible,Treatment,2,0,0,0.0
C008041,High-Value Loyalists,Eligible,Treatment,1,0,0,0.0
C008042,Lapsing Customers,Suppressed,Suppressed,0,0,0,0.0
C008043,Browsers / No Purchase,Eligible,Treatment,6,1,0,0.0
C008044,Lapsing Customers,Suppressed,Suppressed,0,0,0,0.0
C008045,Browsers / No Purchase,Eligible,Treatment,5,0,0,0.0
C008046,Lapsing Customers,Eligible,Treatment,1,0,0,0.0
C008047,Browsers / No Purchase,Eligible,Treatment,5,1,0,0.0
C008048,Browsers / No Purchase,Eligible,Treatment,6,0,0,0.0
C008049,New Customers,Eligible,Treatment,1,0,0,0.0
C008050,New Customers,Eligible,Treatment,6,1,0,0.0
C008051,Lapsing Customers,Eligible,Control,0,0,0,0.0
C008052,Browsers / No Purchase,Eligible,Treatment,4,0,0,0.0
C008053,Browsers / No Purchase,Eligible,Treatment,1,0,0,0.0
C008054,Browsers / No Purchase,Suppressed,Suppressed,0,0,0,0.0
C008055,Browsers / No Purchase,Eligible,Treatment,6,0,0,0.0
C008056,New Customers,Suppressed,Suppressed,0,0,0,0.0
C008057,New Customers,Eligible,Treatment,4,0,0,0.0
C008058,Lapsing Customers,Eligible,Treatment,1,0,0,0.0
C008059,Browsers / No Purchase,Eligible,Treatment,1,0,0,0.0
C008060,Browsers / No Purchase,Eligible,Treatment,2,1,0,0.0
C008061,New Customers,Eligible,Treatment,1,0,0,0.0
C008062,Lapsing Customers,Suppressed,Suppressed,0,0,0,0.0
C008063,New Customers,Suppressed,Suppressed,0,0,0,0.0
C008064,Browsers / No Purchase,Suppressed,Suppressed,0,0,0,0.0
C008065,Browsers / No Purchase,Eligible,Treatment,3,0,0,0.0
C008066,High-Value Loyalists,Eligible,Treatment,6,0,0,0.0
C008067,High-Value Loyalists,Eligible,Treatment,4,0,1,118.7
C008068,Lapsing Customers,Eligible,Treatment,3,1,0,0.0
C008069,High-Value Loyalists,Eligible,Treatment,1,0,0,0.0
C008070,Browsers / No Purchase,Suppressed,Suppressed,0,0,0,0.0
C008071,Lapsing Customers,Eligible,Treatment,2,0,0,0.0
C008072,New Customers,Eligible,Treatment,2,0,0,0.0
C008073,Lapsing Customers,Eligible,Control,0,0,0,0.0
C008074,Lapsing Customers,Eligible,Treatment,5,0,0,0.0
C008075,Browsers / No Purchase,Eligible,Treatment,5,1,0,0.0
C008076,New Customers,Eligible,Treatment,2,0,1,141.83
C008077,High-Value Loyalists,Eligible,Treatment,3,0,0,0.0
C008078,Lapsing Customers,Eligible,Treatment,4,1,0,0.0
C008079,Browsers / No Purchase,Suppressed,Suppressed,0,0,0,0.0
C008080,Browsers / No Purchase,Suppressed,Suppressed,0,0,0,0.0
C008081,Lapsing Customers,Eligible,Treatment,3,0,0,0.0
C008082,New Customers,Eligible,Treatment,5,0,1,60.34
C008083,High-Value Loyalists,Eligible,Treatment,2,0,0,0.0
C008084,New Customers,Eligible,Control,0,0,0,0.0
C008085,High-Value Loyalists,Eligible,Treatment,2,0,1,49.97
C008086,Browsers / No Purchase,Eligible,Treatment,3,1,0,0.0
C008087,Browsers / No Purchase,Eligible,Treatment,2,0,0,0.0
C008088,High-Value Loyalists,Eligible,Treatment,4,2,0,0.0
C008089,Lapsing Customers,Eligible,Treatment,6,0,0,0.0
C008090,High-Value Loyalists,Eligible,Treatment,3,1,1,93.81
C008091,Lapsing Customers,Eligible,Control,0,0,0,0.0
C008092,High-Value Loyalists,Eligible,Treatment,2,0,0,0.0
C008093,Lapsing Customers,Eligible,Control,0,0,0,0.0
C008094,Browsers / No Purchase,Suppressed,Suppressed,0,0,0,0.0
C008095,High-Value Loyalists,Eligible,Treatment,2,0,1,62.27
C008096,Browsers / No Purchase,Suppressed,Suppressed,0,0,0,0.0
C008097,High-Value Loyalists,Eligible,Treatment,4,0,0,0.0
C008098,New Customers,Eligible,Treatment,1,0,0,0.0
C008099,Lapsing Customers,Suppressed,Suppressed,0,0,0,0.0
C008100,Browsers / No Purchase,Eligible,Treatment,1,0,0,0.0
C008101,High-Value Loyalists,Suppressed,Suppressed,0,0,1,69.51
C008102,High-Value Loyalists,Eligible,Treatment,6,0,0,0.0
C008103,Browsers / No Purchase,Eligible,Treatment,6,0,0,0.0
C008104,Browsers / No Purchase,Eligible,Treatment,4,0,0,0.0
C008105,New Customers,Eligible,Treatment,6,2,1,126.02
C008106,High-Value Loyalists,Eligible,Treatment,6,0,0,0.0
C008107,Lapsing Customers,Eligible,Treatment,2,0,0,0.0
C008108,Browsers / No Purchase,Eligible,Treatment,5,0,0,0.0
C008109,New Customers,Eligible,Treatment,1,0,0,0.0
C008110,New Customers,Suppressed,Suppressed,0,0,0,0.0
C008111,Lapsing Customers,Eligible,Treatment,5,0,0,0.0
C008112,Lapsing Customers,Eligible,Control,0,0,0,0.0
C008113,Browsers / No Purchase,Eligible,Treatment,1,0,1,90.41
C008114,Browsers / No Purchase,Eligible,Treatment,4,0,0,0.0
C008115,High-Value Loyalists,Eligible,Treatment,1,0,0,0.0
C008116,Browsers / No Purchase,Eligible,Treatment,1,0,0,0.0
C008117,New Customers,Eligible,Treatment,4,0,1,119.72
C008118,Lapsing Customers,Suppressed,Suppressed,0,0,0,0.0
C008119,Lapsing Customers,Eligible,Treatment,3,0,0,0.0
C008120,Browsers / No Purchase,Eligible,Treatment,4,0,0,0.0
C008121,Lapsing Customers,Eligible,Treatment,4,0,0,0.0
C008122,New Customers,Eligible,Treatment,3,0,0,0.0
C008123,Browsers / No Purchase,Eligible,Treatment,4,0,0,0.0
C008124,High-Value Loyalists,Eligible,Control,0,0,1,60.72
C008125,Browsers / No Purchase,Eligible,Treatment,4,0,0,0.0
C008126,Lapsing Customers,Eligible,Control,0,0,0,0.0
C008127,Lapsing Customers,Eligible,Treatment,4,0,0,0.0
C008128,New Customers,Eligible,Treatment,3,0,0,0.0
C008129,New Customers,Suppressed,Suppressed,0,0,0,0.0
C008130,Lapsing Customers,Suppressed,Suppressed,0,0,0,0.0
C008131,New Customers,Eligible,Treatment,3,0,1,99.12
C008132,Browsers / No Purchase,Eligible,Treatment,2,0,0,0.0
C008133,Browsers / No Purchase,Eligible,Treatment,1,0,0,0.0
C008134,Browsers / No Purchase,Eligible,Treatment,6,1,0,0.0
C008135,Lapsing Customers,Eligible,Treatment,5,2,0,0.0
C008136,Lapsing Customers,Eligible,Treatment,6,2,0,0.0
C008137,New Customers,Suppressed,Suppressed,0,0,0,0.0
C008138,High-Value Loyalists,Suppressed,Suppressed,0,0,0,0.0
C008139,Browsers / No Purchase,Eligible,Treatment,6,1,0,0.0
C008140,Lapsing Customers,Eligible,Treatment,5,0,0,0.0
C008141,Lapsing Customers,Eligible,Treatment,6,1,0,0.0
C008142,Lapsing Customers,Suppressed,Suppressed,0,0,0,0.0
C008143,Lapsing Customers,Eligible,Treatment,4,0,1,59.77
C008144,Lapsing Customers,Eligible,Treatment,5,0,0,0.0
C008145,New Customers,Suppressed,Suppressed,0,0,0,0.0
C008146,New Customers,Eligible,Treatment,2,0,0,0.0
C008147,Lapsing Customers,Eligible,Treatment,1,0,0,0.0
C008148,Lapsing Customers,Eligible,Treatment,2,0,1,79.6
C008149,Browsers / No Purchase,Suppressed,Suppressed,0,0,0,0.0
C008150,High-Value Loyalists,Eligible,Treatment,6,1,0,0.0
C008151,New Customers,Eligible,Treatment,6,0,0,0.0
C008152,New Customers,Eligible,Treatment,6,0,0,0.0
C008153,New Customers,Eligible,Treatment,1,0,0,0.0
C008154,Browsers / No Purchase,Eligible,Treatment,2,0,0,0.0
C008155,New Customers,Eligible,Treatment,4,0,0,0.0
C008156,Browsers / No Purchase,Eligible,Treatment,2,0,0,0.0
C008157,Browsers / No Purchase,Eligible,Treatment,2,0,0,0.0
C008158,Lapsing Customers,Eligible,Treatment,6,1,0,0.0
C008159,Lapsing Customers,Eligible,Control,0,0,0,0.0
C008160,Lapsing Customers,Eligible,Treatment,4,0,0,0.0
C008161,Lapsing Customers,Eligible,Treatment,1,0,0,0.0
C008162,New Customers,Suppressed,Suppressed,0,0,0,0.0
C008163,Lapsing Customers,Eligible,Treatment,4,1,0,0.0
C008164,Lapsing Customers,Eligible,Treatment,1,0,0,0.0
C008165,Lapsing Customers,Eligible,Treatment,5,1,0,0.0
C008166,New Customers,Eligible,Treatment,4,1,0,0.0
C008167,New Customers,Suppressed,Suppressed,0,0,0,0.0
C008168,Browsers / No Purchase,Eligible,Treatment,3,1,0,0.0
C008169,Lapsing Customers,Eligible,Treatment,4,0,0,0.0
C008170,Lapsing Customers,Eligible,Treatment,2,0,1,28.11
C008171,Browsers / No Purchase,Eligible,Treatment,3,0,0,0.0
C008172,New Customers,Eligible,Treatment,2,0,0,0.0
C008173,New Customers,Eligible,Treatment,2,0,0,0.0
C008174,New Customers,Eligible,Treatment,6,0,0,0.0
C008175,High-Value Loyalists,Eligible,Treatment,2,0,0,0.0
C008176,Browsers / No Purchase,Eligible,Treatment,1,0,0,0.0
C008177,New Customers,Eligible,Control,0,0,0,0.0
C008178,New Customers,Eligible,Treatment,5,0,0,0.0
C008179,New Customers,Eligible,Treatment,5,1,1,127.34
C008180,Lapsing Customers,Eligible,Control,0,0,0,0.0
C008181,Lapsing Customers,Eligible,Treatment,1,0,1,84.73
C008182,Browsers / No Purchase,Eligible,Treatment,3,0,1,68.01
C008183,New Customers,Eligible,Treatment,4,0,0,0.0
C008184,High-Value Loyalists,Eligible,Treatment,6,1,1,82.68
C008185,Lapsing Customers,Suppressed,Suppressed,0,0,0,0.0
C008186,Browsers / No Purchase,Eligible,Control,0,0,0,0.0
C008187,Lapsing Customers,Suppressed,Suppressed,0,0,0,0.0
C008188,Lapsing Customers,Eligible,Treatment,4,0,0,0.0
C008189,New Customers,Eligible,Treatment,4,0,0,0.0
C008190,Browsers / No Purchase,Eligible,Treatment,3,0,0,0.0
C008191,New Customers,Eligible,Treatment,3,0,0,0.0
C008192,Browsers / No Purchase,Eligible,Control,0,0,0,0.0
C008193,High-Value Loyalists,Eligible,Treatment,1,0,1,91.99
C008194,Browsers / No Purchase,Eligible,Treatment,6,1,0,0.0
C008195,Browsers / No Purchase,Eligible,Treatment,4,0,0,0.0
C008196,New Customers,Eligible,Treatment,5,1,1,130.34
C008197,New Customers,Eligible,Treatment,4,0,0,0.0
C008198,Lapsing Customers,Suppressed,Suppressed,0,0,0,0.0
C008199,Lapsing Customers,Eligible,Treatment,5,0,0,0.0
C008200,Lapsing Customers,Eligible,Treatment,6,1,0,0.0
C008201,High-Value Loyalists,Eligible,Treatment,2,0,0,0.0
C008202,Browsers / No Purchase,Eligible,Treatment,1,0,0,0.0
C008203,Lapsing Customers,Eligible,Treatment,3,0,0,0.0
C008204,New Customers,Eligible,Treatment,6,0,0,0.0
C008205,Lapsing Customers,Eligible,Treatment,1,0,0,0.0
C008206,Lapsing Customers,Eligible,Treatment,2,1,0,0.0
C008207,Lapsing Customers,Eligible,Treatment,5,1,0,0.0
C008208,Lapsing Customers,Eligible,Treatment,3,0,0,0.0
C008209,New Customers,Eligible,Treatment,4,1,0,0.0
C008210,Browsers / No Purchase,Eligible,Treatment,1,0,0,0.0
C008211,Lapsing Customers,Eligible,Control,0,0,0,0.0
C008212,Browsers / No Purchase,Eligible,Treatment,3,0,0,0.0
C008213,New Customers,Suppressed,Suppressed,0,0,0,0.0
C008214,New Customers,Eligible,Treatment,2,1,0,0.0
C008215,Lapsing Customers,Eligible,Treatment,1,0,0,0.0
C008216,High-Value Loyalists,Eligible,Treatment,2,1,0,0.0
C008217,Browsers / No Purchase,Eligible,Treatment,2,0,0,0.0
C008218,New Customers,Eligible,Treatment,4,1,0,0.0
C008219,Lapsing Customers,Eligible,Treatment,2,0,0,0.0
C008220,Browsers / No Purchase,Eligible,Treatment,6,0,0,0.0
C008221,Lapsing Customers,Suppressed,Suppressed,0,0,0,0.0
C008222,Browsers / No Purchase,Eligible,Treatment,2,0,0,0.0
C008223,Lapsing Customers,Eligible,Treatment,2,0,1,26.7
C008224,Browsers / No Purchase,Eligible,Control,0,0,0,0.0
C008225,Lapsing Customers,Eligible,Treatment,5,0,0,0.0
C008226,High-Value Loyalists,Eligible,Treatment,2,0,0,0.0
C008227,New Customers,Eligible,Treatment,5,0,0,0.0
C008228,High-Value Loyalists,Eligible,Treatment,4,0,0,0.0
C008229,Browsers / No Purchase,Eligible,Treatment,5,1,0,0.0
C008230,New Customers,Eligible,Treatment,2,0,0,0.0
C008231,Lapsing Customers,Suppressed,Suppressed,0,0,0,0.0
C008232,Lapsing Customers,Eligible,Treatment,2,0,0,0.0
C008233,Browsers / No Purchase,Eligible,Treatment,3,0,0,0.0
C008234,New Customers,Eligible,Treatment,4,1,0,0.0
C008235,Browsers / No Purchase,Eligible,Treatment,4,0,0,0.0
C008236,High-Value Loyalists,Eligible,Treatment,2,0,0,0.0
C008237,Browsers / No Purchase,Eligible,Treatment,5,0,0,0.0
C008238,New Customers,Eligible,Control,0,0,0,0.0
C008239,New Customers,Eligible,Treatment,4,0,0,0.0
C008240,Lapsing Customers,Eligible,Treatment,1,0,0,0.0
C008241,High-Value Loyalists,Eligible,Treatment,3,0,0,0.0
C008242,Browsers / No Purchase,Eligible,Treatment,5,3,0,0.0
C008243,Browsers / No Purchase,Suppressed,Suppressed,0,0,0,0.0
C008244,Lapsing Customers,Eligible,Treatment,1,0,0,0.0
C008245,Browsers / No Purchase,Eligible,Treatment,2,0,0,0.0
C008246,High-Value Loyalists,Suppressed,Suppressed,0,0,1,54.22
C008247,High-Value Loyalists,Eligible,Treatment,2,0,0,0.0
C008248,High-Value Loyalists,Eligible,Treatment,1,1,0,0.0
C008249,Lapsing Customers,Suppressed,Suppressed,0,0,1,35.29
C008250,High-Value Loyalists,Eligible,Treatment,5,1,0,0.0
C008251,Lapsing Customers,Eligible,Treatment,4,0,0,0.0
C008252,High-Value Loyalists,Eligible,Treatment,1,0,0,0.0
C008253,Browsers / No Purchase,Eligible,Treatment,2,0,0,0.0
C008254,Browsers / No Purchase,Eligible,Treatment,2,1,0,0.0
C008255,New Customers,Suppressed,Suppressed,0,0,0,0.0
C008256,Lapsing Customers,Eligible,Treatment,5,0,0,0.0
C008257,Browsers / No Purchase,Eligible,Treatment,6,1,0,0.0
C008258,Lapsing Customers,Eligible,Treatment,4,1,1,81.37
C008259,Browsers / No Purchase,Eligible,Treatment,1,0,0,0.0
C008260,New Customers,Eligible,Treatment,2,0,0,0.0
C008261,Lapsing Customers,Eligible,Treatment,1,0,0,0.0
C008262,High-Value Loyalists,Suppressed,Suppressed,0,0,0,0.0
C008263,Browsers / No Purchase,Eligible,Treatment,2,0,0,0.0
C008264,Browsers / No Purchase,Eligible,Treatment,2,0,0,0.0
C008265,New Customers,Eligible,Treatment,3,0,0,0.0
C008266,Browsers / No Purchase,Eligible,Treatment,1,1,0,0.0
C008267,Browsers / No Purchase,Suppressed,Suppressed,0,0,0,0.0
C008268,High-Value Loyalists,Eligible,Treatment,4,0,0,0.0
C008269,Browsers / No Purchase,Suppressed,Suppressed,0,0,0,0.0
C008270,Lapsing Customers,Eligible,Treatment,6,0,0,0.0
C008271,New Customers,Eligible,Control,0,0,0,0.0
C008272,High-Value Loyalists,Eligible,Treatment,4,0,0,0.0
C008273,Browsers / No Purchase,Suppressed,Suppressed,0,0,0,0.0
C008274,Browsers / No Purchase,Eligible,Control,0,0,0,0.0
C008275,Lapsing Customers,Eligible,Treatment,6,1,0,0.0
C008276,Lapsing Customers,Eligible,Treatment,3,1,0,0.0
C008277,Lapsing Customers,Eligible,Treatment,6,0,0,0.0
C008278,Browsers / No Purchase,Eligible,Treatment,5,1,1,78.34
C008279,Browsers / No Purchase,Suppressed,Suppressed,0,0,0,0.0
C008280,Lapsing Customers,Eligible,Treatment,1,0,0,0.0
C008281,Lapsing Customers,Suppressed,Suppressed,0,0,0,0.0
C008282,New Customers,Eligible,Treatment,3,1,0,0.0
C008283,Lapsing Customers,Eligible,Treatment,3,0,0,0.0
C008284,New Customers,Suppressed,Suppressed,0,0,0,0.0
C008285,High-Value Loyalists,Eligible,Treatment,5,1,0,0.0
C008286,High-Value Loyalists,Eligible,Treatment,4,0,0,0.0
C008287,Lapsing Customers,Eligible,Treatment,3,2,0,0.0
C008288,Browsers / No Purchase,Eligible,Treatment,6,0,0,0.0
C008289,Lapsing Customers,Eligible,Treatment,3,1,1,78.77
C008290,Lapsing Customers,Eligible,Control,0,0,1,116.98
C008291,Browsers / No Purchase,Eligible,Treatment,4,0,0,0.0
C008292,Browsers / No Purchase,Eligible,Treatment,3,0,0,0.0
C008293,Lapsing Customers,Eligible,Treatment,3,0,0,0.0
C008294,High-Value Loyalists,Suppressed,Suppressed,0,0,1,92.05
C008295,New Customers,Suppressed,Suppressed,0,0,0,0.0
C008296,Lapsing Customers,Eligible,Treatment,3,0,0,0.0
C008297,New Customers,Eligible,Treatment,6,0,1,98.52
C008298,Lapsing Customers,Eligible,Treatment,3,1,0,0.0
C008299,High-Value Loyalists,Eligible,Treatment,1,0,0,0.0
C008300,Lapsing Customers,Eligible,Treatment,5,0,0,0.0
C008301,Browsers / No Purchase,Eligible,Treatment,4,0,0,0.0
C008302,Lapsing Customers,Eligible,Treatment,4,1,0,0.0
C008303,Lapsing Customers,Eligible,Treatment,1,0,0,0.0
C008304,Lapsing Customers,Eligible,Treatment,4,0,0,0.0
C008305,Browsers / No Purchase,Eligible,Treatment,5,1,0,0.0
C008306,High-Value Loyalists,Eligible,Treatment,1,0,0,0.0
C008307,New Customers,Eligible,Treatment,4,0,0,0.0
C008308,New Customers,Eligible,Treatment,1,1,1,67.35
C008309,Lapsing Customers,Eligible,Treatment,1,0,0,0.0
C008310,Browsers / No Purchase,Eligible,Treatment,6,0,0,0.0
C008311,Browsers / No Purchase,Suppressed,Suppressed,0,0,0,0.0
C008312,Lapsing Customers,Eligible,Treatment,5,1,0,0.0
C008313,High-Value Loyalists,Eligible,Treatment,2,0,0,0.0
C008314,Lapsing Customers,Eligible,Treatment,1,0,0,0.0
C008315,Lapsing Customers,Eligible,Treatment,1,0,0,0.0
C008316,New Customers,Eligible,Treatment,6,0,0,0.0
C008317,Browsers / No Purchase,Eligible,Treatment,6,0,0,0.0
C008318,Browsers / No Purchase,Eligible,Treatment,6,1,0,0.0
C008319,Lapsing Customers,Eligible,Control,0,0,0,0.0
C008320,Lapsing Customers,Eligible,Treatment,5,0,0,0.0
C008321,High-Value Loyalists,Eligible,Treatment,2,0,0,0.0
C008322,New Customers,Eligible,Treatment,3,1,0,0.0
C008323,High-Value Loyalists,Eligible,Treatment,3,0,1,88.99
C008324,Browsers / No Purchase,Eligible,Treatment,2,0,0,0.0
C008325,Browsers / No Purchase,Eligible,Treatment,1,0,0,0.0
C008326,Lapsing Customers,Eligible,Control,0,0,0,0.0
C008327,New Customers,Suppressed,Suppressed,0,0,1,158.38
C008328,New Customers,Eligible,Treatment,3,0,0,0.0
C008329,Browsers / No Purchase,Eligible,Treatment,4,0,0,0.0
C008330,Lapsing Customers,Eligible,Treatment,2,0,0,0.0
C008331,High-Value Loyalists,Suppressed,Suppressed,0,0,1,126.09
C008332,New Customers,Eligible,Treatment,4,1,0,0.0
C008333,High-Value Loyalists,Eligible,Treatment,6,1,0,0.0
C008334,New Customers,Eligible,Treatment,6,0,0,0.0
C008335,Lapsing Customers,Suppressed,Suppressed,0,0,1,117.7
C008336,New Customers,Eligible,Treatment,6,0,0,0.0
C008337,Browsers / No Purchase,Eligible,Treatment,3,0,0,0.0
C008338,High-Value Loyalists,Eligible,Treatment,5,1,0,0.0
C008339,Lapsing Customers,Eligible,Treatment,2,0,0,0.0
C008340,Browsers / No Purchase,Suppressed,Suppressed,0,0,0,0.0
C008341,High-Value Loyalists,Eligible,Treatment,3,0,0,0.0
C008342,New Customers,Eligible,Treatment,5,0,1,79.39
C008343,New Customers,Eligible,Treatment,3,1,0,0.0
C008344,Lapsing Customers,Eligible,Control,0,0,0,0.0
C008345,Browsers / No Purchase,Eligible,Treatment,6,0,0,0.0
C008346,New Customers,Eligible,Treatment,6,1,1,54.67
C008347,New Customers,Eligible,Treatment,2,0,0,0.0
C008348,High-Value Loyalists,Eligible,Treatment,4,0,0,0.0
C008349,High-Value Loyalists,Eligible,Treatment,2,0,0,0.0
C008350,High-Value Loyalists,Suppressed,Suppressed,0,0,0,0.0
C008351,Browsers / No Purchase,Eligible,Treatment,1,1,0,0.0
C008352,Browsers / No Purchase,Eligible,Treatment,6,1,0,0.0
C008353,Browsers / No Purchase,Eligible,Control,0,0,0,0.0
C008354,High-Value Loyalists,Suppressed,Suppressed,0,0,1,125.02
C008355,New Customers,Suppressed,Suppressed,0,0,0,0.0
C008356,Browsers / No Purchase,Suppressed,Suppressed,0,0,0,0.0
C008357,New Customers,Eligible,Treatment,2,0,0,0.0
C008358,High-Value Loyalists,Eligible,Treatment,3,0,0,0.0
C008359,Browsers / No Purchase,Eligible,Treatment,5,0,0,0.0
C008360,High-Value Loyalists,Eligible,Treatment,6,0,0,0.0
C008361,High-Value Loyalists,Suppressed,Suppressed,0,0,0,0.0
C008362,Browsers / No Purchase,Eligible,Treatment,1,0,0,0.0
C008363,New Customers,Eligible,Treatment,2,0,0,0.0
C008364,Lapsing Customers,Eligible,Control,0,0,0,0.0
C008365,New Customers,Eligible,Treatment,4,0,0,0.0
C008366,Browsers / No Purchase,Eligible,Treatment,6,1,0,0.0
C008367,High-Value Loyalists,Eligible,Treatment,3,1,0,0.0
C008368,Browsers / No Purchase,Suppressed,Suppressed,0,0,0,0.0
C008369,Lapsing Customers,Eligible,Treatment,3,0,0,0.0
C008370,High-Value Loyalists,Eligible,Treatment,3,1,0,0.0
C008371,Lapsing Customers,Eligible,Treatment,5,0,1,118.43
C008372,New Customers,Eligible,Treatment,5,1,1,26.85
C008373,Lapsing Customers,Eligible,Treatment,5,1,0,0.0
C008374,Lapsing Customers,Eligible,Treatment,4,1,0,0.0
C008375,New Customers,Eligible,Treatment,5,1,0,0.0
C008376,New Customers,Eligible,Treatment,4,0,0,0.0
C008377,Browsers / No Purchase,Eligible,Treatment,6,1,0,0.0
C008378,Browsers / No Purchase,Eligible,Treatment,2,0,0,0.0
C008379,Lapsing Customers,Eligible,Treatment,4,1,0,0.0
C008380,Lapsing Customers,Eligible,Treatment,6,1,0,0.0
C008381,New Customers,Eligible,Treatment,2,1,0,0.0
C008382,New Customers,Eligible,Treatment,1,0,0,0.0
C008383,High-Value Loyalists,Eligible,Treatment,1,0,1,23.65
C008384,Lapsing Customers,Eligible,Treatment,5,3,0,0.0
C008385,High-Value Loyalists,Eligible,Control,0,0,0,0.0
C008386,Lapsing Customers,Eligible,Treatment,5,1,0,0.0
C008387,Browsers / No Purchase,Eligible,Treatment,4,0,0,0.0
C008388,New Customers,Suppressed,Suppressed,0,0,0,0.0
C008389,Lapsing Customers,Eligible,Treatment,2,0,0,0.0
C008390,New Customers,Eligible,Treatment,1,0,1,45.78
C008391,New Customers,Eligible,Treatment,2,0,0,0.0
C008392,Lapsing Customers,Eligible,Treatment,3,2,0,0.0
C008393,Lapsing Customers,Eligible,Treatment,5,0,0,0.0
C008394,Browsers / No Purchase,Eligible,Treatment,1,0,0,0.0
C008395,High-Value Loyalists,Eligible,Treatment,4,1,0,0.0
C008396,New Customers,Eligible,Treatment,6,0,0,0.0
C008397,New Customers,Suppressed,Suppressed,0,0,0,0.0
C008398,Browsers / No Purchase,Eligible,Treatment,6,2,0,0.0
C008399,Browsers / No Purchase,Eligible,Treatment,5,0,0,0.0
C008400,Browsers / No Purchase,Eligible,Treatment,6,0,1,66.24
C008401,New Customers,Eligible,Treatment,2,0,0,0.0
C008402,High-Value Loyalists,Eligible,Treatment,6,0,0,0.0
C008403,New Customers,Suppressed,Suppressed,0,0,0,0.0
C008404,Browsers / No Purchase,Eligible,Treatment,2,0,0,0.0
C008405,Browsers / No Purchase,Eligible,Treatment,5,0,0,0.0
C008406,Browsers / No Purchase,Eligible,Control,0,0,0,0.0
C008407,High-Value Loyalists,Eligible,Treatment,1,1,0,0.0
C008408,Browsers / No Purchase,Eligible,Treatment,3,1,0,0.0
C008409,Browsers / No Purchase,Eligible,Treatment,6,0,0,0.0
C008410,New Customers,Eligible,Treatment,1,0,0,0.0
C008411,New Customers,Suppressed,Suppressed,0,0,0,0.0
C008412,New Customers,Suppressed,Suppressed,0,0,1,43.92
C008413,New Customers,Eligible,Treatment,3,1,0,0.0
C008414,Lapsing Customers,Eligible,Treatment,1,0,0,0.0
C008415,High-Value Loyalists,Eligible,Control,0,0,0,0.0
C008416,Browsers / No Purchase,Eligible,Treatment,6,2,0,0.0
C008417,Browsers / No Purchase,Eligible,Treatment,3,0,0,0.0
C008418,Browsers / No Purchase,Eligible,Treatment,5,0,0,0.0
C008419,Lapsing Customers,Eligible,Control,0,0,1,25.7
C008420,High-Value Loyalists,Eligible,Control,0,0,1,104.49
C008421,Lapsing Customers,Eligible,Treatment,6,0,0,0.0
C008422,Browsers / No Purchase,Eligible,Treatment,1,0,0,0.0
C008423,New Customers,Eligible,Treatment,2,0,0,0.0
C008424,Browsers / No Purchase,Eligible,Treatment,1,0,0,0.0
C008425,Lapsing Customers,Eligible,Treatment,5,0,0,0.0
C008426,New Customers,Eligible,Treatment,2,0,0,0.0
C008427,Browsers / No Purchase,Eligible,Treatment,6,1,0,0.0
C008428,Lapsing Customers,Eligible,Treatment,5,0,1,41.46
C008429,Browsers / No Purchase,Eligible,Treatment,1,0,0,0.0
C008430,New Customers,Suppressed,Suppressed,0,0,0,0.0
C008431,High-Value Loyalists,Eligible,Treatment,3,0,0,0.0
C008432,High-Value Loyalists,Eligible,Treatment,4,0,0,0.0
C008433,Browsers / No Purchase,Eligible,Treatment,4,0,0,0.0
C008434,New Customers,Eligible,Treatment,1,0,0,0.0
C008435,Browsers / No Purchase,Eligible,Treatment,4,0,0,0.0
C008436,Browsers / No Purchase,Eligible,Treatment,3,1,0,0.0
C008437,Lapsing Customers,Eligible,Treatment,2,0,0,0.0
C008438,Browsers / No Purchase,Eligible,Control,0,0,0,0.0
C008439,Browsers / No Purchase,Eligible,Treatment,6,1,0,0.0
C008440,High-Value Loyalists,Suppressed,Suppressed,0,0,0,0.0
C008441,Browsers / No Purchase,Eligible,Control,0,0,0,0.0
C008442,Lapsing Customers,Eligible,Treatment,5,1,0,0.0
C008443,Lapsing Customers,Eligible,Treatment,5,0,0,0.0
C008444,Lapsing Customers,Eligible,Treatment,1,0,0,0.0
C008445,Browsers / No Purchase,Eligible,Treatment,4,0,0,0.0
C008446,High-Value Loyalists,Eligible,Treatment,3,0,0,0.0
C008447,Lapsing Customers,Eligible,Treatment,3,0,0,0.0
C008448,New Customers,Eligible,Treatment,5,0,1,114.76
C008449,High-Value Loyalists,Eligible,Treatment,6,0,0,0.0
C008450,Browsers / No Purchase,Eligible,Treatment,5,1,0,0.0
C008451,Browsers / No Purchase,Eligible,Treatment,1,0,0,0.0
C008452,High-Value Loyalists,Eligible,Treatment,3,0,1,51.53
C008453,High-Value Loyalists,Suppressed,Suppressed,0,0,0,0.0
C008454,Browsers / No Purchase,Eligible,Treatment,5,0,0,0.0
C008455,High-Value Loyalists,Eligible,Treatment,6,1,0,0.0
C008456,High-Value Loyalists,Eligible,Treatment,3,0,0,0.0
C008457,Browsers / No Purchase,Eligible,Treatment,5,0,0,0.0
C008458,Browsers / No Purchase,Eligible,Treatment,1,0,0,0.0
C008459,New Customers,Eligible,Treatment,3,1,0,0.0
C008460,New Customers,Eligible,Treatment,5,0,0,0.0
C008461,Browsers / No Purchase,Eligible,Treatment,4,0,0,0.0
C008462,New Customers,Eligible,Treatment,6,1,0,0.0
C008463,New Customers,Eligible,Treatment,1,0,0,0.0
C008464,Browsers / No Purchase,Eligible,Treatment,2,0,0,0.0
C008465,New Customers,Suppressed,Suppressed,0,0,0,0.0
C008466,New Customers,Eligible,Treatment,4,0,0,0.0
C008467,Lapsing Customers,Eligible,Treatment,2,0,0,0.0
C008468,New Customers,Eligible,Treatment,3,0,0,0.0
C008469,New Customers,Eligible,Treatment,4,1,0,0.0
C008470,Lapsing Customers,Suppressed,Suppressed,0,0,0,0.0
C008471,Lapsing Customers,Eligible,Treatment,4,0,0,0.0
C008472,Browsers / No Purchase,Eligible,Treatment,6,1,0,0.0
C008473,Lapsing Customers,Eligible,Control,0,0,0,0.0
C008474,High-Value Loyalists,Eligible,Treatment,6,0,0,0.0
C008475,Lapsing Customers,Eligible,Treatment,3,0,1,140.29
C008476,Lapsing Customers,Eligible,Treatment,1,0,0,0.0
C008477,Browsers / No Purchase,Eligible,Treatment,5,0,0,0.0
C008478,Lapsing Customers,Eligible,Treatment,5,0,0,0.0
C008479,Lapsing Customers,Eligible,Treatment,2,0,0,0.0
C008480,Browsers / No Purchase,Eligible,Treatment,2,0,0,0.0
C008481,High-Value Loyalists,Eligible,Treatment,1,0,0,0.0
C008482,High-Value Loyalists,Eligible,Treatment,4,0,0,0.0
C008483,Browsers / No Purchase,Suppressed,Suppressed,0,0,1,94.14
C008484,New Customers,Eligible,Treatment,5,1,0,0.0
C008485,Browsers / No Purchase,Eligible,Treatment,6,1,0,0.0
C008486,Browsers / No Purchase,Eligible,Treatment,2,0,0,0.0
C008487,Browsers / No Purchase,Eligible,Treatment,3,0,0,0.0
C008488,High-Value Loyalists,Eligible,Control,0,0,1,58.51
C008489,Browsers / No Purchase,Eligible,Treatment,2,0,0,0.0
C008490,Browsers / No Purchase,Eligible,Treatment,6,0,0,0.0
C008491,Lapsing Customers,Eligible,Treatment,5,0,0,0.0
C008492,Browsers / No Purchase,Eligible,Treatment,3,0,0,0.0
C008493,Lapsing Customers,Eligible,Treatment,1,0,0,0.0
C008494,Browsers / No Purchase,Eligible,Treatment,1,0,0,0.0
C008495,New Customers,Eligible,Treatment,5,1,0,0.0
C008496,New Customers,Eligible,Treatment,3,0,0,0.0
C008497,High-Value Loyalists,Eligible,Treatment,1,0,0,0.0
C008498,Browsers / No Purchase,Eligible,Treatment,3,0,0,0.0
C008499,New Customers,Eligible,Treatment,3,0,0,0.0
C008500,High-Value Loyalists,Eligible,Treatment,5,0,0,0.0
C008501,High-Value Loyalists,Eligible,Treatment,4,0,0,0.0
C008502,Browsers / No Purchase,Suppressed,Suppressed,0,0,0,0.0
C008503,High-Value Loyalists,Suppressed,Suppressed,0,0,0,0.0
C008504,New Customers,Eligible,Treatment,1,0,0,0.0
C008505,New Customers,Eligible,Treatment,4,0,0,0.0
C008506,Lapsing Customers,Eligible,Treatment,5,1,0,0.0
C008507,New Customers,Eligible,Control,0,0,0,0.0
C008508,Lapsing Customers,Eligible,Treatment,3,0,0,0.0
C008509,Browsers / No Purchase,Eligible,Treatment,1,0,0,0.0
C008510,Browsers / No Purchase,Eligible,Treatment,1,0,0,0.0
C008511,Lapsing Customers,Eligible,Treatment,5,0,0,0.0
C008512,New Customers,Suppressed,Suppressed,0,0,0,0.0
C008513,New Customers,Eligible,Treatment,5,0,0,0.0
C008514,Browsers / No Purchase,Eligible,Control,0,0,0,0.0
C008515,Lapsing Customers,Eligible,Treatment,5,0,0,0.0
C008516,New Customers,Eligible,Treatment,6,0,1,53.37
C008517,Browsers / No Purchase,Eligible,Control,0,0,0,0.0
C008518,High-Value Loyalists,Eligible,Control,0,0,0,0.0
C008519,New Customers,Eligible,Treatment,2,0,0,0.0
C008520,High-Value Loyalists,Eligible,Control,0,0,0,0.0
C008521,New Customers,Eligible,Treatment,2,0,0,0.0
C008522,Lapsing Customers,Eligible,Treatment,6,1,0,0.0
C008523,Browsers / No Purchase,Eligible,Treatment,5,1,0,0.0
C008524,Lapsing Customers,Eligible,Treatment,2,0,0,0.0
C008525,High-Value Loyalists,Eligible,Treatment,4,0,1,78.97
C008526,Browsers / No Purchase,Eligible,Treatment,5,0,0,0.0
C008527,Browsers / No Purchase,Eligible,Treatment,5,1,0,0.0
C008528,New Customers,Suppressed,Suppressed,0,0,0,0.0
C008529,Browsers / No Purchase,Eligible,Treatment,5,0,0,0.0
C008530,Lapsing Customers,Eligible,Treatment,6,2,0,0.0
C008531,New Customers,Eligible,Treatment,5,2,1,93.59
C008532,High-Value Loyalists,Eligible,Treatment,4,0,0,0.0
C008533,High-Value Loyalists,Eligible,Treatment,1,1,0,0.0
C008534,Browsers / No Purchase,Eligible,Treatment,6,0,0,0.0
C008535,Browsers / No Purchase,Eligible,Treatment,3,0,0,0.0
C008536,Lapsing Customers,Eligible,Treatment,1,0,1,74.86
C008537,High-Value Loyalists,Eligible,Treatment,3,0,0,0.0
C008538,Browsers / No Purchase,Eligible,Treatment,1,0,0,0.0
C008539,High-Value Loyalists,Eligible,Treatment,2,0,0,0.0
C008540,Lapsing Customers,Suppressed,Suppressed,0,0,0,0.0
C008541,High-Value Loyalists,Suppressed,Suppressed,0,0,0,0.0
C008542,High-Value Loyalists,Eligible,Treatment,6,0,0,0.0
C008543,Lapsing Customers,Eligible,Treatment,2,0,1,42.98
C008544,Browsers / No Purchase,Eligible,Treatment,1,0,0,0.0
C008545,Lapsing Customers,Suppressed,Suppressed,0,0,0,0.0
C008546,New Customers,Eligible,Treatment,3,2,0,0.0
C008547,Browsers / No Purchase,Eligible,Treatment,2,0,0,0.0
C008548,New Customers,Eligible,Control,0,0,0,0.0
C008549,Browsers / No Purchase,Eligible,Treatment,5,0,0,0.0
C008550,New Customers,Eligible,Control,0,0,0,0.0
C008551,New Customers,Suppressed,Suppressed,0,0,1,31.99
C008552,New Customers,Eligible,Treatment,3,0,0,0.0
C008553,Browsers / No Purchase,Eligible,Treatment,2,0,0,0.0
C008554,Browsers / No Purchase,Eligible,Treatment,6,1,0,0.0
C008555,Browsers / No Purchase,Eligible,Treatment,1,0,0,0.0
C008556,High-Value Loyalists,Eligible,Treatment,3,0,0,0.0
C008557,New Customers,Suppressed,Suppressed,0,0,0,0.0
C008558,Browsers / No Purchase,Eligible,Treatment,3,0,0,0.0
C008559,Lapsing Customers,Eligible,Treatment,6,1,0,0.0
C008560,Browsers / No Purchase,Eligible,Treatment,4,1,0,0.0
C008561,Lapsing Customers,Eligible,Treatment,1,0,0,0.0
C008562,Lapsing Customers,Eligible,Treatment,2,0,0,0.0
C008563,Browsers / No Purchase,Eligible,Treatment,1,0,0,0.0
C008564,Lapsing Customers,Eligible,Treatment,4,0,0,0.0
C008565,Lapsing Customers,Eligible,Control,0,0,0,0.0
C008566,Lapsing Customers,Eligible,Treatment,2,0,0,0.0
C008567,Browsers / No Purchase,Eligible,Treatment,5,0,0,0.0
C008568,Lapsing Customers,Eligible,Treatment,4,0,0,0.0
C008569,New Customers,Eligible,Treatment,5,1,0,0.0
C008570,Browsers / No Purchase,Eligible,Treatment,5,0,0,0.0
C008571,New Customers,Eligible,Treatment,2,0,0,0.0
C008572,Browsers / No Purchase,Suppressed,Suppressed,0,0,0,0.0
C008573,Browsers / No Purchase,Eligible,Treatment,1,0,0,0.0
C008574,Lapsing Customers,Eligible,Control,0,0,0,0.0
C008575,Browsers / No Purchase,Eligible,Treatment,1,0,0,0.0
C008576,New Customers,Suppressed,Suppressed,0,0,0,0.0
C008577,High-Value Loyalists,Eligible,Treatment,1,0,1,47.9
C008578,Lapsing Customers,Eligible,Treatment,6,0,0,0.0
C008579,New Customers,Suppressed,Suppressed,0,0,0,0.0
C008580,High-Value Loyalists,Eligible,Treatment,5,0,0,0.0
C008581,New Customers,Eligible,Treatment,2,0,0,0.0
C008582,Lapsing Customers,Eligible,Treatment,2,1,0,0.0
C008583,New Customers,Eligible,Control,0,0,0,0.0
C008584,High-Value Loyalists,Suppressed,Suppressed,0,0,0,0.0
C008585,Browsers / No Purchase,Eligible,Treatment,2,0,0,0.0
C008586,Lapsing Customers,Eligible,Treatment,5,0,0,0.0
C008587,High-Value Loyalists,Eligible,Treatment,3,0,0,0.0
C008588,Lapsing Customers,Eligible,Treatment,2,0,0,0.0
C008589,New Customers,Suppressed,Suppressed,0,0,0,0.0
C008590,New Customers,Suppressed,Suppressed,0,0,0,0.0
C008591,New Customers,Eligible,Treatment,2,0,0,0.0
C008592,High-Value Loyalists,Eligible,Treatment,2,0,0,0.0
C008593,Browsers / No Purchase,Eligible,Treatment,5,0,0,0.0
C008594,Lapsing Customers,Eligible,Treatment,6,1,0,0.0
C008595,High-Value Loyalists,Eligible,Control,0,0,0,0.0
C008596,Browsers / No Purchase,Eligible,Treatment,3,0,0,0.0
C008597,New Customers,Eligible,Treatment,5,1,0,0.0
C008598,New Customers,Eligible,Treatment,1,0,0,0.0
C008599,Lapsing Customers,Eligible,Treatment,2,0,1,54.19
C008600,Lapsing Customers,Eligible,Control,0,0,1,69.57
C008601,New Customers,Eligible,Treatment,2,0,0,0.0
C008602,High-Value Loyalists,Eligible,Treatment,4,0,0,0.0
C008603,Lapsing Customers,Suppressed,Suppressed,0,0,0,0.0
C008604,Browsers / No Purchase,Eligible,Treatment,5,1,0,0.0
C008605,New Customers,Eligible,Control,0,0,0,0.0
C008606,Lapsing Customers,Eligible,Treatment,2,0,0,0.0
C008607,Lapsing Customers,Eligible,Treatment,2,0,0,0.0
C008608,Browsers / No Purchase,Eligible,Control,0,0,0,0.0
C008609,Lapsing Customers,Suppressed,Suppressed,0,0,1,146.81
C008610,High-Value Loyalists,Eligible,Treatment,2,0,0,0.0
C008611,High-Value Loyalists,Eligible,Treatment,6,1,0,0.0
C008612,Browsers / No Purchase,Eligible,Treatment,3,0,0,0.0
C008613,New Customers,Eligible,Treatment,6,1,0,0.0
C008614,High-Value Loyalists,Eligible,Treatment,1,0,1,157.12
C008615,High-Value Loyalists,Eligible,Treatment,6,0,0,0.0
C008616,New Customers,Eligible,Treatment,4,0,0,0.0
C008617,New Customers,Eligible,Treatment,3,0,0,0.0
C008618,New Customers,Eligible,Treatment,4,0,0,0.0
C008619,High-Value Loyalists,Eligible,Treatment,6,1,0,0.0
C008620,Browsers / No Purchase,Eligible,Treatment,2,0,0,0.0
C008621,Browsers / No Purchase,Eligible,Treatment,2,0,0,0.0
C008622,New Customers,Eligible,Treatment,5,0,0,0.0
C008623,High-Value Loyalists,Eligible,Treatment,1,0,0,0.0
C008624,New Customers,Eligible,Treatment,4,0,0,0.0
C008625,Lapsing Customers,Eligible,Control,0,0,0,0.0
C008626,High-Value Loyalists,Suppressed,Suppressed,0,0,0,0.0
C008627,Lapsing Customers,Suppressed,Suppressed,0,0,0,0.0
C008628,Browsers / No Purchase,Eligible,Treatment,5,0,0,0.0
C008629,Lapsing Customers,Eligible,Treatment,6,1,0,0.0
C008630,Browsers / No Purchase,Eligible,Treatment,4,1,0,0.0
C008631,New Customers,Eligible,Treatment,5,0,0,0.0
C008632,New Customers,Eligible,Treatment,1,0,0,0.0
C008633,High-Value Loyalists,Eligible,Treatment,1,0,0,0.0
C008634,New Customers,Eligible,Treatment,4,0,0,0.0
C008635,High-Value Loyalists,Eligible,Treatment,5,0,0,0.0
C008636,Lapsing Customers,Eligible,Treatment,2,0,0,0.0
C008637,Lapsing Customers,Eligible,Treatment,5,1,0,0.0
C008638,Lapsing Customers,Suppressed,Suppressed,0,0,0,0.0
C008639,New Customers,Eligible,Treatment,4,0,0,0.0
C008640,High-Value Loyalists,Eligible,Treatment,4,1,0,0.0
C008641,Lapsing Customers,Eligible,Treatment,2,0,0,0.0
C008642,Browsers / No Purchase,Eligible,Treatment,4,1,0,0.0
C008643,High-Value Loyalists,Eligible,Treatment,1,0,0,0.0
C008644,Lapsing Customers,Eligible,Treatment,4,0,0,0.0
C008645,Lapsing Customers,Eligible,Treatment,6,0,0,0.0
C008646,Lapsing Customers,Suppressed,Suppressed,0,0,1,80.71
C008647,New Customers,Eligible,Treatment,5,1,0,0.0
C008648,Lapsing Customers,Eligible,Control,0,0,0,0.0
C008649,Lapsing Customers,Eligible,Treatment,4,0,0,0.0
C008650,New Customers,Suppressed,Suppressed,0,0,0,0.0
C008651,Lapsing Customers,Eligible,Treatment,4,0,0,0.0
C008652,Browsers / No Purchase,Eligible,Treatment,3,0,0,0.0
C008653,Browsers / No Purchase,Eligible,Treatment,1,0,0,0.0
C008654,High-Value Loyalists,Eligible,Treatment,3,0,0,0.0
C008655,Lapsing Customers,Eligible,Treatment,4,0,0,0.0
C008656,Lapsing Customers,Eligible,Treatment,6,0,0,0.0
C008657,High-Value Loyalists,Eligible,Treatment,6,0,0,0.0
C008658,New Customers,Eligible,Treatment,5,1,0,0.0
C008659,New Customers,Suppressed,Suppressed,0,0,0,0.0
C008660,Lapsing Customers,Eligible,Treatment,1,0,0,0.0
C008661,Lapsing Customers,Eligible,Treatment,4,0,0,0.0
C008662,Lapsing Customers,Eligible,Treatment,2,0,0,0.0
C008663,Browsers / No Purchase,Eligible,Control,0,0,0,0.0
C008664,Browsers / No Purchase,Eligible,Treatment,6,1,0,0.0
C008665,High-Value Loyalists,Eligible,Control,0,0,0,0.0
C008666,New Customers,Eligible,Treatment,5,0,0,0.0
C008667,Lapsing Customers,Eligible,Treatment,1,0,0,0.0
C008668,New Customers,Eligible,Treatment,2,0,0,0.0
C008669,New Customers,Eligible,Treatment,3,0,0,0.0
C008670,Browsers / No Purchase,Eligible,Treatment,3,0,0,0.0
C008671,High-Value Loyalists,Eligible,Treatment,2,0,0,0.0
C008672,Lapsing Customers,Suppressed,Suppressed,0,0,0,0.0
C008673,Browsers / No Purchase,Eligible,Treatment,3,0,0,0.0
C008674,High-Value Loyalists,Suppressed,Suppressed,0,0,0,0.0
C008675,High-Value Loyalists,Eligible,Treatment,4,0,0,0.0
C008676,Browsers / No Purchase,Eligible,Treatment,1,0,0,0.0
C008677,Browsers / No Purchase,Eligible,Treatment,4,1,0,0.0
C008678,New Customers,Eligible,Treatment,2,0,0,0.0
C008679,Browsers / No Purchase,Eligible,Treatment,4,0,0,0.0
C008680,New Customers,Eligible,Treatment,1,0,1,119.88
C008681,High-Value Loyalists,Eligible,Treatment,1,0,0,0.0
C008682,New Customers,Eligible,Control,0,0,0,0.0
C008683,Browsers / No Purchase,Eligible,Treatment,1,0,0,0.0
C008684,Browsers / No Purchase,Eligible,Treatment,2,0,0,0.0
C008685,Lapsing Customers,Suppressed,Suppressed,0,0,0,0.0
C008686,High-Value Loyalists,Eligible,Treatment,4,1,0,0.0
C008687,Browsers / No Purchase,Eligible,Treatment,3,0,0,0.0
C008688,Lapsing Customers,Eligible,Treatment,2,0,0,0.0
C008689,High-Value Loyalists,Eligible,Treatment,4,0,1,23.14
C008690,Browsers / No Purchase,Eligible,Treatment,1,0,0,0.0
C008691,New Customers,Eligible,Treatment,4,0,0,0.0
C008692,Lapsing Customers,Eligible,Treatment,1,0,0,0.0
C008693,High-Value Loyalists,Eligible,Treatment,3,0,0,0.0
C008694,High-Value Loyalists,Eligible,Treatment,1,0,0,0.0
C008695,Browsers / No Purchase,Eligible,Treatment,2,0,0,0.0
C008696,New Customers,Eligible,Treatment,4,0,0,0.0
C008697,High-Value Loyalists,Eligible,Treatment,1,0,0,0.0
C008698,Lapsing Customers,Eligible,Treatment,4,0,0,0.0
C008699,High-Value Loyalists,Eligible,Treatment,2,0,0,0.0
C008700,High-Value Loyalists,Eligible,Treatment,2,1,0,0.0
C008701,Lapsing Customers,Eligible,Treatment,3,0,0,0.0
C008702,New Customers,Eligible,Treatment,6,0,0,0.0
C008703,Lapsing Customers,Eligible,Treatment,5,0,1,25.31
C008704,Lapsing Customers,Eligible,Treatment,3,0,0,0.0
C008705,Lapsing Customers,Eligible,Treatment,2,0,0,0.0
C008706,Lapsing Customers,Eligible,Treatment,5,1,0,0.0
C008707,High-Value Loyalists,Eligible,Treatment,4,1,0,0.0
C008708,High-Value Loyalists,Suppressed,Suppressed,0,0,0,0.0
C008709,High-Value Loyalists,Eligible,Control,0,0,0,0.0
C008710,Lapsing Customers,Eligible,Treatment,2,0,0,0.0
C008711,Browsers / No Purchase,Eligible,Treatment,6,0,0,0.0
C008712,High-Value Loyalists,Eligible,Treatment,1,0,0,0.0
C008713,Browsers / No Purchase,Eligible,Treatment,5,0,0,0.0
C008714,Browsers / No Purchase,Eligible,Treatment,2,0,0,0.0
C008715,High-Value Loyalists,Eligible,Treatment,1,0,0,0.0
C008716,High-Value Loyalists,Suppressed,Suppressed,0,0,0,0.0
C008717,High-Value Loyalists,Eligible,Control,0,0,0,0.0
C008718,High-Value Loyalists,Eligible,Treatment,5,0,1,52.26
C008719,New Customers,Eligible,Treatment,1,0,0,0.0
C008720,High-Value Loyalists,Suppressed,Suppressed,0,0,1,108.6
C008721,Browsers / No Purchase,Eligible,Treatment,3,0,0,0.0
C008722,New Customers,Eligible,Treatment,6,1,0,0.0
C008723,Browsers / No Purchase,Eligible,Treatment,6,1,0,0.0
C008724,Browsers / No Purchase,Suppressed,Suppressed,0,0,0,0.0
C008725,New Customers,Eligible,Treatment,5,1,1,124.31
C008726,Browsers / No Purchase,Eligible,Treatment,2,0,0,0.0
C008727,Browsers / No Purchase,Eligible,Treatment,5,0,0,0.0
C008728,Lapsing Customers,Eligible,Treatment,2,0,0,0.0
C008729,High-Value Loyalists,Eligible,Treatment,3,0,0,0.0
C008730,Lapsing Customers,Eligible,Control,0,0,0,0.0
C008731,Lapsing Customers,Eligible,Treatment,2,1,0,0.0
C008732,New Customers,Eligible,Treatment,6,0,0,0.0
C008733,Lapsing Customers,Eligible,Treatment,5,0,0,0.0
C008734,New Customers,Eligible,Treatment,3,0,0,0.0
C008735,Browsers / No Purchase,Eligible,Treatment,2,0,0,0.0
C008736,Lapsing Customers,Eligible,Treatment,6,0,0,0.0
C008737,New Customers,Eligible,Treatment,6,1,0,0.0
C008738,Lapsing Customers,Eligible,Treatment,6,0,0,0.0
C008739,Browsers / No Purchase,Eligible,Control,0,0,0,0.0
C008740,New Customers,Eligible,Treatment,6,0,0,0.0
C008741,High-Value Loyalists,Eligible,Treatment,3,0,0,0.0
C008742,New Customers,Eligible,Control,0,0,0,0.0
C008743,High-Value Loyalists,Eligible,Treatment,4,1,0,0.0
C008744,Browsers / No Purchase,Eligible,Control,0,0,0,0.0
C008745,New Customers,Eligible,Treatment,3,0,0,0.0
C008746,Lapsing Customers,Eligible,Treatment,4,0,0,0.0
C008747,New Customers,Eligible,Treatment,1,0,0,0.0
C008748,Browsers / No Purchase,Eligible,Treatment,5,0,0,0.0
C008749,Browsers / No Purchase,Eligible,Treatment,1,0,0,0.0
C008750,New Customers,Eligible,Treatment,2,0,0,0.0
C008751,Browsers / No Purchase,Eligible,Treatment,4,1,0,0.0
C008752,Lapsing Customers,Eligible,Treatment,5,1,0,0.0
C008753,Browsers / No Purchase,Suppressed,Suppressed,0,0,1,28.9
C008754,Browsers / No Purchase,Eligible,Treatment,4,0,0,0.0
C008755,High-Value Loyalists,Eligible,Treatment,4,1,1,76.8
C008756,Lapsing Customers,Eligible,Treatment,4,0,0,0.0
C008757,Lapsing Customers,Eligible,Treatment,6,0,0,0.0
C008758,High-Value Loyalists,Eligible,Treatment,6,0,0,0.0
C008759,Lapsing Customers,Eligible,Treatment,3,1,1,78.62
C008760,High-Value Loyalists,Suppressed,Suppressed,0,0,1,90.76
C008761,New Customers,Suppressed,Suppressed,0,0,0,0.0
C008762,High-Value Loyalists,Eligible,Treatment,2,0,0,0.0
C008763,Lapsing Customers,Eligible,Treatment,1,0,0,0.0
C008764,New Customers,Eligible,Treatment,5,0,0,0.0
C008765,Lapsing Customers,Eligible,Treatment,4,1,0,0.0
C008766,Lapsing Customers,Eligible,Treatment,4,0,0,0.0
C008767,Browsers / No Purchase,Eligible,Treatment,5,0,0,0.0
C008768,Browsers / No Purchase,Suppressed,Suppressed,0,0,0,0.0
C008769,New Customers,Suppressed,Suppressed,0,0,0,0.0
C008770,High-Value Loyalists,Eligible,Treatment,4,0,0,0.0
C008771,High-Value Loyalists,Suppressed,Suppressed,0,0,0,0.0
C008772,Browsers / No Purchase,Eligible,Treatment,4,0,0,0.0
C008773,New Customers,Eligible,Treatment,2,0,0,0.0
C008774,Browsers / No Purchase,Eligible,Treatment,5,1,0,0.0
C008775,New Customers,Eligible,Treatment,2,0,0,0.0
C008776,High-Value Loyalists,Eligible,Treatment,3,0,0,0.0
C008777,Lapsing Customers,Eligible,Treatment,5,0,0,0.0
C008778,Browsers / No Purchase,Eligible,Treatment,5,0,0,0.0
C008779,Browsers / No Purchase,Eligible,Treatment,6,0,0,0.0
C008780,Lapsing Customers,Eligible,Control,0,0,0,0.0
C008781,New Customers,Eligible,Treatment,6,0,0,0.0
C008782,High-Value Loyalists,Eligible,Treatment,3,0,0,0.0
C008783,Browsers / No Purchase,Eligible,Treatment,3,0,0,0.0
C008784,Lapsing Customers,Eligible,Treatment,4,0,0,0.0
C008785,Browsers / No Purchase,Eligible,Treatment,6,1,0,0.0
C008786,Lapsing Customers,Eligible,Treatment,4,0,0,0.0
C008787,New Customers,Eligible,Treatment,3,0,0,0.0
C008788,New Customers,Eligible,Treatment,1,0,0,0.0
C008789,Lapsing Customers,Eligible,Treatment,6,2,0,0.0
C008790,Browsers / No Purchase,Eligible,Treatment,3,1,0,0.0
C008791,Browsers / No Purchase,Eligible,Treatment,5,0,0,0.0
C008792,Browsers / No Purchase,Eligible,Treatment,2,0,0,0.0
C008793,Lapsing Customers,Eligible,Treatment,1,0,0,0.0
C008794,Browsers / No Purchase,Eligible,Treatment,6,1,0,0.0
C008795,New Customers,Suppressed,Suppressed,0,0,0,0.0
C008796,New Customers,Eligible,Treatment,6,0,0,0.0
C008797,Lapsing Customers,Eligible,Treatment,2,0,0,0.0
C008798,New Customers,Eligible,Treatment,3,0,0,0.0
C008799,High-Value Loyalists,Eligible,Treatment,1,0,0,0.0
C008800,Lapsing Customers,Eligible,Treatment,5,0,0,0.0
C008801,High-Value Loyalists,Suppressed,Suppressed,0,0,1,79.36
C008802,Lapsing Customers,Eligible,Treatment,4,0,0,0.0
C008803,High-Value Loyalists,Eligible,Treatment,6,0,0,0.0
C008804,Lapsing Customers,Eligible,Treatment,3,0,0,0.0
C008805,Browsers / No Purchase,Eligible,Treatment,2,0,0,0.0
C008806,New Customers,Eligible,Treatment,5,2,0,0.0
C008807,High-Value Loyalists,Eligible,Control,0,0,0,0.0
C008808,Browsers / No Purchase,Eligible,Treatment,6,2,0,0.0
C008809,Browsers / No Purchase,Suppressed,Suppressed,0,0,0,0.0
C008810,Browsers / No Purchase,Eligible,Treatment,3,0,0,0.0
C008811,Browsers / No Purchase,Eligible,Treatment,2,0,0,0.0
C008812,Browsers / No Purchase,Eligible,Treatment,2,0,0,0.0
C008813,New Customers,Eligible,Treatment,4,1,0,0.0
C008814,Browsers / No Purchase,Eligible,Treatment,6,1,0,0.0
C008815,Browsers / No Purchase,Eligible,Treatment,4,0,0,0.0
C008816,Lapsing Customers,Eligible,Treatment,5,2,0,0.0
C008817,Browsers / No Purchase,Eligible,Treatment,5,0,0,0.0
C008818,Browsers / No Purchase,Eligible,Treatment,2,0,0,0.0
C008819,Browsers / No Purchase,Eligible,Treatment,5,0,0,0.0
C008820,Browsers / No Purchase,Eligible,Treatment,1,1,0,0.0
C008821,Lapsing Customers,Eligible,Treatment,3,0,0,0.0
C008822,Lapsing Customers,Eligible,Treatment,4,0,0,0.0
C008823,New Customers,Eligible,Treatment,1,0,0,0.0
C008824,Browsers / No Purchase,Eligible,Treatment,4,1,0,0.0
C008825,Browsers / No Purchase,Eligible,Treatment,1,0,0,0.0
C008826,Browsers / No Purchase,Eligible,Treatment,2,0,0,0.0
C008827,Browsers / No Purchase,Eligible,Treatment,5,1,0,0.0
C008828,Browsers / No Purchase,Eligible,Treatment,4,0,0,0.0
C008829,High-Value Loyalists,Eligible,Treatment,6,1,0,0.0
C008830,Browsers / No Purchase,Eligible,Treatment,1,0,0,0.0
C008831,High-Value Loyalists,Eligible,Treatment,6,1,0,0.0
C008832,New Customers,Suppressed,Suppressed,0,0,0,0.0
C008833,High-Value Loyalists,Eligible,Treatment,5,0,0,0.0
C008834,New Customers,Eligible,Treatment,2,0,0,0.0
C008835,Lapsing Customers,Suppressed,Suppressed,0,0,0,0.0
C008836,High-Value Loyalists,Eligible,Control,0,0,0,0.0
C008837,New Customers,Eligible,Treatment,5,0,1,57.14
C008838,Browsers / No Purchase,Eligible,Treatment,2,0,0,0.0
C008839,High-Value Loyalists,Eligible,Treatment,6,2,0,0.0
C008840,New Customers,Eligible,Treatment,2,0,0,0.0
C008841,High-Value Loyalists,Eligible,Treatment,1,0,0,0.0
C008842,High-Value Loyalists,Suppressed,Suppressed,0,0,0,0.0
C008843,High-Value Loyalists,Eligible,Treatment,2,0,0,0.0
C008844,New Customers,Eligible,Treatment,1,0,0,0.0
C008845,Browsers / No Purchase,Eligible,Treatment,1,0,0,0.0
C008846,New Customers,Eligible,Treatment,5,0,0,0.0
C008847,Browsers / No Purchase,Eligible,Treatment,1,0,0,0.0
C008848,New Customers,Eligible,Treatment,1,0,0,0.0
C008849,Browsers / No Purchase,Eligible,Treatment,6,1,0,0.0
C008850,Browsers / No Purchase,Eligible,Treatment,1,0,0,0.0
C008851,Lapsing Customers,Eligible,Treatment,5,0,0,0.0
C008852,High-Value Loyalists,Eligible,Treatment,3,1,0,0.0
C008853,High-Value Loyalists,Eligible,Treatment,3,0,0,0.0
C008854,New Customers,Eligible,Treatment,6,1,0,0.0
C008855,New Customers,Eligible,Treatment,3,1,0,0.0
C008856,High-Value Loyalists,Eligible,Treatment,1,0,0,0.0
C008857,Browsers / No Purchase,Suppressed,Suppressed,0,0,0,0.0
C008858,Browsers / No Purchase,Eligible,Treatment,2,1,0,0.0
C008859,Lapsing Customers,Eligible,Treatment,5,1,1,119.81
C008860,Lapsing Customers,Suppressed,Suppressed,0,0,0,0.0
C008861,Lapsing Customers,Eligible,Treatment,1,0,0,0.0
C008862,Lapsing Customers,Eligible,Treatment,6,1,0,0.0
C008863,Browsers / No Purchase,Suppressed,Suppressed,0,0,0,0.0
C008864,New Customers,Suppressed,Suppressed,0,0,0,0.0
C008865,High-Value Loyalists,Eligible,Treatment,3,0,0,0.0
C008866,Lapsing Customers,Eligible,Treatment,3,0,0,0.0
C008867,High-Value Loyalists,Eligible,Treatment,4,0,0,0.0
C008868,Lapsing Customers,Suppressed,Suppressed,0,0,0,0.0
C008869,Lapsing Customers,Eligible,Treatment,3,0,1,70.58
C008870,New Customers,Eligible,Treatment,3,0,0,0.0
C008871,New Customers,Eligible,Treatment,6,0,0,0.0
C008872,Browsers / No Purchase,Eligible,Treatment,1,0,0,0.0
C008873,High-Value Loyalists,Eligible,Control,0,0,0,0.0
C008874,Browsers / No Purchase,Eligible,Treatment,1,1,0,0.0
C008875,High-Value Loyalists,Eligible,Treatment,1,1,0,0.0
C008876,Lapsing Customers,Eligible,Treatment,5,0,0,0.0
C008877,Browsers / No Purchase,Eligible,Treatment,3,2,0,0.0
C008878,New Customers,Eligible,Treatment,3,0,1,147.77
C008879,High-Value Loyalists,Eligible,Treatment,5,0,1,134.01
C008880,New Customers,Eligible,Treatment,5,0,0,0.0
C008881,Browsers / No Purchase,Eligible,Treatment,6,0,0,0.0
C008882,Browsers / No Purchase,Eligible,Treatment,4,0,0,0.0
C008883,New Customers,Eligible,Treatment,5,0,0,0.0
C008884,High-Value Loyalists,Suppressed,Suppressed,0,0,0,0.0
C008885,New Customers,Eligible,Treatment,2,0,0,0.0
C008886,High-Value Loyalists,Eligible,Treatment,4,0,0,0.0
C008887,High-Value Loyalists,Eligible,Treatment,6,0,1,30.95
C008888,New Customers,Eligible,Treatment,4,1,0,0.0
C008889,Browsers / No Purchase,Eligible,Treatment,5,2,0,0.0
C008890,High-Value Loyalists,Eligible,Control,0,0,1,134.21
C008891,Browsers / No Purchase,Eligible,Treatment,5,1,0,0.0
C008892,Browsers / No Purchase,Eligible,Control,0,0,0,0.0
C008893,Browsers / No Purchase,Suppressed,Suppressed,0,0,0,0.0
C008894,Lapsing Customers,Eligible,Treatment,5,0,0,0.0
C008895,Lapsing Customers,Eligible,Treatment,2,0,0,0.0
C008896,High-Value Loyalists,Eligible,Treatment,6,1,0,0.0
C008897,Lapsing Customers,Eligible,Treatment,5,0,0,0.0
C008898,Lapsing Customers,Eligible,Treatment,4,0,0,0.0
C008899,Lapsing Customers,Eligible,Treatment,4,0,0,0.0
C008900,High-Value Loyalists,Suppressed,Suppressed,0,0,0,0.0
C008901,High-Value Loyalists,Eligible,Treatment,2,0,0,0.0
C008902,Browsers / No Purchase,Eligible,Treatment,2,0,0,0.0
C008903,Browsers / No Purchase,Suppressed,Suppressed,0,0,0,0.0
C008904,Lapsing Customers,Eligible,Treatment,6,0,0,0.0
C008905,Browsers / No Purchase,Eligible,Treatment,6,0,0,0.0
C008906,Lapsing Customers,Suppressed,Suppressed,0,0,0,0.0
C008907,Lapsing Customers,Eligible,Treatment,1,0,0,0.0
C008908,Browsers / No Purchase,Eligible,Treatment,1,0,0,0.0
C008909,Lapsing Customers,Eligible,Treatment,2,1,0,0.0
C008910,Lapsing Customers,Eligible,Control,0,0,0,0.0
C008911,Lapsing Customers,Suppressed,Suppressed,0,0,0,0.0
C008912,New Customers,Eligible,Treatment,1,0,1,100.88
C008913,New Customers,Eligible,Treatment,3,0,0,0.0
C008914,Lapsing Customers,Eligible,Control,0,0,0,0.0
C008915,Lapsing Customers,Eligible,Treatment,1,0,0,0.0
C008916,Lapsing Customers,Eligible,Treatment,6,1,0,0.0
C008917,New Customers,Eligible,Treatment,3,0,0,0.0
C008918,Lapsing Customers,Suppressed,Suppressed,0,0,0,0.0
C008919,Browsers / No Purchase,Eligible,Treatment,3,0,0,0.0
C008920,Browsers / No Purchase,Eligible,Treatment,3,0,0,0.0
C008921,Lapsing Customers,Eligible,Treatment,5,2,0,0.0
C008922,Browsers / No Purchase,Suppressed,Suppressed,0,0,0,0.0
C008923,High-Value Loyalists,Eligible,Treatment,3,0,0,0.0
C008924,Lapsing Customers,Eligible,Treatment,4,1,0,0.0
C008925,Lapsing Customers,Eligible,Control,0,0,0,0.0
C008926,Lapsing Customers,Eligible,Treatment,1,0,0,0.0
C008927,Browsers / No Purchase,Eligible,Treatment,1,0,0,0.0
C008928,Browsers / No Purchase,Eligible,Treatment,6,1,0,0.0
C008929,Lapsing Customers,Eligible,Treatment,6,0,0,0.0
C008930,Lapsing Customers,Suppressed,Suppressed,0,0,0,0.0
C008931,New Customers,Eligible,Treatment,3,0,0,0.0
C008932,Lapsing Customers,Eligible,Treatment,2,0,0,0.0
C008933,High-Value Loyalists,Eligible,Treatment,5,1,0,0.0
C008934,Browsers / No Purchase,Eligible,Control,0,0,0,0.0
C008935,Browsers / No Purchase,Eligible,Treatment,4,0,0,0.0
C008936,Browsers / No Purchase,Eligible,Control,0,0,1,93.22
C008937,Lapsing Customers,Eligible,Treatment,5,2,0,0.0
C008938,High-Value Loyalists,Eligible,Treatment,3,0,0,0.0
C008939,Lapsing Customers,Eligible,Treatment,3,1,0,0.0
C008940,Browsers / No Purchase,Eligible,Treatment,5,0,0,0.0
C008941,High-Value Loyalists,Eligible,Control,0,0,0,0.0
C008942,High-Value Loyalists,Eligible,Treatment,6,0,0,0.0
C008943,High-Value Loyalists,Eligible,Treatment,3,1,0,0.0
C008944,Browsers / No Purchase,Eligible,Treatment,5,1,0,0.0
C008945,Browsers / No Purchase,Eligible,Treatment,3,0,0,0.0
C008946,New Customers,Eligible,Treatment,3,0,0,0.0
C008947,High-Value Loyalists,Eligible,Control,0,0,0,0.0
C008948,Browsers / No Purchase,Eligible,Treatment,3,0,0,0.0
C008949,Lapsing Customers,Suppressed,Suppressed,0,0,0,0.0
C008950,High-Value Loyalists,Suppressed,Suppressed,0,0,0,0.0
C008951,Lapsing Customers,Eligible,Treatment,4,1,0,0.0
C008952,New Customers,Eligible,Treatment,4,0,0,0.0
C008953,Lapsing Customers,Eligible,Treatment,3,0,0,0.0
C008954,Browsers / No Purchase,Suppressed,Suppressed,0,0,0,0.0
C008955,Lapsing Customers,Eligible,Treatment,2,0,0,0.0
C008956,Lapsing Customers,Eligible,Treatment,1,0,0,0.0
C008957,New Customers,Suppressed,Suppressed,0,0,0,0.0
C008958,New Customers,Eligible,Treatment,3,0,0,0.0
C008959,High-Value Loyalists,Eligible,Treatment,1,0,0,0.0
C008960,New Customers,Eligible,Control,0,0,0,0.0
C008961,Lapsing Customers,Eligible,Treatment,3,0,0,0.0
C008962,Lapsing Customers,Eligible,Treatment,2,1,0,0.0
C008963,Browsers / No Purchase,Eligible,Treatment,3,0,0,0.0
C008964,New Customers,Suppressed,Suppressed,0,0,0,0.0
C008965,Lapsing Customers,Eligible,Treatment,3,0,0,0.0
C008966,High-Value Loyalists,Eligible,Treatment,2,0,0,0.0
C008967,New Customers,Eligible,Treatment,1,0,0,0.0
C008968,Lapsing Customers,Eligible,Treatment,4,0,0,0.0
C008969,Browsers / No Purchase,Eligible,Treatment,5,0,0,0.0
C008970,New Customers,Suppressed,Suppressed,0,0,1,128.22
C008971,Browsers / No Purchase,Eligible,Treatment,1,0,1,120.05
C008972,Lapsing Customers,Eligible,Treatment,2,1,0,0.0
C008973,Browsers / No Purchase,Eligible,Treatment,3,0,0,0.0
C008974,High-Value Loyalists,Eligible,Treatment,5,0,0,0.0
C008975,Lapsing Customers,Eligible,Treatment,4,0,0,0.0
C008976,High-Value Loyalists,Eligible,Treatment,4,0,0,0.0
C008977,High-Value Loyalists,Suppressed,Suppressed,0,0,1,34.74
C008978,Browsers / No Purchase,Eligible,Treatment,6,0,0,0.0
C008979,Browsers / No Purchase,Eligible,Treatment,3,0,0,0.0
C008980,New Customers,Eligible,Treatment,1,0,0,0.0
C008981,New Customers,Eligible,Treatment,3,1,0,0.0
C008982,New Customers,Eligible,Treatment,6,0,0,0.0
C008983,New Customers,Eligible,Treatment,4,0,0,0.0
C008984,Browsers / No Purchase,Eligible,Treatment,5,1,0,0.0
C008985,New Customers,Eligible,Treatment,5,0,0,0.0
C008986,Browsers / No Purchase,Eligible,Treatment,6,0,0,0.0
C008987,Lapsing Customers,Eligible,Control,0,0,0,0.0
C008988,Browsers / No Purchase,Eligible,Treatment,5,1,0,0.0
C008989,High-Value Loyalists,Eligible,Treatment,4,0,0,0.0
C008990,Lapsing Customers,Suppressed,Suppressed,0,0,0,0.0
C008991,Browsers / No Purchase,Eligible,Treatment,1,0,0,0.0
C008992,High-Value Loyalists,Eligible,Treatment,3,0,1,142.0
C008993,High-Value Loyalists,Eligible,Treatment,6,0,0,0.0
C008994,Lapsing Customers,Eligible,Treatment,1,0,0,0.0
C008995,Lapsing Customers,Eligible,Treatment,2,1,0,0.0
C008996,Browsers / No Purchase,Eligible,Treatment,1,0,0,0.0
C008997,Browsers / No Purchase,Eligible,Treatment,3,1,0,0.0
C008998,Lapsing Customers,Eligible,Treatment,6,0,0,0.0
C008999,Browsers / No Purchase,Eligible,Treatment,3,0,0,0.0
C009000,New Customers,Eligible,Control,0,0,1,81.38
C009001,Browsers / No Purchase,Eligible,Treatment,4,0,0,0.0
C009002,Lapsing Customers,Eligible,Treatment,1,0,0,0.0
C009003,New Customers,Eligible,Treatment,2,1,0,0.0
C009004,High-Value Loyalists,Eligible,Treatment,3,0,1,38.64
C009005,High-Value Loyalists,Eligible,Control,0,0,0,0.0
C009006,Browsers / No Purchase,Eligible,Treatment,2,0,0,0.0
C009007,High-Value Loyalists,Eligible,Treatment,4,1,0,0.0
C009008,New Customers,Eligible,Treatment,2,0,0,0.0
C009009,New Customers,Eligible,Treatment,6,0,0,0.0
C009010,High-Value Loyalists,Eligible,Treatment,6,0,0,0.0
C009011,Lapsing Customers,Eligible,Treatment,1,0,0,0.0
C009012,New Customers,Eligible,Treatment,6,0,0,0.0
C009013,Browsers / No Purchase,Eligible,Treatment,4,0,0,0.0
C009014,Lapsing Customers,Eligible,Treatment,3,0,0,0.0
C009015,Browsers / No Purchase,Eligible,Treatment,4,0,0,0.0
C009016,Browsers / No Purchase,Eligible,Treatment,5,1,0,0.0
C009017,New Customers,Eligible,Control,0,0,0,0.0
C009018,Lapsing Customers,Eligible,Treatment,1,0,0,0.0
C009019,Browsers / No Purchase,Eligible,Treatment,1,0,0,0.0
C009020,Browsers / No Purchase,Eligible,Treatment,5,1,0,0.0
C009021,Lapsing Customers,Eligible,Treatment,5,0,0,0.0
C009022,Browsers / No Purchase,Eligible,Treatment,1,0,0,0.0
C009023,Browsers / No Purchase,Eligible,Treatment,5,0,0,0.0
C009024,New Customers,Eligible,Treatment,3,1,0,0.0
C009025,Browsers / No Purchase,Eligible,Treatment,1,0,0,0.0
C009026,New Customers,Eligible,Treatment,4,2,0,0.0
C009027,Browsers / No Purchase,Eligible,Treatment,5,0,0,0.0
C009028,Browsers / No Purchase,Eligible,Treatment,1,0,0,0.0
C009029,High-Value Loyalists,Eligible,Control,0,0,0,0.0
C009030,High-Value Loyalists,Eligible,Control,0,0,0,0.0
C009031,Lapsing Customers,Eligible,Treatment,2,0,0,0.0
C009032,Browsers / No Purchase,Eligible,Treatment,2,0,0,0.0
C009033,Lapsing Customers,Suppressed,Suppressed,0,0,0,0.0
C009034,Browsers / No Purchase,Eligible,Treatment,3,0,0,0.0
C009035,Lapsing Customers,Eligible,Treatment,4,2,0,0.0
C009036,Lapsing Customers,Suppressed,Suppressed,0,0,1,71.35
C009037,Browsers / No Purchase,Eligible,Treatment,4,1,0,0.0
C009038,New Customers,Eligible,Treatment,2,1,0,0.0
C009039,Lapsing Customers,Eligible,Treatment,3,0,0,0.0
C009040,High-Value Loyalists,Eligible,Treatment,2,1,1,30.58
C009041,High-Value Loyalists,Eligible,Treatment,4,0,0,0.0
C009042,High-Value Loyalists,Eligible,Treatment,1,0,1,123.02
C009043,Lapsing Customers,Eligible,Treatment,3,1,1,91.42
C009044,New Customers,Eligible,Treatment,3,0,0,0.0
C009045,Lapsing Customers,Eligible,Treatment,3,0,0,0.0
C009046,High-Value Loyalists,Eligible,Treatment,2,0,0,0.0
C009047,Lapsing Customers,Eligible,Treatment,1,0,0,0.0
C009048,Lapsing Customers,Eligible,Treatment,4,0,0,0.0
C009049,Browsers / No Purchase,Eligible,Treatment,6,2,0,0.0
C009050,Lapsing Customers,Eligible,Treatment,2,0,0,0.0
C009051,High-Value Loyalists,Eligible,Treatment,1,0,0,0.0
C009052,New Customers,Eligible,Treatment,2,0,0,0.0
C009053,Browsers / No Purchase,Eligible,Treatment,2,0,0,0.0
C009054,Browsers / No Purchase,Eligible,Treatment,3,1,0,0.0
C009055,Browsers / No Purchase,Suppressed,Suppressed,0,0,0,0.0
C009056,Browsers / No Purchase,Eligible,Treatment,1,0,0,0.0
C009057,New Customers,Eligible,Control,0,0,0,0.0
C009058,Browsers / No Purchase,Eligible,Treatment,1,1,0,0.0
C009059,High-Value Loyalists,Eligible,Treatment,2,0,0,0.0
C009060,Browsers / No Purchase,Suppressed,Suppressed,0,0,0,0.0
C009061,Browsers / No Purchase,Eligible,Treatment,4,0,0,0.0
C009062,Browsers / No Purchase,Eligible,Treatment,2,0,0,0.0
C009063,Lapsing Customers,Eligible,Treatment,1,0,0,0.0
C009064,Browsers / No Purchase,Eligible,Treatment,4,0,0,0.0
C009065,High-Value Loyalists,Eligible,Treatment,1,0,0,0.0
C009066,New Customers,Eligible,Treatment,2,0,0,0.0
C009067,Lapsing Customers,Suppressed,Suppressed,0,0,1,56.41
C009068,New Customers,Eligible,Treatment,2,0,0,0.0
C009069,New Customers,Eligible,Treatment,3,0,0,0.0
C009070,Lapsing Customers,Eligible,Treatment,1,0,0,0.0
C009071,Lapsing Customers,Eligible,Treatment,3,0,0,0.0
C009072,Lapsing Customers,Suppressed,Suppressed,0,0,0,0.0
C009073,New Customers,Eligible,Treatment,1,0,0,0.0
C009074,New Customers,Eligible,Control,0,0,0,0.0
C009075,Browsers / No Purchase,Suppressed,Suppressed,0,0,1,47.91
C009076,High-Value Loyalists,Eligible,Treatment,4,0,0,0.0
C009077,Browsers / No Purchase,Eligible,Treatment,2,0,0,0.0
C009078,New Customers,Suppressed,Suppressed,0,0,0,0.0
C009079,High-Value Loyalists,Eligible,Treatment,1,0,0,0.0
C009080,Lapsing Customers,Eligible,Treatment,2,0,0,0.0
C009081,Lapsing Customers,Eligible,Treatment,3,0,0,0.0
C009082,Lapsing Customers,Eligible,Treatment,3,0,0,0.0
C009083,High-Value Loyalists,Eligible,Treatment,6,0,0,0.0
C009084,Lapsing Customers,Eligible,Treatment,1,0,1,64.8
C009085,High-Value Loyalists,Eligible,Treatment,3,1,0,0.0
C009086,High-Value Loyalists,Eligible,Treatment,4,0,0,0.0
C009087,Lapsing Customers,Eligible,Treatment,6,0,0,0.0
C009088,Browsers / No Purchase,Eligible,Control,0,0,0,0.0
C009089,New Customers,Eligible,Control,0,0,0,0.0
C009090,Lapsing Customers,Eligible,Treatment,4,0,0,0.0
C009091,New Customers,Eligible,Treatment,6,0,1,65.45
C009092,New Customers,Eligible,Treatment,1,1,0,0.0
C009093,High-Value Loyalists,Eligible,Treatment,5,1,0,0.0
C009094,Lapsing Customers,Eligible,Treatment,2,0,0,0.0
C009095,Lapsing Customers,Eligible,Treatment,4,0,0,0.0
C009096,New Customers,Suppressed,Suppressed,0,0,0,0.0
C009097,Lapsing Customers,Eligible,Treatment,3,0,0,0.0
C009098,Lapsing Customers,Eligible,Treatment,6,0,0,0.0
C009099,New Customers,Eligible,Treatment,6,1,0,0.0
C009100,Browsers / No Purchase,Eligible,Treatment,2,0,0,0.0
C009101,Lapsing Customers,Suppressed,Suppressed,0,0,0,0.0
C009102,New Customers,Eligible,Treatment,1,0,0,0.0
C009103,New Customers,Eligible,Treatment,2,0,0,0.0
C009104,Browsers / No Purchase,Eligible,Treatment,4,1,0,0.0
C009105,Browsers / No Purchase,Eligible,Treatment,2,0,0,0.0
C009106,Browsers / No Purchase,Suppressed,Suppressed,0,0,0,0.0
C009107,Lapsing Customers,Eligible,Treatment,4,1,0,0.0
C009108,Lapsing Customers,Eligible,Treatment,6,0,0,0.0
C009109,Browsers / No Purchase,Eligible,Treatment,5,0,0,0.0
C009110,Lapsing Customers,Eligible,Treatment,4,1,0,0.0
C009111,Browsers / No Purchase,Suppressed,Suppressed,0,0,0,0.0
C009112,Lapsing Customers,Eligible,Treatment,1,0,0,0.0
C009113,New Customers,Eligible,Treatment,5,0,0,0.0
C009114,Lapsing Customers,Eligible,Treatment,5,0,0,0.0
C009115,Lapsing Customers,Eligible,Treatment,6,0,0,0.0
C009116,Browsers / No Purchase,Eligible,Treatment,2,0,0,0.0
C009117,High-Value Loyalists,Eligible,Treatment,4,0,0,0.0
C009118,New Customers,Eligible,Treatment,5,0,1,96.76
C009119,New Customers,Eligible,Treatment,3,1,0,0.0
C009120,Browsers / No Purchase,Eligible,Treatment,3,1,0,0.0
C009121,New Customers,Suppressed,Suppressed,0,0,0,0.0
C009122,Browsers / No Purchase,Eligible,Treatment,6,1,0,0.0
C009123,Browsers / No Purchase,Eligible,Treatment,3,0,0,0.0
C009124,Lapsing Customers,Eligible,Treatment,2,0,0,0.0
C009125,Browsers / No Purchase,Eligible,Treatment,6,1,0,0.0
C009126,Browsers / No Purchase,Eligible,Treatment,4,0,0,0.0
C009127,Lapsing Customers,Eligible,Control,0,0,0,0.0
C009128,New Customers,Eligible,Treatment,5,1,0,0.0
C009129,Lapsing Customers,Eligible,Treatment,3,0,0,0.0
C009130,New Customers,Suppressed,Suppressed,0,0,0,0.0
C009131,High-Value Loyalists,Eligible,Treatment,4,0,0,0.0
C009132,Browsers / No Purchase,Eligible,Treatment,3,0,0,0.0
C009133,Lapsing Customers,Eligible,Treatment,6,0,0,0.0
C009134,New Customers,Eligible,Treatment,5,2,0,0.0
C009135,High-Value Loyalists,Eligible,Treatment,6,0,0,0.0
C009136,New Customers,Eligible,Treatment,4,0,0,0.0
C009137,New Customers,Eligible,Treatment,3,1,0,0.0
C009138,New Customers,Eligible,Treatment,1,0,0,0.0
C009139,Lapsing Customers,Suppressed,Suppressed,0,0,0,0.0
C009140,High-Value Loyalists,Eligible,Treatment,1,0,0,0.0
C009141,Lapsing Customers,Eligible,Treatment,6,2,0,0.0
C009142,Browsers / No Purchase,Eligible,Treatment,2,1,0,0.0
C009143,Lapsing Customers,Eligible,Treatment,4,0,0,0.0
C009144,New Customers,Eligible,Treatment,2,0,0,0.0
C009145,High-Value Loyalists,Eligible,Treatment,3,0,0,0.0
C009146,Browsers / No Purchase,Suppressed,Suppressed,0,0,0,0.0
C009147,Lapsing Customers,Suppressed,Suppressed,0,0,0,0.0
C009148,Lapsing Customers,Eligible,Treatment,1,0,0,0.0
C009149,Lapsing Customers,Eligible,Treatment,6,0,0,0.0
C009150,High-Value Loyalists,Suppressed,Suppressed,0,0,1,73.69
C009151,Lapsing Customers,Eligible,Treatment,5,0,0,0.0
C009152,Lapsing Customers,Eligible,Treatment,2,0,0,0.0
C009153,New Customers,Eligible,Treatment,6,0,0,0.0
C009154,Browsers / No Purchase,Eligible,Treatment,6,2,0,0.0
C009155,Lapsing Customers,Eligible,Treatment,1,0,0,0.0
C009156,Browsers / No Purchase,Eligible,Treatment,3,0,0,0.0
C009157,Lapsing Customers,Eligible,Treatment,3,0,0,0.0
C009158,High-Value Loyalists,Eligible,Treatment,5,0,0,0.0
C009159,Lapsing Customers,Eligible,Treatment,6,1,0,0.0
C009160,Lapsing Customers,Eligible,Treatment,5,0,0,0.0
C009161,Lapsing Customers,Eligible,Treatment,2,0,0,0.0
C009162,Browsers / No Purchase,Eligible,Treatment,5,0,0,0.0
C009163,New Customers,Eligible,Treatment,6,1,0,0.0
C009164,New Customers,Suppressed,Suppressed,0,0,0,0.0
C009165,New Customers,Eligible,Treatment,2,0,0,0.0
C009166,Lapsing Customers,Eligible,Treatment,5,0,0,0.0
C009167,New Customers,Eligible,Treatment,3,0,0,0.0
C009168,High-Value Loyalists,Eligible,Treatment,6,0,1,37.95
C009169,High-Value Loyalists,Eligible,Treatment,6,0,0,0.0
C009170,Lapsing Customers,Eligible,Control,0,0,0,0.0
C009171,High-Value Loyalists,Eligible,Treatment,6,0,0,0.0
C009172,New Customers,Eligible,Treatment,6,1,0,0.0
C009173,High-Value Loyalists,Eligible,Treatment,2,0,0,0.0
C009174,High-Value Loyalists,Eligible,Treatment,5,1,0,0.0
C009175,Browsers / No Purchase,Suppressed,Suppressed,0,0,0,0.0
C009176,Browsers / No Purchase,Eligible,Treatment,5,0,0,0.0
C009177,New Customers,Eligible,Treatment,4,0,0,0.0
C009178,New Customers,Eligible,Treatment,4,0,0,0.0
C009179,Browsers / No Purchase,Suppressed,Suppressed,0,0,0,0.0
C009180,High-Value Loyalists,Eligible,Treatment,3,0,0,0.0
C009181,Lapsing Customers,Eligible,Treatment,4,0,0,0.0
C009182,High-Value Loyalists,Suppressed,Suppressed,0,0,0,0.0
C009183,Lapsing Customers,Eligible,Treatment,5,1,0,0.0
C009184,Browsers / No Purchase,Suppressed,Suppressed,0,0,0,0.0
C009185,Browsers / No Purchase,Eligible,Treatment,2,0,0,0.0
C009186,Browsers / No Purchase,Eligible,Treatment,6,1,0,0.0
C009187,Browsers / No Purchase,Eligible,Treatment,4,0,0,0.0
C009188,New Customers,Eligible,Control,0,0,0,0.0
C009189,Browsers / No Purchase,Eligible,Treatment,2,0,0,0.0
C009190,New Customers,Eligible,Treatment,4,0,0,0.0
C009191,Lapsing Customers,Eligible,Treatment,5,0,0,0.0
C009192,Lapsing Customers,Eligible,Treatment,5,0,0,0.0
C009193,New Customers,Eligible,Treatment,4,0,0,0.0
C009194,Lapsing Customers,Eligible,Treatment,2,0,1,75.12
C009195,New Customers,Eligible,Control,0,0,1,38.86
C009196,High-Value Loyalists,Eligible,Treatment,4,0,0,0.0
C009197,New Customers,Eligible,Treatment,2,0,0,0.0
C009198,Lapsing Customers,Eligible,Treatment,3,0,0,0.0
C009199,Lapsing Customers,Eligible,Treatment,3,0,0,0.0
C009200,New Customers,Eligible,Treatment,2,0,0,0.0
C009201,High-Value Loyalists,Suppressed,Suppressed,0,0,0,0.0
C009202,Browsers / No Purchase,Suppressed,Suppressed,0,0,0,0.0
C009203,Lapsing Customers,Eligible,Treatment,3,1,0,0.0
C009204,Lapsing Customers,Eligible,Treatment,2,0,0,0.0
C009205,High-Value Loyalists,Eligible,Treatment,6,1,0,0.0
C009206,Browsers / No Purchase,Eligible,Treatment,3,0,0,0.0
C009207,New Customers,Eligible,Treatment,1,0,0,0.0
C009208,Lapsing Customers,Eligible,Treatment,3,0,1,55.72
C009209,Lapsing Customers,Eligible,Control,0,0,0,0.0
C009210,Browsers / No Purchase,Suppressed,Suppressed,0,0,0,0.0
C009211,Browsers / No Purchase,Eligible,Treatment,2,0,0,0.0
C009212,Lapsing Customers,Eligible,Treatment,6,1,0,0.0
C009213,High-Value Loyalists,Eligible,Treatment,3,0,1,71.82
C009214,High-Value Loyalists,Suppressed,Suppressed,0,0,0,0.0
C009215,High-Value Loyalists,Eligible,Treatment,3,0,0,0.0
C009216,Browsers / No Purchase,Eligible,Treatment,4,0,0,0.0
C009217,Browsers / No Purchase,Eligible,Treatment,4,1,0,0.0
C009218,Browsers / No Purchase,Eligible,Treatment,5,0,0,0.0
C009219,Browsers / No Purchase,Eligible,Treatment,5,0,0,0.0
C009220,High-Value Loyalists,Eligible,Treatment,6,1,1,62.68
C009221,Browsers / No Purchase,Suppressed,Suppressed,0,0,1,137.7
C009222,Lapsing Customers,Eligible,Control,0,0,0,0.0
C009223,Lapsing Customers,Eligible,Treatment,3,0,0,0.0
C009224,New Customers,Eligible,Treatment,1,0,0,0.0
C009225,High-Value Loyalists,Eligible,Treatment,2,0,0,0.0
C009226,Browsers / No Purchase,Suppressed,Suppressed,0,0,0,0.0
C009227,Browsers / No Purchase,Eligible,Control,0,0,0,0.0
C009228,Browsers / No Purchase,Eligible,Treatment,2,1,0,0.0
C009229,Browsers / No Purchase,Suppressed,Suppressed,0,0,0,0.0
C009230,Lapsing Customers,Eligible,Treatment,6,0,0,0.0
C009231,High-Value Loyalists,Eligible,Treatment,3,0,0,0.0
C009232,Browsers / No Purchase,Eligible,Control,0,0,0,0.0
C009233,New Customers,Eligible,Control,0,0,0,0.0
C009234,Browsers / No Purchase,Eligible,Treatment,3,0,0,0.0
C009235,High-Value Loyalists,Eligible,Treatment,6,0,0,0.0
C009236,Lapsing Customers,Eligible,Treatment,3,1,0,0.0
C009237,Lapsing Customers,Eligible,Treatment,3,1,0,0.0
C009238,New Customers,Eligible,Treatment,6,0,0,0.0
C009239,Browsers / No Purchase,Eligible,Control,0,0,0,0.0
C009240,Browsers / No Purchase,Eligible,Treatment,5,2,0,0.0
C009241,Lapsing Customers,Suppressed,Suppressed,0,0,0,0.0
C009242,New Customers,Eligible,Treatment,2,0,0,0.0
C009243,High-Value Loyalists,Eligible,Treatment,2,0,0,0.0
C009244,Lapsing Customers,Eligible,Treatment,3,0,0,0.0
C009245,Lapsing Customers,Eligible,Treatment,4,0,0,0.0
C009246,New Customers,Eligible,Treatment,2,0,0,0.0
C009247,Lapsing Customers,Eligible,Treatment,1,1,0,0.0
C009248,Lapsing Customers,Eligible,Control,0,0,0,0.0
C009249,New Customers,Eligible,Treatment,5,1,1,69.67
C009250,Browsers / No Purchase,Eligible,Control,0,0,0,0.0
C009251,Lapsing Customers,Eligible,Treatment,5,1,1,154.83
C009252,Lapsing Customers,Eligible,Treatment,1,0,0,0.0
C009253,Browsers / No Purchase,Eligible,Treatment,6,1,0,0.0
C009254,Browsers / No Purchase,Eligible,Treatment,2,0,0,0.0
C009255,Browsers / No Purchase,Eligible,Treatment,2,1,0,0.0
C009256,Lapsing Customers,Suppressed,Suppressed,0,0,0,0.0
C009257,New Customers,Suppressed,Suppressed,0,0,0,0.0
C009258,Browsers / No Purchase,Eligible,Treatment,4,0,0,0.0
C009259,Lapsing Customers,Eligible,Treatment,2,0,1,60.31
C009260,Lapsing Customers,Eligible,Treatment,2,0,0,0.0
C009261,Browsers / No Purchase,Eligible,Treatment,3,1,0,0.0
C009262,High-Value Loyalists,Eligible,Treatment,5,1,0,0.0
C009263,Browsers / No Purchase,Suppressed,Suppressed,0,0,0,0.0
C009264,Browsers / No Purchase,Eligible,Treatment,2,0,0,0.0
C009265,High-Value Loyalists,Eligible,Treatment,4,0,0,0.0
C009266,Browsers / No Purchase,Eligible,Treatment,6,0,0,0.0
C009267,Lapsing Customers,Eligible,Treatment,6,0,0,0.0
C009268,Browsers / No Purchase,Eligible,Treatment,5,0,0,0.0
C009269,Browsers / No Purchase,Eligible,Treatment,4,1,0,0.0
C009270,Browsers / No Purchase,Eligible,Treatment,3,0,0,0.0
C009271,High-Value Loyalists,Eligible,Control,0,0,1,112.0
C009272,Browsers / No Purchase,Eligible,Treatment,3,0,0,0.0
C009273,Browsers / No Purchase,Eligible,Treatment,3,0,0,0.0
C009274,New Customers,Eligible,Treatment,2,0,0,0.0
C009275,New Customers,Eligible,Treatment,4,0,0,0.0
C009276,High-Value Loyalists,Eligible,Treatment,1,0,0,0.0
C009277,Browsers / No Purchase,Suppressed,Suppressed,0,0,0,0.0
C009278,High-Value Loyalists,Eligible,Control,0,0,0,0.0
C009279,Lapsing Customers,Eligible,Treatment,2,0,0,0.0
C009280,Browsers / No Purchase,Eligible,Treatment,6,1,0,0.0
C009281,Browsers / No Purchase,Eligible,Treatment,4,0,0,0.0
C009282,Browsers / No Purchase,Eligible,Treatment,3,0,0,0.0
C009283,Lapsing Customers,Eligible,Treatment,3,1,0,0.0
C009284,High-Value Loyalists,Suppressed,Suppressed,0,0,0,0.0
C009285,New Customers,Eligible,Treatment,6,0,0,0.0
C009286,High-Value Loyalists,Eligible,Treatment,6,0,1,62.9
C009287,Browsers / No Purchase,Eligible,Treatment,4,0,0,0.0
C009288,New Customers,Eligible,Treatment,4,0,0,0.0
C009289,Lapsing Customers,Eligible,Treatment,3,0,0,0.0
C009290,High-Value Loyalists,Eligible,Treatment,2,0,0,0.0
C009291,Lapsing Customers,Eligible,Treatment,6,1,0,0.0
C009292,Browsers / No Purchase,Eligible,Treatment,5,1,0,0.0
C009293,Browsers / No Purchase,Suppressed,Suppressed,0,0,0,0.0
C009294,High-Value Loyalists,Suppressed,Suppressed,0,0,1,39.39
C009295,High-Value Loyalists,Eligible,Treatment,4,1,0,0.0
C009296,Lapsing Customers,Eligible,Treatment,6,1,0,0.0
C009297,High-Value Loyalists,Eligible,Treatment,6,0,0,0.0
C009298,Browsers / No Purchase,Eligible,Treatment,2,0,0,0.0
C009299,New Customers,Eligible,Treatment,5,1,1,59.37
C009300,High-Value Loyalists,Eligible,Treatment,3,2,0,0.0
C009301,Browsers / No Purchase,Suppressed,Suppressed,0,0,0,0.0
C009302,Lapsing Customers,Eligible,Treatment,1,0,0,0.0
C009303,Lapsing Customers,Eligible,Treatment,1,0,0,0.0
C009304,New Customers,Eligible,Control,0,0,0,0.0
C009305,High-Value Loyalists,Eligible,Treatment,5,0,0,0.0
C009306,Lapsing Customers,Eligible,Treatment,4,0,0,0.0
C009307,Browsers / No Purchase,Eligible,Treatment,3,1,0,0.0
C009308,Browsers / No Purchase,Eligible,Treatment,3,1,0,0.0
C009309,Lapsing Customers,Eligible,Control,0,0,0,0.0
C009310,New Customers,Eligible,Control,0,0,0,0.0
C009311,Lapsing Customers,Eligible,Treatment,3,0,1,71.64
C009312,New Customers,Eligible,Treatment,3,0,0,0.0
C009313,Lapsing Customers,Eligible,Treatment,5,1,0,0.0
C009314,New Customers,Suppressed,Suppressed,0,0,0,0.0
C009315,High-Value Loyalists,Eligible,Treatment,2,0,0,0.0
C009316,Browsers / No Purchase,Eligible,Treatment,4,0,0,0.0
C009317,Browsers / No Purchase,Eligible,Control,0,0,0,0.0
C009318,Lapsing Customers,Eligible,Treatment,6,0,0,0.0
C009319,Browsers / No Purchase,Eligible,Treatment,4,0,0,0.0
C009320,High-Value Loyalists,Eligible,Treatment,6,0,0,0.0
C009321,Browsers / No Purchase,Eligible,Control,0,0,0,0.0
C009322,Lapsing Customers,Eligible,Treatment,2,0,0,0.0
C009323,High-Value Loyalists,Eligible,Treatment,6,2,0,0.0
C009324,New Customers,Eligible,Treatment,3,0,0,0.0
C009325,Lapsing Customers,Eligible,Treatment,5,1,0,0.0
C009326,New Customers,Eligible,Treatment,1,0,0,0.0
C009327,New Customers,Eligible,Treatment,2,1,1,127.67
C009328,High-Value Loyalists,Eligible,Control,0,0,0,0.0
C009329,High-Value Loyalists,Eligible,Treatment,2,0,0,0.0
C009330,New Customers,Eligible,Treatment,2,0,0,0.0
C009331,New Customers,Eligible,Treatment,3,0,0,0.0
C009332,High-Value Loyalists,Suppressed,Suppressed,0,0,0,0.0
C009333,Lapsing Customers,Eligible,Treatment,1,0,0,0.0
C009334,New Customers,Eligible,Treatment,5,0,0,0.0
C009335,New Customers,Eligible,Treatment,6,0,0,0.0
C009336,Browsers / No Purchase,Eligible,Treatment,6,0,0,0.0
C009337,Lapsing Customers,Eligible,Control,0,0,0,0.0
C009338,New Customers,Eligible,Control,0,0,0,0.0
C009339,New Customers,Eligible,Treatment,2,0,0,0.0
C009340,Lapsing Customers,Eligible,Control,0,0,1,101.69
C009341,High-Value Loyalists,Eligible,Treatment,5,0,0,0.0
C009342,High-Value Loyalists,Eligible,Treatment,5,0,0,0.0
C009343,Browsers / No Purchase,Eligible,Treatment,5,0,0,0.0
C009344,Lapsing Customers,Eligible,Treatment,1,0,0,0.0
C009345,New Customers,Eligible,Treatment,6,0,0,0.0
C009346,New Customers,Eligible,Treatment,2,0,0,0.0
C009347,Lapsing Customers,Eligible,Treatment,5,0,0,0.0
C009348,Browsers / No Purchase,Eligible,Treatment,5,1,0,0.0
C009349,New Customers,Eligible,Treatment,3,0,0,0.0
C009350,High-Value Loyalists,Eligible,Treatment,2,0,1,225.07
C009351,Browsers / No Purchase,Suppressed,Suppressed,0,0,0,0.0
C009352,New Customers,Eligible,Treatment,2,0,0,0.0
C009353,Lapsing Customers,Eligible,Treatment,4,0,0,0.0
C009354,Browsers / No Purchase,Eligible,Treatment,6,1,0,0.0
C009355,New Customers,Suppressed,Suppressed,0,0,0,0.0
C009356,Lapsing Customers,Suppressed,Suppressed,0,0,0,0.0
C009357,Browsers / No Purchase,Eligible,Control,0,0,0,0.0
C009358,New Customers,Eligible,Control,0,0,0,0.0
C009359,New Customers,Suppressed,Suppressed,0,0,0,0.0
C009360,High-Value Loyalists,Suppressed,Suppressed,0,0,0,0.0
C009361,Lapsing Customers,Eligible,Treatment,4,0,0,0.0
C009362,Lapsing Customers,Eligible,Treatment,4,0,0,0.0
C009363,New Customers,Eligible,Treatment,3,0,0,0.0
C009364,New Customers,Eligible,Treatment,4,1,0,0.0
C009365,Browsers / No Purchase,Eligible,Treatment,1,0,0,0.0
C009366,Lapsing Customers,Eligible,Treatment,6,0,1,125.05
C009367,Browsers / No Purchase,Eligible,Treatment,2,1,0,0.0
C009368,Browsers / No Purchase,Eligible,Control,0,0,0,0.0
C009369,Browsers / No Purchase,Eligible,Treatment,1,0,1,96.12
C009370,Browsers / No Purchase,Eligible,Treatment,6,0,0,0.0
C009371,Browsers / No Purchase,Eligible,Treatment,3,0,0,0.0
C009372,High-Value Loyalists,Eligible,Treatment,4,0,0,0.0
C009373,New Customers,Eligible,Control,0,0,0,0.0
C009374,Browsers / No Purchase,Eligible,Treatment,3,2,0,0.0
C009375,New Customers,Eligible,Treatment,5,0,0,0.0
C009376,Lapsing Customers,Eligible,Treatment,5,1,0,0.0
C009377,Browsers / No Purchase,Eligible,Treatment,1,0,0,0.0
C009378,High-Value Loyalists,Eligible,Treatment,2,0,1,42.46
C009379,Lapsing Customers,Eligible,Treatment,3,0,0,0.0
C009380,High-Value Loyalists,Eligible,Treatment,4,0,0,0.0
C009381,Lapsing Customers,Eligible,Treatment,4,0,0,0.0
C009382,Lapsing Customers,Eligible,Treatment,3,1,0,0.0
C009383,New Customers,Eligible,Treatment,2,0,0,0.0
C009384,Browsers / No Purchase,Eligible,Treatment,1,0,0,0.0
C009385,Lapsing Customers,Eligible,Treatment,1,0,0,0.0
C009386,New Customers,Eligible,Treatment,2,0,0,0.0
C009387,Browsers / No Purchase,Eligible,Treatment,5,0,0,0.0
C009388,Browsers / No Purchase,Eligible,Control,0,0,1,136.16
C009389,Lapsing Customers,Eligible,Treatment,3,0,0,0.0
C009390,High-Value Loyalists,Eligible,Control,0,0,0,0.0
C009391,New Customers,Eligible,Treatment,6,0,0,0.0
C009392,Browsers / No Purchase,Eligible,Treatment,4,0,0,0.0
C009393,New Customers,Eligible,Treatment,4,0,0,0.0
C009394,Lapsing Customers,Eligible,Treatment,3,1,0,0.0
C009395,Browsers / No Purchase,Eligible,Treatment,5,1,0,0.0
C009396,New Customers,Eligible,Treatment,6,0,0,0.0
C009397,New Customers,Suppressed,Suppressed,0,0,0,0.0
C009398,Browsers / No Purchase,Eligible,Treatment,2,0,0,0.0
C009399,Browsers / No Purchase,Eligible,Treatment,4,0,0,0.0
C009400,New Customers,Suppressed,Suppressed,0,0,0,0.0
C009401,New Customers,Eligible,Treatment,2,0,0,0.0
C009402,New Customers,Eligible,Treatment,2,0,0,0.0
C009403,New Customers,Eligible,Treatment,1,0,0,0.0
C009404,Lapsing Customers,Eligible,Treatment,1,0,0,0.0
C009405,Browsers / No Purchase,Suppressed,Suppressed,0,0,0,0.0
C009406,New Customers,Suppressed,Suppressed,0,0,0,0.0
C009407,New Customers,Eligible,Treatment,1,0,0,0.0
C009408,High-Value Loyalists,Eligible,Treatment,2,0,0,0.0
C009409,Browsers / No Purchase,Eligible,Treatment,3,0,0,0.0
C009410,New Customers,Eligible,Control,0,0,0,0.0
C009411,Lapsing Customers,Eligible,Treatment,6,0,1,72.29
C009412,Lapsing Customers,Eligible,Treatment,2,0,0,0.0
C009413,Lapsing Customers,Eligible,Treatment,2,0,0,0.0
C009414,Browsers / No Purchase,Eligible,Treatment,2,0,0,0.0
C009415,Browsers / No Purchase,Eligible,Control,0,0,0,0.0
C009416,New Customers,Eligible,Treatment,4,0,0,0.0
C009417,Lapsing Customers,Eligible,Treatment,3,0,0,0.0
C009418,Browsers / No Purchase,Eligible,Treatment,1,0,0,0.0
C009419,New Customers,Eligible,Treatment,4,0,0,0.0
C009420,Browsers / No Purchase,Eligible,Treatment,4,0,0,0.0
C009421,High-Value Loyalists,Eligible,Treatment,6,0,0,0.0
C009422,High-Value Loyalists,Eligible,Treatment,5,1,0,0.0
C009423,New Customers,Eligible,Treatment,6,0,0,0.0
C009424,Lapsing Customers,Eligible,Control,0,0,0,0.0
C009425,New Customers,Eligible,Treatment,5,1,1,199.42
C009426,Browsers / No Purchase,Eligible,Treatment,4,0,0,0.0
C009427,High-Value Loyalists,Suppressed,Suppressed,0,0,0,0.0
C009428,Lapsing Customers,Eligible,Treatment,3,1,0,0.0
C009429,New Customers,Eligible,Treatment,2,0,1,55.32
C009430,Browsers / No Purchase,Suppressed,Suppressed,0,0,0,0.0
C009431,New Customers,Eligible,Treatment,3,0,0,0.0
C009432,Lapsing Customers,Eligible,Treatment,2,0,0,0.0
C009433,New Customers,Suppressed,Suppressed,0,0,0,0.0
C009434,Lapsing Customers,Eligible,Treatment,1,0,0,0.0
C009435,Browsers / No Purchase,Eligible,Treatment,1,0,0,0.0
C009436,New Customers,Eligible,Treatment,4,1,1,86.09
C009437,Lapsing Customers,Eligible,Control,0,0,0,0.0
C009438,Browsers / No Purchase,Eligible,Treatment,6,0,1,66.88
C009439,New Customers,Eligible,Treatment,2,0,0,0.0
C009440,High-Value Loyalists,Eligible,Control,0,0,1,16.51
C009441,New Customers,Suppressed,Suppressed,0,0,0,0.0
C009442,Browsers / No Purchase,Eligible,Control,0,0,0,0.0
C009443,Browsers / No Purchase,Suppressed,Suppressed,0,0,0,0.0
C009444,Lapsing Customers,Eligible,Treatment,2,0,0,0.0
C009445,Browsers / No Purchase,Eligible,Treatment,1,0,0,0.0
C009446,Lapsing Customers,Eligible,Treatment,1,1,0,0.0
C009447,New Customers,Eligible,Treatment,5,0,0,0.0
C009448,New Customers,Eligible,Treatment,6,0,0,0.0
C009449,Lapsing Customers,Eligible,Treatment,3,0,0,0.0
C009450,Lapsing Customers,Eligible,Treatment,2,0,0,0.0
C009451,Browsers / No Purchase,Eligible,Treatment,3,0,0,0.0
C009452,Lapsing Customers,Suppressed,Suppressed,0,0,0,0.0
C009453,Browsers / No Purchase,Eligible,Treatment,2,0,0,0.0
C009454,New Customers,Eligible,Treatment,6,2,0,0.0
C009455,New Customers,Eligible,Treatment,2,0,0,0.0
C009456,High-Value Loyalists,Eligible,Treatment,3,1,1,106.49
C009457,Lapsing Customers,Eligible,Treatment,2,0,0,0.0
C009458,High-Value Loyalists,Eligible,Treatment,3,0,0,0.0
C009459,New Customers,Eligible,Treatment,5,1,0,0.0
C009460,Browsers / No Purchase,Suppressed,Suppressed,0,0,0,0.0
C009461,Browsers / No Purchase,Suppressed,Suppressed,0,0,0,0.0
C009462,High-Value Loyalists,Eligible,Treatment,4,0,0,0.0
C009463,Lapsing Customers,Eligible,Treatment,5,1,0,0.0
C009464,High-Value Loyalists,Eligible,Treatment,2,0,0,0.0
C009465,Browsers / No Purchase,Suppressed,Suppressed,0,0,0,0.0
C009466,Lapsing Customers,Eligible,Treatment,3,0,0,0.0
C009467,Lapsing Customers,Eligible,Treatment,5,1,0,0.0
C009468,New Customers,Eligible,Treatment,2,0,0,0.0
C009469,New Customers,Eligible,Treatment,1,0,1,64.02
C009470,Lapsing Customers,Suppressed,Suppressed,0,0,0,0.0
C009471,New Customers,Eligible,Treatment,1,0,0,0.0
C009472,High-Value Loyalists,Eligible,Treatment,1,0,1,99.33
C009473,High-Value Loyalists,Eligible,Treatment,2,0,0,0.0
C009474,High-Value Loyalists,Eligible,Treatment,4,0,0,0.0
C009475,Lapsing Customers,Eligible,Treatment,1,0,0,0.0
C009476,Browsers / No Purchase,Eligible,Treatment,1,0,0,0.0
C009477,New Customers,Eligible,Treatment,3,0,0,0.0
C009478,Browsers / No Purchase,Eligible,Treatment,5,0,0,0.0
C009479,Lapsing Customers,Eligible,Treatment,2,0,0,0.0
C009480,Browsers / No Purchase,Suppressed,Suppressed,0,0,0,0.0
C009481,Browsers / No Purchase,Eligible,Treatment,6,0,0,0.0
C009482,Lapsing Customers,Eligible,Control,0,0,0,0.0
C009483,Browsers / No Purchase,Eligible,Treatment,3,0,0,0.0
C009484,New Customers,Eligible,Control,0,0,0,0.0
C009485,Browsers / No Purchase,Eligible,Treatment,4,0,0,0.0
C009486,Lapsing Customers,Eligible,Treatment,4,0,0,0.0
C009487,New Customers,Eligible,Treatment,2,1,0,0.0
C009488,New Customers,Eligible,Treatment,2,0,0,0.0
C009489,Browsers / No Purchase,Eligible,Treatment,2,1,0,0.0
C009490,Browsers / No Purchase,Eligible,Treatment,4,0,0,0.0
C009491,Lapsing Customers,Eligible,Treatment,3,0,0,0.0
C009492,Browsers / No Purchase,Eligible,Treatment,3,0,0,0.0
C009493,Browsers / No Purchase,Eligible,Treatment,5,1,0,0.0
C009494,New Customers,Eligible,Treatment,4,1,0,0.0
C009495,High-Value Loyalists,Eligible,Treatment,5,0,0,0.0
C009496,High-Value Loyalists,Eligible,Treatment,1,1,0,0.0
C009497,High-Value Loyalists,Eligible,Treatment,5,0,0,0.0
C009498,High-Value Loyalists,Eligible,Treatment,6,1,0,0.0
C009499,Browsers / No Purchase,Eligible,Treatment,3,1,0,0.0
C009500,Lapsing Customers,Eligible,Treatment,3,0,0,0.0
C009501,New Customers,Eligible,Treatment,2,1,0,0.0
C009502,New Customers,Eligible,Treatment,5,1,0,0.0
C009503,New Customers,Eligible,Treatment,4,0,0,0.0
C009504,Lapsing Customers,Eligible,Treatment,2,0,0,0.0
C009505,New Customers,Eligible,Treatment,1,0,0,0.0
C009506,New Customers,Suppressed,Suppressed,0,0,0,0.0
C009507,New Customers,Eligible,Treatment,4,1,0,0.0
C009508,High-Value Loyalists,Eligible,Treatment,6,2,1,85.74
C009509,Browsers / No Purchase,Eligible,Treatment,2,0,0,0.0
C009510,High-Value Loyalists,Eligible,Treatment,6,1,0,0.0
C009511,New Customers,Eligible,Treatment,3,1,0,0.0
C009512,Lapsing Customers,Eligible,Treatment,5,0,1,42.01
C009513,Lapsing Customers,Eligible,Treatment,3,0,0,0.0
C009514,Browsers / No Purchase,Eligible,Treatment,3,0,0,0.0
C009515,High-Value Loyalists,Eligible,Treatment,4,0,0,0.0
C009516,Browsers / No Purchase,Eligible,Treatment,2,0,0,0.0
C009517,Browsers / No Purchase,Eligible,Treatment,6,0,0,0.0
C009518,Lapsing Customers,Eligible,Treatment,2,0,0,0.0
C009519,Lapsing Customers,Eligible,Treatment,4,2,0,0.0
C009520,High-Value Loyalists,Eligible,Treatment,5,0,0,0.0
C009521,Browsers / No Purchase,Eligible,Treatment,3,0,0,0.0
C009522,New Customers,Eligible,Treatment,2,0,0,0.0
C009523,High-Value Loyalists,Eligible,Treatment,4,1,1,150.97
C009524,New Customers,Eligible,Treatment,2,0,0,0.0
C009525,High-Value Loyalists,Eligible,Treatment,3,0,1,146.2
C009526,New Customers,Eligible,Treatment,2,0,1,53.13
C009527,New Customers,Eligible,Treatment,4,1,0,0.0
C009528,High-Value Loyalists,Eligible,Treatment,2,0,0,0.0
C009529,Browsers / No Purchase,Eligible,Control,0,0,0,0.0
C009530,Lapsing Customers,Eligible,Treatment,4,0,0,0.0
C009531,New Customers,Eligible,Treatment,1,0,0,0.0
C009532,New Customers,Eligible,Treatment,5,0,0,0.0
C009533,Browsers / No Purchase,Eligible,Treatment,5,0,0,0.0
C009534,New Customers,Eligible,Treatment,3,0,0,0.0
C009535,Browsers / No Purchase,Eligible,Treatment,4,1,0,0.0
C009536,Lapsing Customers,Eligible,Treatment,3,0,0,0.0
C009537,Browsers / No Purchase,Eligible,Treatment,4,0,0,0.0
C009538,Lapsing Customers,Eligible,Treatment,5,0,1,100.67
C009539,Browsers / No Purchase,Suppressed,Suppressed,0,0,0,0.0
C009540,High-Value Loyalists,Suppressed,Suppressed,0,0,0,0.0
C009541,Browsers / No Purchase,Eligible,Control,0,0,0,0.0
C009542,Browsers / No Purchase,Eligible,Treatment,4,1,0,0.0
C009543,Lapsing Customers,Suppressed,Suppressed,0,0,1,96.44
C009544,New Customers,Suppressed,Suppressed,0,0,0,0.0
C009545,New Customers,Eligible,Treatment,4,0,0,0.0
C009546,Lapsing Customers,Suppressed,Suppressed,0,0,0,0.0
C009547,New Customers,Eligible,Treatment,1,0,0,0.0
C009548,New Customers,Eligible,Treatment,6,1,0,0.0
C009549,New Customers,Eligible,Treatment,3,0,0,0.0
C009550,High-Value Loyalists,Eligible,Control,0,0,0,0.0
C009551,Browsers / No Purchase,Suppressed,Suppressed,0,0,0,0.0
C009552,High-Value Loyalists,Eligible,Treatment,5,1,0,0.0
C009553,New Customers,Eligible,Treatment,2,0,0,0.0
C009554,High-Value Loyalists,Eligible,Treatment,3,1,0,0.0
C009555,High-Value Loyalists,Eligible,Treatment,6,2,0,0.0
C009556,High-Value Loyalists,Eligible,Treatment,5,0,1,59.01
C009557,Lapsing Customers,Eligible,Treatment,5,0,1,41.97
C009558,New Customers,Eligible,Treatment,3,0,0,0.0
C009559,New Customers,Eligible,Treatment,1,0,0,0.0
C009560,New Customers,Eligible,Treatment,2,0,0,0.0
C009561,New Customers,Eligible,Treatment,6,0,0,0.0
C009562,High-Value Loyalists,Eligible,Treatment,4,0,0,0.0
C009563,High-Value Loyalists,Suppressed,Suppressed,0,0,0,0.0
C009564,New Customers,Eligible,Treatment,6,1,0,0.0
C009565,New Customers,Eligible,Treatment,2,0,0,0.0
C009566,New Customers,Eligible,Treatment,1,0,0,0.0
C009567,Lapsing Customers,Eligible,Treatment,2,0,0,0.0
C009568,Browsers / No Purchase,Eligible,Treatment,6,1,0,0.0
C009569,High-Value Loyalists,Eligible,Treatment,6,0,1,54.73
C009570,New Customers,Eligible,Treatment,4,0,0,0.0
C009571,High-Value Loyalists,Eligible,Treatment,1,0,0,0.0
C009572,New Customers,Eligible,Treatment,5,0,0,0.0
C009573,Lapsing Customers,Eligible,Treatment,6,1,0,0.0
C009574,Browsers / No Purchase,Eligible,Treatment,5,0,0,0.0
C009575,High-Value Loyalists,Eligible,Treatment,5,0,0,0.0
C009576,New Customers,Eligible,Control,0,0,0,0.0
C009577,High-Value Loyalists,Eligible,Treatment,6,0,0,0.0
C009578,New Customers,Eligible,Treatment,3,1,0,0.0
C009579,High-Value Loyalists,Eligible,Treatment,5,0,0,0.0
C009580,High-Value Loyalists,Suppressed,Suppressed,0,0,1,55.98
C009581,Browsers / No Purchase,Eligible,Treatment,3,0,0,0.0
C009582,High-Value Loyalists,Eligible,Treatment,5,0,0,0.0
C009583,Lapsing Customers,Eligible,Treatment,2,0,0,0.0
C009584,Browsers / No Purchase,Eligible,Treatment,2,0,0,0.0
C009585,Browsers / No Purchase,Suppressed,Suppressed,0,0,0,0.0
C009586,Browsers / No Purchase,Eligible,Treatment,6,0,0,0.0
C009587,Lapsing Customers,Eligible,Treatment,1,0,1,94.45
C009588,New Customers,Suppressed,Suppressed,0,0,0,0.0
C009589,Browsers / No Purchase,Eligible,Treatment,1,0,0,0.0
C009590,High-Value Loyalists,Eligible,Treatment,4,1,0,0.0
C009591,Browsers / No Purchase,Eligible,Treatment,1,0,0,0.0
C009592,High-Value Loyalists,Eligible,Treatment,4,0,0,0.0
C009593,Browsers / No Purchase,Suppressed,Suppressed,0,0,0,0.0
C009594,New Customers,Eligible,Treatment,4,0,0,0.0
C009595,New Customers,Eligible,Treatment,6,0,0,0.0
C009596,New Customers,Eligible,Treatment,1,0,0,0.0
C009597,High-Value Loyalists,Eligible,Treatment,4,2,1,67.55
C009598,Lapsing Customers,Eligible,Treatment,3,0,0,0.0
C009599,Browsers / No Purchase,Eligible,Treatment,1,0,0,0.0
C009600,New Customers,Eligible,Treatment,2,0,0,0.0
C009601,New Customers,Eligible,Treatment,4,1,1,90.16
C009602,High-Value Loyalists,Eligible,Control,0,0,0,0.0
C009603,New Customers,Eligible,Treatment,5,0,0,0.0
C009604,Lapsing Customers,Eligible,Treatment,3,1,0,0.0
C009605,High-Value Loyalists,Eligible,Treatment,1,0,0,0.0
C009606,Browsers / No Purchase,Eligible,Treatment,5,1,0,0.0
C009607,New Customers,Eligible,Treatment,2,0,0,0.0
C009608,New Customers,Eligible,Treatment,1,1,0,0.0
C009609,Browsers / No Purchase,Eligible,Control,0,0,0,0.0
C009610,Lapsing Customers,Eligible,Treatment,3,0,0,0.0
C009611,Browsers / No Purchase,Suppressed,Suppressed,0,0,0,0.0
C009612,New Customers,Eligible,Treatment,6,0,0,0.0
C009613,New Customers,Eligible,Treatment,4,0,0,0.0
C009614,Lapsing Customers,Eligible,Control,0,0,0,0.0
C009615,High-Value Loyalists,Eligible,Treatment,1,0,0,0.0
C009616,Lapsing Customers,Eligible,Treatment,2,0,1,59.29
C009617,High-Value Loyalists,Suppressed,Suppressed,0,0,0,0.0
C009618,High-Value Loyalists,Eligible,Treatment,5,1,0,0.0
C009619,New Customers,Eligible,Treatment,6,0,0,0.0
C009620,Browsers / No Purchase,Eligible,Treatment,3,0,0,0.0
C009621,High-Value Loyalists,Eligible,Treatment,6,1,0,0.0
C009622,Browsers / No Purchase,Eligible,Treatment,4,1,0,0.0
C009623,Browsers / No Purchase,Suppressed,Suppressed,0,0,0,0.0
C009624,Browsers / No Purchase,Eligible,Treatment,4,0,0,0.0
C009625,Browsers / No Purchase,Eligible,Treatment,6,1,0,0.0
C009626,Browsers / No Purchase,Eligible,Treatment,1,0,0,0.0
C009627,Lapsing Customers,Eligible,Treatment,4,0,0,0.0
C009628,Lapsing Customers,Eligible,Treatment,4,0,0,0.0
C009629,Browsers / No Purchase,Eligible,Treatment,4,1,0,0.0
C009630,New Customers,Suppressed,Suppressed,0,0,0,0.0
C009631,Browsers / No Purchase,Suppressed,Suppressed,0,0,0,0.0
C009632,Browsers / No Purchase,Eligible,Treatment,4,1,0,0.0
C009633,Lapsing Customers,Eligible,Treatment,4,1,0,0.0
C009634,Lapsing Customers,Eligible,Treatment,5,2,0,0.0
C009635,New Customers,Eligible,Control,0,0,0,0.0
C009636,High-Value Loyalists,Eligible,Treatment,2,0,0,0.0
C009637,New Customers,Eligible,Treatment,6,1,0,0.0
C009638,Browsers / No Purchase,Eligible,Treatment,2,0,0,0.0
C009639,New Customers,Eligible,Treatment,5,1,0,0.0
C009640,Lapsing Customers,Eligible,Treatment,2,0,0,0.0
C009641,Browsers / No Purchase,Eligible,Treatment,5,1,0,0.0
C009642,High-Value Loyalists,Eligible,Treatment,2,0,0,0.0
C009643,Browsers / No Purchase,Eligible,Treatment,6,0,0,0.0
C009644,High-Value Loyalists,Eligible,Treatment,3,1,1,57.15
C009645,Browsers / No Purchase,Suppressed,Suppressed,0,0,0,0.0
C009646,New Customers,Eligible,Treatment,2,0,1,195.87
C009647,Lapsing Customers,Eligible,Treatment,2,0,0,0.0
C009648,New Customers,Suppressed,Suppressed,0,0,0,0.0
C009649,Lapsing Customers,Eligible,Treatment,6,0,1,112.94
C009650,Lapsing Customers,Eligible,Treatment,1,0,0,0.0
C009651,Browsers / No Purchase,Eligible,Treatment,4,0,0,0.0
C009652,Browsers / No Purchase,Eligible,Control,0,0,1,50.93
C009653,High-Value Loyalists,Eligible,Treatment,4,0,0,0.0
C009654,New Customers,Eligible,Treatment,3,0,0,0.0
C009655,Browsers / No Purchase,Eligible,Treatment,5,0,0,0.0
C009656,Browsers / No Purchase,Eligible,Treatment,4,0,0,0.0
C009657,Lapsing Customers,Eligible,Treatment,2,0,0,0.0
C009658,High-Value Loyalists,Eligible,Treatment,2,0,0,0.0
C009659,Browsers / No Purchase,Eligible,Treatment,1,0,0,0.0
C009660,Lapsing Customers,Eligible,Treatment,6,1,0,0.0
C009661,Lapsing Customers,Eligible,Treatment,2,0,1,52.53
C009662,Browsers / No Purchase,Eligible,Treatment,1,0,0,0.0
C009663,Lapsing Customers,Eligible,Treatment,6,0,0,0.0
C009664,Browsers / No Purchase,Eligible,Treatment,2,0,0,0.0
C009665,High-Value Loyalists,Eligible,Treatment,4,0,0,0.0
C009666,Browsers / No Purchase,Eligible,Treatment,6,1,0,0.0
C009667,Browsers / No Purchase,Eligible,Treatment,1,0,0,0.0
C009668,Browsers / No Purchase,Eligible,Treatment,3,1,0,0.0
C009669,Browsers / No Purchase,Eligible,Treatment,2,0,0,0.0
C009670,Browsers / No Purchase,Eligible,Treatment,2,0,0,0.0
C009671,Lapsing Customers,Eligible,Treatment,6,2,0,0.0
C009672,Browsers / No Purchase,Eligible,Treatment,2,0,0,0.0
C009673,Browsers / No Purchase,Eligible,Treatment,2,0,0,0.0
C009674,New Customers,Eligible,Control,0,0,0,0.0
C009675,Lapsing Customers,Eligible,Treatment,5,0,0,0.0
C009676,High-Value Loyalists,Eligible,Treatment,3,1,0,0.0
C009677,New Customers,Eligible,Control,0,0,0,0.0
C009678,Browsers / No Purchase,Suppressed,Suppressed,0,0,0,0.0
C009679,Lapsing Customers,Suppressed,Suppressed,0,0,0,0.0
C009680,Lapsing Customers,Eligible,Treatment,2,0,0,0.0
C009681,New Customers,Eligible,Treatment,5,1,0,0.0
C009682,High-Value Loyalists,Eligible,Treatment,1,0,0,0.0
C009683,Browsers / No Purchase,Eligible,Treatment,3,2,0,0.0
C009684,Lapsing Customers,Eligible,Treatment,4,0,0,0.0
C009685,High-Value Loyalists,Suppressed,Suppressed,0,0,0,0.0
C009686,High-Value Loyalists,Eligible,Treatment,5,0,0,0.0
C009687,Browsers / No Purchase,Eligible,Treatment,6,2,0,0.0
C009688,Browsers / No Purchase,Eligible,Treatment,5,1,0,0.0
C009689,High-Value Loyalists,Eligible,Treatment,5,0,0,0.0
C009690,High-Value Loyalists,Eligible,Treatment,1,0,0,0.0
C009691,Lapsing Customers,Eligible,Treatment,3,0,0,0.0
C009692,High-Value Loyalists,Eligible,Treatment,4,1,1,55.96
C009693,Browsers / No Purchase,Eligible,Treatment,3,1,0,0.0
C009694,High-Value Loyalists,Eligible,Treatment,6,1,1,84.61
C009695,New Customers,Eligible,Treatment,5,1,0,0.0
C009696,Lapsing Customers,Eligible,Treatment,6,0,0,0.0
C009697,Lapsing Customers,Eligible,Treatment,5,0,0,0.0
C009698,Lapsing Customers,Eligible,Treatment,6,3,0,0.0
C009699,High-Value Loyalists,Eligible,Treatment,5,0,0,0.0
C009700,Lapsing Customers,Eligible,Treatment,1,1,1,133.4
C009701,High-Value Loyalists,Eligible,Treatment,6,0,0,0.0
C009702,High-Value Loyalists,Eligible,Control,0,0,0,0.0
C009703,Browsers / No Purchase,Eligible,Treatment,4,0,0,0.0
C009704,Lapsing Customers,Eligible,Treatment,2,0,0,0.0
C009705,Lapsing Customers,Eligible,Treatment,3,0,1,160.92
C009706,High-Value Loyalists,Eligible,Treatment,1,0,0,0.0
C009707,Browsers / No Purchase,Eligible,Treatment,1,0,0,0.0
C009708,Browsers / No Purchase,Eligible,Treatment,3,0,0,0.0
C009709,Browsers / No Purchase,Eligible,Treatment,2,0,0,0.0
C009710,New Customers,Eligible,Treatment,2,0,0,0.0
C009711,Browsers / No Purchase,Eligible,Treatment,2,0,0,0.0
C009712,Lapsing Customers,Eligible,Treatment,5,0,0,0.0
C009713,Browsers / No Purchase,Eligible,Treatment,3,0,0,0.0
C009714,Browsers / No Purchase,Eligible,Treatment,6,0,0,0.0
C009715,High-Value Loyalists,Eligible,Treatment,6,0,0,0.0
C009716,New Customers,Eligible,Treatment,5,0,0,0.0
C009717,Lapsing Customers,Eligible,Control,0,0,0,0.0
C009718,High-Value Loyalists,Eligible,Treatment,5,1,0,0.0
C009719,Browsers / No Purchase,Eligible,Treatment,2,0,0,0.0
C009720,High-Value Loyalists,Eligible,Treatment,2,1,1,79.97
C009721,Browsers / No Purchase,Eligible,Treatment,4,0,0,0.0
C009722,Browsers / No Purchase,Eligible,Treatment,5,1,0,0.0
C009723,New Customers,Eligible,Control,0,0,0,0.0
C009724,Lapsing Customers,Eligible,Treatment,2,0,0,0.0
C009725,New Customers,Eligible,Treatment,1,0,0,0.0
C009726,Browsers / No Purchase,Suppressed,Suppressed,0,0,0,0.0
C009727,Lapsing Customers,Eligible,Treatment,6,1,0,0.0
C009728,Lapsing Customers,Eligible,Treatment,3,0,0,0.0
C009729,New Customers,Eligible,Treatment,6,0,1,118.22
C009730,Browsers / No Purchase,Eligible,Control,0,0,0,0.0
C009731,Lapsing Customers,Eligible,Treatment,1,0,1,71.77
C009732,Lapsing Customers,Eligible,Treatment,2,0,0,0.0
C009733,Browsers / No Purchase,Eligible,Treatment,4,0,0,0.0
C009734,High-Value Loyalists,Suppressed,Suppressed,0,0,1,31.63
C009735,High-Value Loyalists,Eligible,Treatment,2,0,0,0.0
C009736,New Customers,Eligible,Treatment,3,0,0,0.0
C009737,High-Value Loyalists,Suppressed,Suppressed,0,0,1,121.04
C009738,High-Value Loyalists,Suppressed,Suppressed,0,0,0,0.0
C009739,New Customers,Suppressed,Suppressed,0,0,0,0.0
C009740,New Customers,Eligible,Treatment,5,1,0,0.0
C009741,New Customers,Eligible,Treatment,4,0,0,0.0
C009742,Lapsing Customers,Eligible,Treatment,5,0,0,0.0
C009743,New Customers,Suppressed,Suppressed,0,0,0,0.0
C009744,New Customers,Eligible,Control,0,0,0,0.0
C009745,Browsers / No Purchase,Eligible,Treatment,6,0,0,0.0
C009746,Browsers / No Purchase,Eligible,Treatment,2,0,0,0.0
C009747,New Customers,Eligible,Control,0,0,0,0.0
C009748,Browsers / No Purchase,Eligible,Treatment,1,0,0,0.0
C009749,Browsers / No Purchase,Eligible,Treatment,5,1,0,0.0
C009750,High-Value Loyalists,Eligible,Treatment,3,0,1,152.85
C009751,Browsers / No Purchase,Eligible,Treatment,3,1,0,0.0
C009752,Browsers / No Purchase,Eligible,Treatment,2,0,0,0.0
C009753,Lapsing Customers,Eligible,Treatment,2,0,0,0.0
C009754,High-Value Loyalists,Suppressed,Suppressed,0,0,1,39.42
C009755,New Customers,Eligible,Treatment,2,0,0,0.0
C009756,Lapsing Customers,Eligible,Treatment,4,0,1,98.41
C009757,Browsers / No Purchase,Eligible,Treatment,5,0,0,0.0
C009758,New Customers,Eligible,Treatment,3,0,0,0.0
C009759,High-Value Loyalists,Eligible,Treatment,4,0,0,0.0
C009760,Lapsing Customers,Eligible,Control,0,0,0,0.0
C009761,Browsers / No Purchase,Eligible,Treatment,5,1,0,0.0
C009762,High-Value Loyalists,Eligible,Treatment,2,0,1,98.77
C009763,Browsers / No Purchase,Eligible,Treatment,2,0,0,0.0
C009764,Lapsing Customers,Suppressed,Suppressed,0,0,0,0.0
C009765,Lapsing Customers,Eligible,Treatment,4,0,0,0.0
C009766,New Customers,Eligible,Treatment,3,0,0,0.0
C009767,Lapsing Customers,Eligible,Treatment,2,0,0,0.0
C009768,New Customers,Eligible,Treatment,4,1,0,0.0
C009769,New Customers,Eligible,Treatment,4,1,0,0.0
C009770,High-Value Loyalists,Eligible,Treatment,4,0,0,0.0
C009771,Lapsing Customers,Eligible,Treatment,3,1,0,0.0
C009772,Browsers / No Purchase,Eligible,Control,0,0,0,0.0
C009773,Browsers / No Purchase,Eligible,Control,0,0,1,80.4
C009774,New Customers,Eligible,Treatment,1,0,0,0.0
C009775,Browsers / No Purchase,Eligible,Treatment,1,0,0,0.0
C009776,High-Value Loyalists,Suppressed,Suppressed,0,0,0,0.0
C009777,High-Value Loyalists,Suppressed,Suppressed,0,0,1,104.06
C009778,New Customers,Eligible,Treatment,1,0,0,0.0
C009779,New Customers,Eligible,Treatment,1,0,0,0.0
C009780,Browsers / No Purchase,Eligible,Treatment,4,0,0,0.0
C009781,High-Value Loyalists,Eligible,Treatment,2,1,0,0.0
C009782,New Customers,Eligible,Treatment,4,0,0,0.0
C009783,New Customers,Eligible,Treatment,5,0,0,0.0
C009784,Lapsing Customers,Eligible,Treatment,2,0,1,101.25
C009785,New Customers,Eligible,Treatment,2,0,0,0.0
C009786,New Customers,Eligible,Treatment,3,1,0,0.0
C009787,Lapsing Customers,Eligible,Treatment,3,0,0,0.0
C009788,Lapsing Customers,Eligible,Treatment,3,0,0,0.0
C009789,Lapsing Customers,Eligible,Treatment,6,0,0,0.0
C009790,Browsers / No Purchase,Eligible,Treatment,1,0,0,0.0
C009791,Lapsing Customers,Eligible,Treatment,5,2,0,0.0
C009792,High-Value Loyalists,Eligible,Treatment,3,0,0,0.0
C009793,High-Value Loyalists,Eligible,Control,0,0,0,0.0
C009794,High-Value Loyalists,Eligible,Treatment,3,0,0,0.0
C009795,High-Value Loyalists,Eligible,Treatment,1,0,0,0.0
C009796,New Customers,Eligible,Treatment,3,0,1,46.59
C009797,High-Value Loyalists,Eligible,Treatment,5,0,0,0.0
C009798,Lapsing Customers,Eligible,Control,0,0,0,0.0
C009799,High-Value Loyalists,Eligible,Treatment,1,0,0,0.0
C009800,Lapsing Customers,Eligible,Treatment,6,2,0,0.0
C009801,High-Value Loyalists,Eligible,Treatment,5,1,0,0.0
C009802,New Customers,Eligible,Treatment,6,0,0,0.0
C009803,New Customers,Eligible,Treatment,6,0,0,0.0
C009804,Browsers / No Purchase,Eligible,Treatment,5,2,0,0.0
C009805,Lapsing Customers,Eligible,Treatment,3,0,0,0.0
C009806,Browsers / No Purchase,Eligible,Treatment,6,0,0,0.0
C009807,New Customers,Suppressed,Suppressed,0,0,0,0.0
C009808,High-Value Loyalists,Eligible,Treatment,2,1,0,0.0
C009809,Lapsing Customers,Eligible,Treatment,3,0,0,0.0
C009810,Browsers / No Purchase,Eligible,Treatment,2,0,0,0.0
C009811,Lapsing Customers,Eligible,Treatment,1,0,0,0.0
C009812,Lapsing Customers,Suppressed,Suppressed,0,0,0,0.0
C009813,New Customers,Eligible,Control,0,0,1,45.14
C009814,High-Value Loyalists,Eligible,Treatment,5,0,0,0.0
C009815,Browsers / No Purchase,Eligible,Control,0,0,0,0.0
C009816,High-Value Loyalists,Eligible,Treatment,5,0,0,0.0
C009817,High-Value Loyalists,Eligible,Control,0,0,0,0.0
C009818,High-Value Loyalists,Eligible,Treatment,4,0,0,0.0
C009819,Lapsing Customers,Eligible,Treatment,3,2,0,0.0
C009820,Browsers / No Purchase,Eligible,Treatment,2,0,0,0.0
C009821,Browsers / No Purchase,Suppressed,Suppressed,0,0,0,0.0
C009822,Browsers / No Purchase,Eligible,Treatment,2,0,0,0.0
C009823,New Customers,Eligible,Treatment,4,1,0,0.0
C009824,Lapsing Customers,Eligible,Treatment,2,0,0,0.0
C009825,Lapsing Customers,Eligible,Treatment,3,1,0,0.0
C009826,High-Value Loyalists,Eligible,Treatment,3,0,1,131.76
C009827,Browsers / No Purchase,Suppressed,Suppressed,0,0,0,0.0
C009828,New Customers,Suppressed,Suppressed,0,0,1,107.25
C009829,Lapsing Customers,Eligible,Treatment,4,0,0,0.0
C009830,New Customers,Eligible,Treatment,5,0,0,0.0
C009831,Browsers / No Purchase,Suppressed,Suppressed,0,0,0,0.0
C009832,Lapsing Customers,Eligible,Treatment,5,0,0,0.0
C009833,Browsers / No Purchase,Eligible,Treatment,2,0,0,0.0
C009834,Browsers / No Purchase,Eligible,Treatment,2,1,0,0.0
C009835,Browsers / No Purchase,Eligible,Treatment,5,0,0,0.0
C009836,High-Value Loyalists,Eligible,Treatment,5,1,0,0.0
C009837,High-Value Loyalists,Eligible,Treatment,4,0,0,0.0
C009838,Lapsing Customers,Eligible,Treatment,3,0,1,91.68
C009839,Browsers / No Purchase,Eligible,Treatment,1,0,0,0.0
C009840,Browsers / No Purchase,Eligible,Treatment,1,0,0,0.0
C009841,New Customers,Eligible,Control,0,0,0,0.0
C009842,Lapsing Customers,Eligible,Treatment,4,0,0,0.0
C009843,High-Value Loyalists,Eligible,Treatment,3,0,1,38.96
C009844,New Customers,Eligible,Treatment,5,1,0,0.0
C009845,Lapsing Customers,Eligible,Treatment,4,0,0,0.0
C009846,New Customers,Eligible,Treatment,5,0,0,0.0
C009847,Browsers / No Purchase,Suppressed,Suppressed,0,0,0,0.0
C009848,Lapsing Customers,Eligible,Treatment,2,1,0,0.0
C009849,Lapsing Customers,Eligible,Treatment,5,0,0,0.0
C009850,High-Value Loyalists,Eligible,Treatment,3,1,0,0.0
C009851,Lapsing Customers,Eligible,Control,0,0,0,0.0
C009852,New Customers,Eligible,Treatment,5,0,0,0.0
C009853,Lapsing Customers,Eligible,Treatment,3,0,0,0.0
C009854,High-Value Loyalists,Eligible,Treatment,1,0,0,0.0
C009855,High-Value Loyalists,Eligible,Treatment,6,0,0,0.0
C009856,High-Value Loyalists,Eligible,Treatment,6,1,0,0.0
C009857,New Customers,Eligible,Treatment,6,1,0,0.0
C009858,New Customers,Eligible,Treatment,1,0,0,0.0
C009859,New Customers,Eligible,Treatment,3,0,0,0.0
C009860,New Customers,Eligible,Treatment,2,0,0,0.0
C009861,High-Value Loyalists,Eligible,Treatment,4,0,0,0.0
C009862,New Customers,Eligible,Treatment,4,0,0,0.0
C009863,High-Value Loyalists,Eligible,Treatment,5,1,0,0.0
C009864,Browsers / No Purchase,Eligible,Control,0,0,0,0.0
C009865,High-Value Loyalists,Eligible,Treatment,4,1,0,0.0
C009866,Lapsing Customers,Eligible,Treatment,4,0,1,49.86
C009867,High-Value Loyalists,Eligible,Treatment,6,2,1,127.75
C009868,Browsers / No Purchase,Eligible,Treatment,3,1,0,0.0
C009869,High-Value Loyalists,Eligible,Treatment,1,0,0,0.0
C009870,Browsers / No Purchase,Eligible,Treatment,6,1,0,0.0
C009871,High-Value Loyalists,Eligible,Treatment,2,0,1,43.9
C009872,Browsers / No Purchase,Eligible,Treatment,6,0,0,0.0
C009873,New Customers,Eligible,Treatment,6,0,0,0.0
C009874,Lapsing Customers,Eligible,Treatment,5,0,0,0.0
C009875,Lapsing Customers,Eligible,Treatment,3,0,0,0.0
C009876,Lapsing Customers,Eligible,Treatment,4,1,0,0.0
C009877,Browsers / No Purchase,Eligible,Treatment,6,1,0,0.0
C009878,Browsers / No Purchase,Eligible,Treatment,3,0,0,0.0
C009879,High-Value Loyalists,Eligible,Treatment,2,0,0,0.0
C009880,Lapsing Customers,Eligible,Treatment,4,0,0,0.0
C009881,Lapsing Customers,Eligible,Treatment,6,2,0,0.0
C009882,High-Value Loyalists,Eligible,Treatment,5,0,0,0.0
C009883,New Customers,Eligible,Treatment,3,0,0,0.0
C009884,Lapsing Customers,Eligible,Treatment,5,1,0,0.0
C009885,Lapsing Customers,Eligible,Treatment,6,0,0,0.0
C009886,Browsers / No Purchase,Eligible,Control,0,0,0,0.0
C009887,Browsers / No Purchase,Eligible,Treatment,5,1,0,0.0
C009888,Browsers / No Purchase,Eligible,Treatment,5,0,0,0.0
C009889,High-Value Loyalists,Eligible,Treatment,4,0,0,0.0
C009890,Browsers / No Purchase,Eligible,Treatment,2,0,0,0.0
C009891,New Customers,Eligible,Treatment,5,0,0,0.0
C009892,New Customers,Eligible,Treatment,4,0,1,84.84
C009893,High-Value Loyalists,Eligible,Treatment,6,0,0,0.0
C009894,Browsers / No Purchase,Suppressed,Suppressed,0,0,0,0.0
C009895,New Customers,Eligible,Treatment,2,1,0,0.0
C009896,Browsers / No Purchase,Eligible,Treatment,6,1,0,0.0
C009897,New Customers,Eligible,Treatment,3,1,0,0.0
C009898,Browsers / No Purchase,Eligible,Control,0,0,0,0.0
C009899,New Customers,Eligible,Treatment,1,0,0,0.0
C009900,Browsers / No Purchase,Eligible,Control,0,0,0,0.0
C009901,Lapsing Customers,Eligible,Treatment,2,0,0,0.0
C009902,Lapsing Customers,Eligible,Treatment,1,0,0,0.0
C009903,Browsers / No Purchase,Eligible,Treatment,6,1,0,0.0
C009904,New Customers,Eligible,Treatment,5,0,0,0.0
C009905,New Customers,Eligible,Treatment,1,0,0,0.0
C009906,Browsers / No Purchase,Eligible,Treatment,2,0,0,0.0
C009907,New Customers,Eligible,Treatment,6,1,1,20.33
C009908,Browsers / No Purchase,Eligible,Treatment,1,0,0,0.0
C009909,Lapsing Customers,Eligible,Treatment,1,0,0,0.0
C009910,Browsers / No Purchase,Suppressed,Suppressed,0,0,0,0.0
C009911,High-Value Loyalists,Eligible,Treatment,5,0,1,130.03
C009912,New Customers,Eligible,Treatment,5,0,0,0.0
C009913,Browsers / No Purchase,Eligible,Treatment,4,1,0,0.0
C009914,Lapsing Customers,Eligible,Treatment,1,0,0,0.0
C009915,Lapsing Customers,Eligible,Treatment,4,0,0,0.0
C009916,Lapsing Customers,Suppressed,Suppressed,0,0,0,0.0
C009917,New Customers,Eligible,Treatment,2,0,0,0.0
C009918,Lapsing Customers,Eligible,Treatment,1,0,0,0.0
C009919,High-Value Loyalists,Eligible,Treatment,1,0,0,0.0
C009920,Browsers / No Purchase,Eligible,Treatment,4,0,0,0.0
C009921,Lapsing Customers,Eligible,Treatment,5,0,0,0.0
C009922,New Customers,Eligible,Treatment,1,0,0,0.0
C009923,New Customers,Eligible,Treatment,2,0,0,0.0
C009924,High-Value Loyalists,Eligible,Treatment,2,0,0,0.0
C009925,High-Value Loyalists,Eligible,Treatment,6,0,0,0.0
C009926,Browsers / No Purchase,Suppressed,Suppressed,0,0,0,0.0
C009927,New Customers,Eligible,Treatment,1,0,1,65.1
C009928,High-Value Loyalists,Eligible,Treatment,1,1,1,54.52
C009929,Browsers / No Purchase,Eligible,Treatment,6,0,0,0.0
C009930,New Customers,Eligible,Treatment,1,0,0,0.0
C009931,High-Value Loyalists,Eligible,Treatment,2,0,1,63.19
C009932,New Customers,Eligible,Treatment,5,1,0,0.0
C009933,New Customers,Eligible,Treatment,1,0,0,0.0
C009934,Lapsing Customers,Eligible,Treatment,2,1,0,0.0
C009935,Browsers / No Purchase,Eligible,Treatment,5,0,0,0.0
C009936,Lapsing Customers,Eligible,Treatment,2,0,0,0.0
C009937,Lapsing Customers,Suppressed,Suppressed,0,0,1,38.73
C009938,Lapsing Customers,Eligible,Treatment,1,0,0,0.0
C009939,Browsers / No Purchase,Suppressed,Suppressed,0,0,0,0.0
C009940,Browsers / No Purchase,Eligible,Control,0,0,0,0.0
C009941,Browsers / No Purchase,Eligible,Treatment,4,0,0,0.0
C009942,Lapsing Customers,Eligible,Treatment,3,1,0,0.0
C009943,Browsers / No Purchase,Eligible,Treatment,4,1,0,0.0
C009944,New Customers,Eligible,Treatment,6,1,0,0.0
C009945,Lapsing Customers,Eligible,Treatment,6,1,0,0.0
C009946,High-Value Loyalists,Eligible,Control,0,0,0,0.0
C009947,Browsers / No Purchase,Eligible,Treatment,3,0,0,0.0
C009948,Lapsing Customers,Eligible,Treatment,6,1,0,0.0
C009949,New Customers,Eligible,Treatment,5,1,0,0.0
C009950,New Customers,Eligible,Treatment,1,1,0,0.0
C009951,High-Value Loyalists,Eligible,Treatment,6,0,0,0.0
C009952,Browsers / No Purchase,Eligible,Treatment,2,0,0,0.0
C009953,Browsers / No Purchase,Eligible,Control,0,0,0,0.0
C009954,New Customers,Eligible,Treatment,1,1,0,0.0
C009955,New Customers,Suppressed,Suppressed,0,0,0,0.0
C009956,Lapsing Customers,Eligible,Treatment,5,1,0,0.0
C009957,Browsers / No Purchase,Eligible,Treatment,2,0,0,0.0
C009958,High-Value Loyalists,Eligible,Control,0,0,1,166.92
C009959,Lapsing Customers,Eligible,Treatment,4,0,0,0.0
C009960,Lapsing Customers,Eligible,Treatment,1,1,0,0.0
C009961,Lapsing Customers,Eligible,Treatment,3,0,0,0.0
C009962,Lapsing Customers,Eligible,Treatment,4,1,0,0.0
C009963,High-Value Loyalists,Eligible,Treatment,4,0,0,0.0
C009964,Browsers / No Purchase,Suppressed,Suppressed,0,0,0,0.0
C009965,High-Value Loyalists,Eligible,Treatment,2,0,0,0.0
C009966,High-Value Loyalists,Eligible,Treatment,4,1,0,0.0
C009967,Lapsing Customers,Eligible,Treatment,2,0,0,0.0
C009968,New Customers,Eligible,Treatment,3,0,0,0.0
C009969,High-Value Loyalists,Eligible,Treatment,6,0,0,0.0
C009970,New Customers,Eligible,Treatment,1,0,0,0.0
C009971,Browsers / No Purchase,Eligible,Treatment,6,0,0,0.0
C009972,High-Value Loyalists,Eligible,Treatment,6,0,0,0.0
C009973,Browsers / No Purchase,Eligible,Treatment,6,0,0,0.0
C009974,Lapsing Customers,Eligible,Treatment,2,1,0,0.0
C009975,New Customers,Eligible,Control,0,0,0,0.0
C009976,High-Value Loyalists,Eligible,Treatment,1,1,0,0.0
C009977,Browsers / No Purchase,Eligible,Treatment,3,0,0,0.0
C009978,Browsers / No Purchase,Suppressed,Suppressed,0,0,0,0.0
C009979,High-Value Loyalists,Suppressed,Suppressed,0,0,0,0.0
C009980,High-Value Loyalists,Eligible,Treatment,5,0,0,0.0
C009981,Lapsing Customers,Eligible,Treatment,2,0,0,0.0
C009982,High-Value Loyalists,Eligible,Treatment,3,0,0,0.0
C009983,Browsers / No Purchase,Eligible,Treatment,1,0,0,0.0
C009984,New Customers,Eligible,Treatment,6,0,0,0.0
C009985,New Customers,Suppressed,Suppressed,0,0,0,0.0
C009986,Browsers / No Purchase,Eligible,Treatment,1,0,0,0.0
C009987,Browsers / No Purchase,Suppressed,Suppressed,0,0,0,0.0
C009988,Browsers / No Purchase,Eligible,Treatment,2,0,0,0.0
C009989,Lapsing Customers,Eligible,Treatment,6,1,0,0.0
C009990,Lapsing Customers,Suppressed,Suppressed,0,0,0,0.0
C009991,Lapsing Customers,Suppressed,Suppressed,0,0,0,0.0
C009992,Lapsing Customers,Suppressed,Suppressed,0,0,0,0.0
C009993,Lapsing Customers,Eligible,Treatment,2,2,0,0.0
C009994,High-Value Loyalists,Suppressed,Suppressed,0,0,0,0.0
C009995,Lapsing Customers,Eligible,Treatment,5,0,0,0.0
C009996,Lapsing Customers,Eligible,Treatment,4,2,0,0.0
C009997,Lapsing Customers,Eligible,Treatment,4,1,0,0.0
C009998,High-Value Loyalists,Eligible,Control,0,0,0,0.0
C009999,Lapsing Customers,Eligible,Treatment,5,0,1,165.94
C010000,New Customers,Eligible,Treatment,1,0,1,98.27
C010001,Browsers / No Purchase,Eligible,Treatment,1,0,0,0.0
C010002,Browsers / No Purchase,Eligible,Treatment,1,0,0,0.0
C010003,Lapsing Customers,Eligible,Treatment,3,0,0,0.0
C010004,High-Value Loyalists,Suppressed,Suppressed,0,0,0,0.0
C010005,Lapsing Customers,Eligible,Treatment,5,0,0,0.0
C010006,High-Value Loyalists,Eligible,Treatment,3,0,1,111.33
C010007,Lapsing Customers,Eligible,Treatment,1,1,0,0.0
C010008,Browsers / No Purchase,Eligible,Treatment,3,1,0,0.0
C010009,High-Value Loyalists,Eligible,Treatment,4,1,0,0.0
C010010,Lapsing Customers,Eligible,Treatment,6,0,1,101.81
C010011,Browsers / No Purchase,Eligible,Treatment,2,0,0,0.0
C010012,New Customers,Eligible,Treatment,1,0,0,0.0
C010013,High-Value Loyalists,Eligible,Treatment,4,0,0,0.0
C010014,High-Value Loyalists,Eligible,Treatment,5,1,1,99.96
C010015,Browsers / No Purchase,Eligible,Treatment,3,0,0,0.0
C010016,High-Value Loyalists,Eligible,Treatment,5,0,0,0.0
C010017,New Customers,Suppressed,Suppressed,0,0,0,0.0
C010018,Browsers / No Purchase,Eligible,Treatment,3,1,0,0.0
C010019,Lapsing Customers,Eligible,Treatment,6,1,0,0.0
C010020,Browsers / No Purchase,Eligible,Treatment,5,1,0,0.0
C010021,High-Value Loyalists,Suppressed,Suppressed,0,0,0,0.0
C010022,Lapsing Customers,Suppressed,Suppressed,0,0,1,52.04
C010023,Lapsing Customers,Eligible,Treatment,2,0,0,0.0
C010024,Browsers / No Purchase,Eligible,Treatment,2,1,0,0.0
C010025,Lapsing Customers,Eligible,Treatment,2,1,0,0.0
C010026,High-Value Loyalists,Eligible,Treatment,4,1,0,0.0
C010027,Browsers / No Purchase,Eligible,Treatment,3,1,0,0.0
C010028,High-Value Loyalists,Eligible,Treatment,1,0,0,0.0
C010029,Browsers / No Purchase,Eligible,Control,0,0,0,0.0
C010030,New Customers,Eligible,Treatment,5,1,0,0.0
C010031,New Customers,Eligible,Treatment,4,0,0,0.0
C010032,Browsers / No Purchase,Eligible,Treatment,1,0,0,0.0
C010033,Browsers / No Purchase,Eligible,Treatment,3,0,0,0.0
C010034,High-Value Loyalists,Eligible,Treatment,2,0,0,0.0
C010035,Browsers / No Purchase,Eligible,Treatment,1,0,0,0.0
C010036,Browsers / No Purchase,Eligible,Control,0,0,0,0.0
C010037,Browsers / No Purchase,Eligible,Treatment,3,0,0,0.0
C010038,New Customers,Eligible,Treatment,3,0,0,0.0
C010039,New Customers,Eligible,Treatment,5,0,0,0.0
C010040,New Customers,Eligible,Treatment,4,0,0,0.0
C010041,High-Value Loyalists,Eligible,Treatment,2,0,0,0.0
C010042,New Customers,Eligible,Treatment,4,0,0,0.0
C010043,New Customers,Eligible,Treatment,2,0,0,0.0
C010044,New Customers,Suppressed,Suppressed,0,0,0,0.0
C010045,Lapsing Customers,Eligible,Treatment,4,1,0,0.0
C010046,Lapsing Customers,Suppressed,Suppressed,0,0,0,0.0
C010047,New Customers,Eligible,Treatment,2,0,1,73.22
C010048,Lapsing Customers,Eligible,Treatment,4,1,0,0.0
C010049,Browsers / No Purchase,Eligible,Treatment,1,0,1,23.84
C010050,Browsers / No Purchase,Eligible,Treatment,1,0,0,0.0
C010051,High-Value Loyalists,Eligible,Control,0,0,0,0.0
C010052,High-Value Loyalists,Eligible,Treatment,6,0,0,0.0
C010053,New Customers,Eligible,Treatment,6,1,0,0.0
C010054,Lapsing Customers,Eligible,Treatment,3,0,0,0.0
C010055,Browsers / No Purchase,Eligible,Treatment,4,1,0,0.0
C010056,High-Value Loyalists,Suppressed,Suppressed,0,0,1,79.21
C010057,High-Value Loyalists,Eligible,Treatment,2,0,0,0.0
C010058,Lapsing Customers,Eligible,Treatment,6,0,0,0.0
C010059,Browsers / No Purchase,Eligible,Treatment,1,0,0,0.0
C010060,Browsers / No Purchase,Eligible,Treatment,5,1,0,0.0
C010061,Browsers / No Purchase,Eligible,Control,0,0,0,0.0
C010062,New Customers,Eligible,Treatment,3,0,0,0.0
C010063,Browsers / No Purchase,Eligible,Control,0,0,0,0.0
C010064,High-Value Loyalists,Eligible,Treatment,3,1,0,0.0
C010065,New Customers,Eligible,Treatment,1,1,0,0.0
C010066,Browsers / No Purchase,Eligible,Treatment,1,0,0,0.0
C010067,Lapsing Customers,Eligible,Treatment,2,0,1,84.33
C010068,Browsers / No Purchase,Eligible,Treatment,4,2,0,0.0
C010069,Lapsing Customers,Eligible,Treatment,5,1,0,0.0
C010070,High-Value Loyalists,Eligible,Treatment,4,0,0,0.0
C010071,New Customers,Eligible,Treatment,5,1,1,37.06
C010072,Browsers / No Purchase,Suppressed,Suppressed,0,0,0,0.0
C010073,Lapsing Customers,Eligible,Treatment,5,0,0,0.0
C010074,Browsers / No Purchase,Eligible,Treatment,2,0,0,0.0
C010075,High-Value Loyalists,Eligible,Control,0,0,0,0.0
C010076,Browsers / No Purchase,Eligible,Treatment,5,1,0,0.0
C010077,New Customers,Eligible,Treatment,4,0,0,0.0
C010078,High-Value Loyalists,Eligible,Treatment,2,0,0,0.0
C010079,Browsers / No Purchase,Eligible,Treatment,1,0,0,0.0
C010080,Browsers / No Purchase,Eligible,Treatment,3,0,1,162.66
C010081,New Customers,Eligible,Treatment,4,0,0,0.0
C010082,Lapsing Customers,Eligible,Treatment,1,0,0,0.0
C010083,High-Value Loyalists,Eligible,Treatment,6,0,0,0.0
C010084,Browsers / No Purchase,Eligible,Treatment,5,0,0,0.0
C010085,New Customers,Eligible,Treatment,5,1,0,0.0
C010086,Browsers / No Purchase,Eligible,Treatment,2,0,0,0.0
C010087,New Customers,Eligible,Treatment,5,0,0,0.0
C010088,Browsers / No Purchase,Suppressed,Suppressed,0,0,0,0.0
C010089,High-Value Loyalists,Eligible,Treatment,5,0,0,0.0
C010090,New Customers,Eligible,Treatment,5,0,0,0.0
C010091,New Customers,Eligible,Treatment,4,1,0,0.0
C010092,High-Value Loyalists,Eligible,Treatment,4,1,0,0.0
C010093,High-Value Loyalists,Eligible,Treatment,1,0,1,78.06
C010094,New Customers,Eligible,Treatment,4,0,0,0.0
C010095,Browsers / No Purchase,Eligible,Treatment,6,0,0,0.0
C010096,New Customers,Eligible,Treatment,6,0,1,57.15
C010097,High-Value Loyalists,Eligible,Treatment,2,0,0,0.0
C010098,Browsers / No Purchase,Eligible,Control,0,0,0,0.0
C010099,High-Value Loyalists,Eligible,Treatment,3,0,0,0.0
C010100,Lapsing Customers,Suppressed,Suppressed,0,0,0,0.0
C010101,Browsers / No Purchase,Eligible,Treatment,4,0,0,0.0
C010102,Browsers / No Purchase,Suppressed,Suppressed,0,0,0,0.0
C010103,Browsers / No Purchase,Eligible,Control,0,0,0,0.0
C010104,Browsers / No Purchase,Eligible,Treatment,3,0,1,105.13
C010105,New Customers,Eligible,Treatment,5,0,0,0.0
C010106,Lapsing Customers,Eligible,Treatment,1,0,0,0.0
C010107,Lapsing Customers,Eligible,Treatment,3,0,0,0.0
C010108,Browsers / No Purchase,Suppressed,Suppressed,0,0,0,0.0
C010109,Browsers / No Purchase,Eligible,Treatment,5,1,0,0.0
C010110,Lapsing Customers,Eligible,Treatment,5,0,0,0.0
C010111,Lapsing Customers,Eligible,Treatment,6,0,0,0.0
C010112,Lapsing Customers,Eligible,Treatment,6,1,0,0.0
C010113,Lapsing Customers,Suppressed,Suppressed,0,0,0,0.0
C010114,Browsers / No Purchase,Eligible,Treatment,5,0,0,0.0
C010115,High-Value Loyalists,Eligible,Control,0,0,1,32.31
C010116,Lapsing Customers,Eligible,Treatment,1,0,0,0.0
C010117,Browsers / No Purchase,Eligible,Treatment,6,1,1,107.52
C010118,New Customers,Eligible,Treatment,3,0,0,0.0
C010119,Lapsing Customers,Eligible,Treatment,3,0,0,0.0
C010120,Lapsing Customers,Eligible,Treatment,6,1,0,0.0
C010121,High-Value Loyalists,Eligible,Treatment,4,0,0,0.0
C010122,Lapsing Customers,Eligible,Treatment,4,0,0,0.0
C010123,High-Value Loyalists,Eligible,Treatment,2,1,0,0.0
C010124,High-Value Loyalists,Suppressed,Suppressed,0,0,0,0.0
C010125,High-Value Loyalists,Eligible,Treatment,3,1,1,56.73
C010126,Lapsing Customers,Eligible,Treatment,3,0,0,0.0
C010127,High-Value Loyalists,Suppressed,Suppressed,0,0,0,0.0
C010128,Browsers / No Purchase,Eligible,Treatment,3,0,0,0.0
C010129,High-Value Loyalists,Eligible,Treatment,6,1,0,0.0
C010130,Lapsing Customers,Eligible,Treatment,3,0,0,0.0
C010131,Browsers / No Purchase,Eligible,Treatment,5,2,0,0.0
C010132,High-Value Loyalists,Eligible,Treatment,6,2,0,0.0
C010133,New Customers,Eligible,Treatment,6,0,0,0.0
C010134,Browsers / No Purchase,Eligible,Treatment,2,0,0,0.0
C010135,New Customers,Eligible,Treatment,3,0,0,0.0
C010136,Lapsing Customers,Suppressed,Suppressed,0,0,0,0.0
C010137,Browsers / No Purchase,Eligible,Treatment,3,1,0,0.0
C010138,New Customers,Eligible,Treatment,5,1,0,0.0
C010139,Lapsing Customers,Eligible,Treatment,6,1,1,87.17
C010140,High-Value Loyalists,Eligible,Treatment,2,0,1,87.63
C010141,High-Value Loyalists,Eligible,Treatment,1,0,0,0.0
C010142,Browsers / No Purchase,Eligible,Treatment,3,0,0,0.0
C010143,Lapsing Customers,Eligible,Treatment,1,0,0,0.0
C010144,High-Value Loyalists,Eligible,Treatment,6,1,0,0.0
C010145,New Customers,Eligible,Treatment,5,1,0,0.0
C010146,Browsers / No Purchase,Eligible,Treatment,3,0,0,0.0
C010147,High-Value Loyalists,Eligible,Treatment,3,0,0,0.0
C010148,High-Value Loyalists,Suppressed,Suppressed,0,0,0,0.0
C010149,Lapsing Customers,Eligible,Treatment,5,0,0,0.0
C010150,New Customers,Eligible,Treatment,1,0,0,0.0
C010151,Lapsing Customers,Eligible,Treatment,3,0,0,0.0
C010152,Browsers / No Purchase,Eligible,Treatment,6,2,0,0.0
C010153,High-Value Loyalists,Eligible,Control,0,0,0,0.0
C010154,Lapsing Customers,Eligible,Treatment,4,0,0,0.0
C010155,Lapsing Customers,Eligible,Control,0,0,0,0.0
C010156,Lapsing Customers,Eligible,Treatment,6,0,0,0.0
C010157,New Customers,Suppressed,Suppressed,0,0,1,105.34
C010158,Browsers / No Purchase,Eligible,Treatment,5,0,0,0.0
C010159,Lapsing Customers,Suppressed,Suppressed,0,0,0,0.0
C010160,Browsers / No Purchase,Eligible,Treatment,5,1,0,0.0
C010161,High-Value Loyalists,Eligible,Treatment,2,0,0,0.0
C010162,New Customers,Eligible,Treatment,1,0,0,0.0
C010163,Lapsing Customers,Eligible,Treatment,2,0,1,98.75
C010164,New Customers,Eligible,Treatment,3,2,0,0.0
C010165,High-Value Loyalists,Eligible,Control,0,0,0,0.0
C010166,Browsers / No Purchase,Eligible,Treatment,1,0,0,0.0
C010167,Browsers / No Purchase,Eligible,Treatment,1,0,0,0.0
C010168,Browsers / No Purchase,Eligible,Treatment,4,0,0,0.0
C010169,Browsers / No Purchase,Eligible,Treatment,1,0,0,0.0
C010170,High-Value Loyalists,Eligible,Treatment,6,1,0,0.0
C010171,New Customers,Eligible,Treatment,2,0,0,0.0
C010172,Lapsing Customers,Eligible,Treatment,3,0,0,0.0
C010173,Browsers / No Purchase,Eligible,Treatment,2,0,0,0.0
C010174,High-Value Loyalists,Suppressed,Suppressed,0,0,0,0.0
C010175,Lapsing Customers,Suppressed,Suppressed,0,0,0,0.0
C010176,New Customers,Suppressed,Suppressed,0,0,1,47.61
C010177,High-Value Loyalists,Eligible,Treatment,4,0,0,0.0
C010178,Browsers / No Purchase,Eligible,Treatment,4,0,0,0.0
C010179,Lapsing Customers,Eligible,Control,0,0,0,0.0
C010180,New Customers,Eligible,Control,0,0,0,0.0
C010181,Browsers / No Purchase,Eligible,Treatment,2,1,0,0.0
C010182,New Customers,Eligible,Treatment,4,0,1,78.96
C010183,Lapsing Customers,Eligible,Control,0,0,0,0.0
C010184,High-Value Loyalists,Eligible,Treatment,5,0,0,0.0
C010185,High-Value Loyalists,Eligible,Treatment,3,0,0,0.0
C010186,High-Value Loyalists,Suppressed,Suppressed,0,0,0,0.0
C010187,New Customers,Eligible,Treatment,6,0,0,0.0
C010188,Lapsing Customers,Eligible,Treatment,3,1,0,0.0
C010189,Lapsing Customers,Eligible,Treatment,2,0,0,0.0
C010190,Lapsing Customers,Eligible,Treatment,2,0,1,43.83
C010191,Browsers / No Purchase,Eligible,Treatment,5,0,0,0.0
C010192,High-Value Loyalists,Eligible,Treatment,1,0,0,0.0
C010193,Lapsing Customers,Suppressed,Suppressed,0,0,0,0.0
C010194,Lapsing Customers,Suppressed,Suppressed,0,0,0,0.0
C010195,High-Value Loyalists,Suppressed,Suppressed,0,0,0,0.0
C010196,Browsers / No Purchase,Eligible,Control,0,0,0,0.0
C010197,High-Value Loyalists,Eligible,Treatment,1,0,0,0.0
C010198,New Customers,Eligible,Treatment,1,0,0,0.0
C010199,New Customers,Suppressed,Suppressed,0,0,0,0.0
C010200,Browsers / No Purchase,Eligible,Treatment,4,0,0,0.0
C010201,New Customers,Eligible,Treatment,5,0,0,0.0
C010202,Browsers / No Purchase,Eligible,Treatment,4,0,0,0.0
C010203,Lapsing Customers,Eligible,Treatment,1,0,0,0.0
C010204,New Customers,Eligible,Treatment,6,0,0,0.0
C010205,Browsers / No Purchase,Eligible,Treatment,2,1,1,39.79
C010206,New Customers,Eligible,Treatment,1,0,0,0.0
C010207,New Customers,Eligible,Treatment,3,0,0,0.0
C010208,Lapsing Customers,Eligible,Treatment,1,0,0,0.0
C010209,Lapsing Customers,Suppressed,Suppressed,0,0,0,0.0
C010210,Lapsing Customers,Eligible,Treatment,2,0,0,0.0
C010211,High-Value Loyalists,Eligible,Treatment,6,0,0,0.0
C010212,Lapsing Customers,Eligible,Treatment,2,0,0,0.0
C010213,High-Value Loyalists,Eligible,Treatment,4,0,1,87.59
C010214,New Customers,Eligible,Treatment,1,0,0,0.0
C010215,Browsers / No Purchase,Eligible,Treatment,1,0,0,0.0
C010216,New Customers,Eligible,Treatment,6,1,0,0.0
C010217,New Customers,Eligible,Treatment,3,1,0,0.0
C010218,High-Value Loyalists,Eligible,Treatment,6,0,0,0.0
C010219,High-Value Loyalists,Eligible,Control,0,0,0,0.0
C010220,New Customers,Eligible,Treatment,4,0,1,64.71
C010221,Browsers / No Purchase,Eligible,Control,0,0,0,0.0
C010222,Browsers / No Purchase,Eligible,Treatment,5,0,0,0.0
C010223,New Customers,Suppressed,Suppressed,0,0,0,0.0
C010224,Browsers / No Purchase,Suppressed,Suppressed,0,0,0,0.0
C010225,Browsers / No Purchase,Eligible,Control,0,0,0,0.0
C010226,Browsers / No Purchase,Eligible,Treatment,4,0,0,0.0
C010227,Browsers / No Purchase,Eligible,Treatment,4,0,0,0.0
C010228,High-Value Loyalists,Eligible,Treatment,6,1,0,0.0
C010229,High-Value Loyalists,Suppressed,Suppressed,0,0,0,0.0
C010230,Lapsing Customers,Eligible,Treatment,6,1,0,0.0
C010231,New Customers,Eligible,Treatment,2,0,0,0.0
C010232,Browsers / No Purchase,Eligible,Treatment,2,0,0,0.0
C010233,Lapsing Customers,Eligible,Treatment,1,0,0,0.0
C010234,Lapsing Customers,Eligible,Treatment,5,1,0,0.0
C010235,Browsers / No Purchase,Eligible,Treatment,3,0,0,0.0
C010236,Lapsing Customers,Eligible,Treatment,1,0,0,0.0
C010237,Browsers / No Purchase,Eligible,Treatment,6,0,0,0.0
C010238,High-Value Loyalists,Eligible,Treatment,1,0,1,74.3
C010239,Lapsing Customers,Eligible,Treatment,6,1,0,0.0
C010240,Lapsing Customers,Suppressed,Suppressed,0,0,0,0.0
C010241,Lapsing Customers,Eligible,Control,0,0,0,0.0
C010242,High-Value Loyalists,Eligible,Treatment,3,0,0,0.0
C010243,Lapsing Customers,Eligible,Treatment,3,0,0,0.0
C010244,Lapsing Customers,Eligible,Treatment,2,0,0,0.0
C010245,Lapsing Customers,Eligible,Treatment,3,0,0,0.0
C010246,Browsers / No Purchase,Eligible,Treatment,6,1,0,0.0
C010247,High-Value Loyalists,Suppressed,Suppressed,0,0,0,0.0
C010248,Lapsing Customers,Eligible,Treatment,4,0,0,0.0
C010249,High-Value Loyalists,Eligible,Treatment,6,0,0,0.0
C010250,Browsers / No Purchase,Eligible,Treatment,3,0,0,0.0
C010251,Browsers / No Purchase,Eligible,Treatment,6,1,0,0.0
C010252,Browsers / No Purchase,Eligible,Treatment,5,2,0,0.0
C010253,Browsers / No Purchase,Eligible,Treatment,4,0,0,0.0
C010254,Lapsing Customers,Eligible,Treatment,5,0,0,0.0
C010255,New Customers,Eligible,Treatment,5,1,0,0.0
C010256,Lapsing Customers,Eligible,Treatment,5,0,0,0.0
C010257,Browsers / No Purchase,Eligible,Treatment,2,0,0,0.0
C010258,Lapsing Customers,Eligible,Treatment,2,0,0,0.0
C010259,Lapsing Customers,Suppressed,Suppressed,0,0,0,0.0
C010260,Browsers / No Purchase,Suppressed,Suppressed,0,0,0,0.0
C010261,Browsers / No Purchase,Eligible,Treatment,5,2,0,0.0
C010262,Browsers / No Purchase,Eligible,Control,0,0,0,0.0
C010263,High-Value Loyalists,Eligible,Treatment,3,0,0,0.0
C010264,Lapsing Customers,Eligible,Treatment,5,0,0,0.0
C010265,Lapsing Customers,Eligible,Treatment,4,0,0,0.0
C010266,Lapsing Customers,Eligible,Treatment,3,0,0,0.0
C010267,Lapsing Customers,Eligible,Treatment,4,0,0,0.0
C010268,Lapsing Customers,Eligible,Treatment,1,1,1,163.93
C010269,Browsers / No Purchase,Eligible,Treatment,2,0,0,0.0
C010270,Lapsing Customers,Eligible,Control,0,0,1,63.23
C010271,New Customers,Eligible,Treatment,6,1,0,0.0
C010272,Browsers / No Purchase,Eligible,Treatment,2,0,0,0.0
C010273,New Customers,Eligible,Control,0,0,0,0.0
C010274,Lapsing Customers,Eligible,Treatment,4,1,0,0.0
C010275,High-Value Loyalists,Eligible,Treatment,2,0,0,0.0
C010276,High-Value Loyalists,Eligible,Treatment,4,0,0,0.0
C010277,Browsers / No Purchase,Eligible,Treatment,5,0,0,0.0
C010278,Lapsing Customers,Eligible,Treatment,2,0,0,0.0
C010279,High-Value Loyalists,Suppressed,Suppressed,0,0,0,0.0
C010280,Browsers / No Purchase,Eligible,Treatment,6,0,0,0.0
C010281,New Customers,Eligible,Control,0,0,0,0.0
C010282,Browsers / No Purchase,Eligible,Treatment,3,0,0,0.0
C010283,Lapsing Customers,Eligible,Treatment,2,0,0,0.0
C010284,Browsers / No Purchase,Eligible,Treatment,4,1,0,0.0
C010285,High-Value Loyalists,Eligible,Treatment,6,2,0,0.0
C010286,High-Value Loyalists,Eligible,Control,0,0,0,0.0
C010287,Browsers / No Purchase,Eligible,Treatment,4,1,0,0.0
C010288,Browsers / No Purchase,Suppressed,Suppressed,0,0,0,0.0
C010289,New Customers,Suppressed,Suppressed,0,0,0,0.0
C010290,High-Value Loyalists,Eligible,Treatment,1,0,0,0.0
C010291,Lapsing Customers,Suppressed,Suppressed,0,0,0,0.0
C010292,Browsers / No Purchase,Eligible,Treatment,3,0,0,0.0
C010293,Browsers / No Purchase,Eligible,Treatment,6,0,0,0.0
C010294,Lapsing Customers,Eligible,Treatment,6,1,1,76.99
C010295,High-Value Loyalists,Eligible,Control,0,0,0,0.0
C010296,New Customers,Eligible,Treatment,6,0,0,0.0
C010297,Browsers / No Purchase,Eligible,Treatment,4,0,0,0.0
C010298,Lapsing Customers,Eligible,Control,0,0,0,0.0
C010299,New Customers,Eligible,Treatment,4,0,0,0.0
C010300,Browsers / No Purchase,Eligible,Treatment,2,0,0,0.0
C010301,Lapsing Customers,Eligible,Treatment,6,0,0,0.0
C010302,New Customers,Suppressed,Suppressed,0,0,0,0.0
C010303,New Customers,Suppressed,Suppressed,0,0,0,0.0
C010304,New Customers,Eligible,Treatment,6,0,0,0.0
C010305,Browsers / No Purchase,Eligible,Treatment,3,0,0,0.0
C010306,New Customers,Eligible,Treatment,6,0,0,0.0
C010307,New Customers,Suppressed,Suppressed,0,0,0,0.0
C010308,High-Value Loyalists,Eligible,Treatment,3,0,0,0.0
C010309,Browsers / No Purchase,Eligible,Treatment,6,1,0,0.0
C010310,High-Value Loyalists,Eligible,Treatment,5,0,0,0.0
C010311,High-Value Loyalists,Eligible,Treatment,2,0,0,0.0
C010312,New Customers,Eligible,Treatment,2,0,0,0.0
C010313,New Customers,Eligible,Treatment,4,0,0,0.0
C010314,Browsers / No Purchase,Eligible,Treatment,4,0,0,0.0
C010315,Browsers / No Purchase,Eligible,Treatment,4,0,0,0.0
C010316,Browsers / No Purchase,Eligible,Treatment,1,0,0,0.0
C010317,Lapsing Customers,Eligible,Control,0,0,0,0.0
C010318,New Customers,Eligible,Treatment,1,0,0,0.0
C010319,Browsers / No Purchase,Eligible,Treatment,5,0,0,0.0
C010320,Lapsing Customers,Eligible,Treatment,3,0,0,0.0
C010321,Browsers / No Purchase,Eligible,Treatment,3,0,0,0.0
C010322,New Customers,Eligible,Treatment,6,0,0,0.0
C010323,Lapsing Customers,Eligible,Treatment,6,1,0,0.0
C010324,New Customers,Suppressed,Suppressed,0,0,0,0.0
C010325,Lapsing Customers,Eligible,Treatment,6,1,0,0.0
C010326,High-Value Loyalists,Eligible,Treatment,2,0,1,176.38
C010327,Lapsing Customers,Eligible,Treatment,5,0,0,0.0
C010328,High-Value Loyalists,Eligible,Treatment,4,1,0,0.0
C010329,Lapsing Customers,Eligible,Treatment,1,0,0,0.0
C010330,Browsers / No Purchase,Eligible,Treatment,2,0,0,0.0
C010331,Lapsing Customers,Eligible,Control,0,0,0,0.0
C010332,Browsers / No Purchase,Eligible,Control,0,0,0,0.0
C010333,New Customers,Eligible,Treatment,3,0,0,0.0
C010334,High-Value Loyalists,Eligible,Treatment,4,0,0,0.0
C010335,High-Value Loyalists,Eligible,Treatment,4,0,0,0.0
C010336,Browsers / No Purchase,Eligible,Treatment,1,0,0,0.0
C010337,New Customers,Eligible,Control,0,0,0,0.0
C010338,Browsers / No Purchase,Eligible,Treatment,2,0,0,0.0
C010339,Lapsing Customers,Eligible,Treatment,4,0,0,0.0
C010340,Browsers / No Purchase,Eligible,Treatment,6,0,0,0.0
C010341,Browsers / No Purchase,Suppressed,Suppressed,0,0,0,0.0
C010342,Browsers / No Purchase,Eligible,Treatment,4,0,0,0.0
C010343,High-Value Loyalists,Suppressed,Suppressed,0,0,0,0.0
C010344,Browsers / No Purchase,Eligible,Treatment,5,0,1,88.38
C010345,Lapsing Customers,Eligible,Treatment,3,1,0,0.0
C010346,Browsers / No Purchase,Eligible,Treatment,1,0,0,0.0
C010347,New Customers,Eligible,Treatment,3,0,0,0.0
C010348,New Customers,Eligible,Treatment,5,0,0,0.0
C010349,Lapsing Customers,Eligible,Treatment,3,0,0,0.0
C010350,Browsers / No Purchase,Eligible,Treatment,2,0,0,0.0
C010351,Lapsing Customers,Eligible,Treatment,1,0,0,0.0
C010352,New Customers,Eligible,Treatment,6,1,0,0.0
C010353,New Customers,Eligible,Treatment,2,1,0,0.0
C010354,Browsers / No Purchase,Eligible,Treatment,5,0,0,0.0
C010355,Lapsing Customers,Eligible,Control,0,0,0,0.0
C010356,New Customers,Eligible,Treatment,5,0,1,52.26
C010357,New Customers,Eligible,Treatment,1,0,1,28.45
C010358,New Customers,Eligible,Control,0,0,0,0.0
C010359,New Customers,Eligible,Treatment,1,0,1,66.19
C010360,Browsers / No Purchase,Eligible,Treatment,3,0,0,0.0
C010361,Browsers / No Purchase,Eligible,Treatment,6,1,0,0.0
C010362,New Customers,Eligible,Treatment,1,0,0,0.0
C010363,High-Value Loyalists,Eligible,Treatment,3,1,0,0.0
C010364,New Customers,Eligible,Treatment,3,1,0,0.0
C010365,High-Value Loyalists,Eligible,Treatment,4,1,1,90.69
C010366,Lapsing Customers,Eligible,Control,0,0,0,0.0
C010367,Browsers / No Purchase,Eligible,Treatment,4,1,0,0.0
C010368,Lapsing Customers,Suppressed,Suppressed,0,0,0,0.0
C010369,New Customers,Eligible,Treatment,3,0,1,64.5
C010370,Browsers / No Purchase,Eligible,Treatment,2,0,0,0.0
C010371,Lapsing Customers,Suppressed,Suppressed,0,0,0,0.0
C010372,High-Value Loyalists,Eligible,Treatment,5,0,0,0.0
C010373,High-Value Loyalists,Eligible,Treatment,6,2,0,0.0
C010374,Lapsing Customers,Eligible,Control,0,0,0,0.0
C010375,Browsers / No Purchase,Eligible,Treatment,3,0,0,0.0
C010376,Browsers / No Purchase,Eligible,Treatment,6,0,0,0.0
C010377,New Customers,Eligible,Treatment,6,0,0,0.0
C010378,Lapsing Customers,Eligible,Treatment,4,0,0,0.0
C010379,New Customers,Eligible,Treatment,4,0,0,0.0
C010380,High-Value Loyalists,Eligible,Treatment,3,0,1,88.72
C010381,New Customers,Eligible,Treatment,6,1,0,0.0
C010382,New Customers,Eligible,Treatment,3,0,0,0.0
C010383,High-Value Loyalists,Eligible,Treatment,3,0,1,84.26
C010384,Browsers / No Purchase,Eligible,Treatment,3,1,0,0.0
C010385,Browsers / No Purchase,Eligible,Treatment,6,1,0,0.0
C010386,Lapsing Customers,Suppressed,Suppressed,0,0,0,0.0
C010387,New Customers,Eligible,Treatment,1,0,0,0.0
C010388,New Customers,Eligible,Treatment,3,1,0,0.0
C010389,High-Value Loyalists,Suppressed,Suppressed,0,0,1,25.41
C010390,High-Value Loyalists,Eligible,Treatment,1,0,0,0.0
C010391,New Customers,Eligible,Treatment,4,0,0,0.0
C010392,Browsers / No Purchase,Eligible,Treatment,3,1,0,0.0
C010393,New Customers,Eligible,Treatment,4,0,0,0.0
C010394,New Customers,Eligible,Treatment,3,0,0,0.0
C010395,New Customers,Eligible,Treatment,1,0,0,0.0
C010396,Lapsing Customers,Eligible,Control,0,0,0,0.0
C010397,High-Value Loyalists,Eligible,Treatment,4,0,1,98.6
C010398,Lapsing Customers,Eligible,Treatment,4,0,0,0.0
C010399,Browsers / No Purchase,Eligible,Treatment,2,1,0,0.0
C010400,Browsers / No Purchase,Eligible,Treatment,5,0,0,0.0
C010401,Browsers / No Purchase,Eligible,Treatment,3,0,0,0.0
C010402,High-Value Loyalists,Eligible,Treatment,2,0,1,89.79
C010403,New Customers,Eligible,Treatment,3,0,0,0.0
C010404,New Customers,Eligible,Control,0,0,0,0.0
C010405,Lapsing Customers,Eligible,Treatment,1,0,0,0.0
C010406,Lapsing Customers,Eligible,Treatment,6,0,0,0.0
C010407,Browsers / No Purchase,Eligible,Treatment,3,1,0,0.0
C010408,New Customers,Eligible,Treatment,6,1,0,0.0
C010409,New Customers,Eligible,Treatment,2,0,0,0.0
C010410,Lapsing Customers,Eligible,Treatment,2,0,0,0.0
C010411,New Customers,Eligible,Treatment,2,1,0,0.0
C010412,High-Value Loyalists,Eligible,Treatment,2,0,0,0.0
C010413,High-Value Loyalists,Eligible,Treatment,5,1,0,0.0
C010414,New Customers,Eligible,Treatment,2,0,1,88.3
C010415,Lapsing Customers,Eligible,Control,0,0,0,0.0
C010416,Browsers / No Purchase,Eligible,Treatment,4,1,0,0.0
C010417,Lapsing Customers,Eligible,Treatment,5,1,0,0.0
C010418,High-Value Loyalists,Eligible,Treatment,6,0,0,0.0
C010419,High-Value Loyalists,Suppressed,Suppressed,0,0,0,0.0
C010420,Browsers / No Purchase,Suppressed,Suppressed,0,0,0,0.0
C010421,High-Value Loyalists,Eligible,Treatment,6,0,0,0.0
C010422,High-Value Loyalists,Eligible,Treatment,4,0,0,0.0
C010423,Lapsing Customers,Eligible,Treatment,6,0,0,0.0
C010424,Lapsing Customers,Eligible,Treatment,5,1,0,0.0
C010425,New Customers,Eligible,Treatment,3,0,0,0.0
C010426,New Customers,Eligible,Treatment,1,0,0,0.0
C010427,High-Value Loyalists,Eligible,Treatment,4,0,0,0.0
C010428,Browsers / No Purchase,Eligible,Treatment,1,0,0,0.0
C010429,Lapsing Customers,Eligible,Treatment,5,0,0,0.0
C010430,New Customers,Eligible,Treatment,1,0,0,0.0
C010431,High-Value Loyalists,Eligible,Treatment,2,0,0,0.0
C010432,New Customers,Eligible,Treatment,3,0,0,0.0
C010433,Lapsing Customers,Eligible,Treatment,6,1,0,0.0
C010434,New Customers,Eligible,Treatment,2,0,0,0.0
C010435,Lapsing Customers,Eligible,Treatment,3,0,0,0.0
C010436,Browsers / No Purchase,Eligible,Treatment,3,1,0,0.0
C010437,Lapsing Customers,Eligible,Treatment,1,0,0,0.0
C010438,Browsers / No Purchase,Eligible,Treatment,6,1,0,0.0
C010439,Browsers / No Purchase,Suppressed,Suppressed,0,0,0,0.0
C010440,Lapsing Customers,Eligible,Treatment,2,0,0,0.0
C010441,Lapsing Customers,Suppressed,Suppressed,0,0,0,0.0
C010442,Lapsing Customers,Eligible,Control,0,0,0,0.0
C010443,Browsers / No Purchase,Eligible,Treatment,6,0,1,122.99
C010444,New Customers,Eligible,Treatment,5,0,0,0.0
C010445,New Customers,Eligible,Treatment,1,0,0,0.0
C010446,High-Value Loyalists,Eligible,Treatment,6,1,0,0.0
C010447,Browsers / No Purchase,Eligible,Treatment,2,0,0,0.0
C010448,High-Value Loyalists,Eligible,Treatment,4,0,0,0.0
C010449,High-Value Loyalists,Eligible,Treatment,1,0,0,0.0
C010450,Lapsing Customers,Eligible,Treatment,5,1,0,0.0
C010451,Lapsing Customers,Eligible,Treatment,6,0,0,0.0
C010452,Browsers / No Purchase,Eligible,Treatment,2,0,0,0.0
C010453,Browsers / No Purchase,Suppressed,Suppressed,0,0,0,0.0
C010454,High-Value Loyalists,Eligible,Treatment,2,0,0,0.0
C010455,Lapsing Customers,Eligible,Treatment,1,0,0,0.0
C010456,Browsers / No Purchase,Eligible,Treatment,6,1,0,0.0
C010457,New Customers,Suppressed,Suppressed,0,0,0,0.0
C010458,High-Value Loyalists,Eligible,Treatment,6,0,0,0.0
C010459,Lapsing Customers,Suppressed,Suppressed,0,0,0,0.0
C010460,New Customers,Eligible,Treatment,3,0,1,55.67
C010461,Browsers / No Purchase,Eligible,Treatment,5,1,0,0.0
C010462,New Customers,Eligible,Control,0,0,0,0.0
C010463,High-Value Loyalists,Eligible,Control,0,0,0,0.0
C010464,Browsers / No Purchase,Eligible,Treatment,2,0,0,0.0
C010465,Lapsing Customers,Eligible,Treatment,2,0,0,0.0
C010466,Browsers / No Purchase,Eligible,Treatment,1,0,0,0.0
C010467,Lapsing Customers,Eligible,Treatment,6,0,0,0.0
C010468,High-Value Loyalists,Suppressed,Suppressed,0,0,0,0.0
C010469,Lapsing Customers,Eligible,Control,0,0,0,0.0
C010470,Lapsing Customers,Eligible,Treatment,4,0,0,0.0
C010471,Lapsing Customers,Suppressed,Suppressed,0,0,0,0.0
C010472,New Customers,Eligible,Treatment,1,0,0,0.0
C010473,Browsers / No Purchase,Eligible,Treatment,2,0,0,0.0
C010474,Browsers / No Purchase,Eligible,Treatment,3,0,0,0.0
C010475,Lapsing Customers,Eligible,Treatment,3,0,0,0.0
C010476,High-Value Loyalists,Eligible,Treatment,4,0,0,0.0
C010477,New Customers,Eligible,Treatment,3,1,0,0.0
C010478,Lapsing Customers,Eligible,Treatment,3,0,0,0.0
C010479,High-Value Loyalists,Eligible,Treatment,2,0,0,0.0
C010480,Browsers / No Purchase,Eligible,Treatment,1,0,0,0.0
C010481,Browsers / No Purchase,Eligible,Treatment,5,1,0,0.0
C010482,High-Value Loyalists,Eligible,Treatment,6,0,0,0.0
C010483,Browsers / No Purchase,Eligible,Treatment,5,0,0,0.0
C010484,New Customers,Eligible,Control,0,0,0,0.0
C010485,Lapsing Customers,Eligible,Treatment,4,2,0,0.0
C010486,New Customers,Eligible,Treatment,6,1,0,0.0
C010487,High-Value Loyalists,Eligible,Treatment,3,0,0,0.0
C010488,High-Value Loyalists,Eligible,Treatment,5,1,0,0.0
C010489,Browsers / No Purchase,Eligible,Treatment,2,0,0,0.0
C010490,New Customers,Eligible,Treatment,6,1,0,0.0
C010491,Lapsing Customers,Eligible,Treatment,5,0,0,0.0
C010492,Lapsing Customers,Suppressed,Suppressed,0,0,0,0.0
C010493,Browsers / No Purchase,Eligible,Treatment,1,0,0,0.0
C010494,Lapsing Customers,Eligible,Treatment,4,0,0,0.0
C010495,Browsers / No Purchase,Eligible,Treatment,4,0,1,84.83
C010496,Browsers / No Purchase,Eligible,Treatment,4,1,0,0.0
C010497,Lapsing Customers,Eligible,Treatment,3,0,0,0.0
C010498,New Customers,Eligible,Treatment,4,0,0,0.0
C010499,New Customers,Eligible,Treatment,2,1,0,0.0
C010500,Browsers / No Purchase,Eligible,Treatment,2,0,0,0.0
C010501,Lapsing Customers,Eligible,Treatment,6,0,0,0.0
C010502,High-Value Loyalists,Eligible,Control,0,0,0,0.0
C010503,High-Value Loyalists,Suppressed,Suppressed,0,0,0,0.0
C010504,New Customers,Eligible,Treatment,6,0,1,81.99
C010505,Browsers / No Purchase,Eligible,Treatment,4,0,0,0.0
C010506,Browsers / No Purchase,Eligible,Treatment,3,0,0,0.0
C010507,New Customers,Eligible,Treatment,6,0,0,0.0
C010508,High-Value Loyalists,Eligible,Treatment,1,1,0,0.0
C010509,High-Value Loyalists,Eligible,Treatment,5,1,0,0.0
C010510,Browsers / No Purchase,Eligible,Treatment,6,1,0,0.0
C010511,New Customers,Eligible,Control,0,0,0,0.0
C010512,Browsers / No Purchase,Eligible,Treatment,5,2,0,0.0
C010513,High-Value Loyalists,Eligible,Treatment,3,0,1,22.25
C010514,Lapsing Customers,Eligible,Control,0,0,0,0.0
C010515,Browsers / No Purchase,Eligible,Treatment,6,0,0,0.0
C010516,High-Value Loyalists,Eligible,Treatment,6,1,1,45.3
C010517,High-Value Loyalists,Eligible,Control,0,0,1,68.72
C010518,New Customers,Eligible,Treatment,5,0,0,0.0
C010519,New Customers,Eligible,Treatment,2,0,0,0.0
C010520,Browsers / No Purchase,Eligible,Treatment,1,0,0,0.0
C010521,Browsers / No Purchase,Eligible,Treatment,5,0,0,0.0
C010522,Browsers / No Purchase,Eligible,Control,0,0,0,0.0
C010523,High-Value Loyalists,Eligible,Treatment,3,0,0,0.0
C010524,New Customers,Eligible,Treatment,1,0,0,0.0
C010525,Browsers / No Purchase,Eligible,Treatment,1,0,0,0.0
C010526,Lapsing Customers,Eligible,Treatment,5,1,0,0.0
C010527,Browsers / No Purchase,Eligible,Treatment,1,1,0,0.0
C010528,New Customers,Eligible,Control,0,0,0,0.0
C010529,High-Value Loyalists,Suppressed,Suppressed,0,0,0,0.0
C010530,New Customers,Eligible,Treatment,3,2,0,0.0
C010531,New Customers,Eligible,Treatment,1,0,0,0.0
C010532,High-Value Loyalists,Eligible,Treatment,5,1,0,0.0
C010533,Lapsing Customers,Eligible,Treatment,3,0,0,0.0
C010534,Browsers / No Purchase,Suppressed,Suppressed,0,0,0,0.0
C010535,High-Value Loyalists,Eligible,Control,0,0,0,0.0
C010536,Lapsing Customers,Eligible,Treatment,6,0,0,0.0
C010537,New Customers,Eligible,Treatment,2,0,0,0.0
C010538,Browsers / No Purchase,Eligible,Control,0,0,0,0.0
C010539,New Customers,Eligible,Treatment,6,1,0,0.0
C010540,Browsers / No Purchase,Eligible,Treatment,1,0,0,0.0
C010541,Browsers / No Purchase,Eligible,Treatment,4,0,0,0.0
C010542,Lapsing Customers,Eligible,Treatment,1,0,0,0.0
C010543,High-Value Loyalists,Eligible,Control,0,0,0,0.0
C010544,Browsers / No Purchase,Eligible,Treatment,5,0,0,0.0
C010545,Lapsing Customers,Eligible,Treatment,2,0,0,0.0
C010546,Browsers / No Purchase,Eligible,Treatment,3,0,0,0.0
C010547,New Customers,Eligible,Treatment,4,0,0,0.0
C010548,Lapsing Customers,Suppressed,Suppressed,0,0,0,0.0
C010549,New Customers,Eligible,Treatment,4,0,1,101.75
C010550,New Customers,Eligible,Treatment,6,2,0,0.0
C010551,Browsers / No Purchase,Eligible,Control,0,0,0,0.0
C010552,Lapsing Customers,Eligible,Treatment,4,1,0,0.0
C010553,Browsers / No Purchase,Eligible,Treatment,5,0,0,0.0
C010554,High-Value Loyalists,Eligible,Treatment,6,2,0,0.0
C010555,Browsers / No Purchase,Suppressed,Suppressed,0,0,0,0.0
C010556,Browsers / No Purchase,Eligible,Treatment,1,0,0,0.0
C010557,Lapsing Customers,Eligible,Treatment,1,0,0,0.0
C010558,High-Value Loyalists,Eligible,Treatment,1,0,0,0.0
C010559,Browsers / No Purchase,Eligible,Treatment,1,0,0,0.0
C010560,Browsers / No Purchase,Eligible,Control,0,0,0,0.0
C010561,Lapsing Customers,Eligible,Treatment,3,0,0,0.0
C010562,New Customers,Eligible,Treatment,6,0,0,0.0
C010563,Browsers / No Purchase,Eligible,Treatment,2,0,1,122.59
C010564,High-Value Loyalists,Eligible,Treatment,5,0,0,0.0
C010565,New Customers,Eligible,Treatment,3,0,1,22.12
C010566,Lapsing Customers,Suppressed,Suppressed,0,0,0,0.0
C010567,High-Value Loyalists,Eligible,Treatment,5,1,0,0.0
C010568,Browsers / No Purchase,Eligible,Treatment,6,1,0,0.0
C010569,Lapsing Customers,Eligible,Treatment,2,0,0,0.0
C010570,Browsers / No Purchase,Eligible,Treatment,2,0,0,0.0
C010571,New Customers,Eligible,Treatment,5,1,0,0.0
C010572,New Customers,Eligible,Treatment,3,0,0,0.0
C010573,Lapsing Customers,Eligible,Treatment,4,0,0,0.0
C010574,Lapsing Customers,Eligible,Treatment,5,0,0,0.0
C010575,Browsers / No Purchase,Eligible,Treatment,5,0,0,0.0
C010576,New Customers,Eligible,Treatment,3,0,0,0.0
C010577,Browsers / No Purchase,Eligible,Treatment,4,0,0,0.0
C010578,Lapsing Customers,Eligible,Treatment,5,0,0,0.0
C010579,Lapsing Customers,Suppressed,Suppressed,0,0,0,0.0
C010580,High-Value Loyalists,Eligible,Treatment,4,0,1,149.89
C010581,Browsers / No Purchase,Suppressed,Suppressed,0,0,0,0.0
C010582,Lapsing Customers,Eligible,Control,0,0,0,0.0
C010583,New Customers,Eligible,Treatment,2,0,0,0.0
C010584,Lapsing Customers,Eligible,Treatment,2,0,0,0.0
C010585,Lapsing Customers,Suppressed,Suppressed,0,0,1,158.03
C010586,New Customers,Eligible,Treatment,4,0,0,0.0
C010587,New Customers,Eligible,Treatment,2,0,1,93.63
C010588,Browsers / No Purchase,Eligible,Treatment,4,0,0,0.0
C010589,High-Value Loyalists,Eligible,Treatment,2,0,0,0.0
C010590,New Customers,Eligible,Treatment,3,0,0,0.0
C010591,High-Value Loyalists,Suppressed,Suppressed,0,0,0,0.0
C010592,Browsers / No Purchase,Eligible,Control,0,0,1,118.8
C010593,New Customers,Suppressed,Suppressed,0,0,0,0.0
C010594,Lapsing Customers,Eligible,Treatment,6,0,1,127.08
C010595,Browsers / No Purchase,Eligible,Treatment,4,0,0,0.0
C010596,Lapsing Customers,Eligible,Treatment,2,0,0,0.0
C010597,Lapsing Customers,Suppressed,Suppressed,0,0,0,0.0
C010598,Lapsing Customers,Eligible,Treatment,1,0,0,0.0
C010599,High-Value Loyalists,Eligible,Treatment,5,0,1,77.34
C010600,Browsers / No Purchase,Eligible,Treatment,4,0,1,83.53
C010601,Browsers / No Purchase,Eligible,Treatment,6,1,0,0.0
C010602,Browsers / No Purchase,Eligible,Control,0,0,0,0.0
C010603,Browsers / No Purchase,Eligible,Treatment,1,0,0,0.0
C010604,Browsers / No Purchase,Eligible,Treatment,6,0,0,0.0
C010605,Lapsing Customers,Eligible,Treatment,4,0,1,64.75
C010606,High-Value Loyalists,Eligible,Treatment,6,0,0,0.0
C010607,Lapsing Customers,Eligible,Treatment,6,1,0,0.0
C010608,Browsers / No Purchase,Eligible,Treatment,5,0,0,0.0
C010609,Browsers / No Purchase,Eligible,Treatment,5,0,0,0.0
C010610,Browsers / No Purchase,Eligible,Treatment,1,0,0,0.0
C010611,Lapsing Customers,Eligible,Treatment,2,0,0,0.0
C010612,High-Value Loyalists,Suppressed,Suppressed,0,0,0,0.0
C010613,Browsers / No Purchase,Eligible,Treatment,6,1,0,0.0
C010614,High-Value Loyalists,Eligible,Treatment,4,0,0,0.0
C010615,New Customers,Eligible,Treatment,5,0,0,0.0
C010616,Lapsing Customers,Eligible,Control,0,0,0,0.0
C010617,Lapsing Customers,Eligible,Treatment,3,0,0,0.0
C010618,New Customers,Eligible,Treatment,6,0,0,0.0
C010619,Browsers / No Purchase,Suppressed,Suppressed,0,0,0,0.0
C010620,Browsers / No Purchase,Eligible,Treatment,6,0,0,0.0
C010621,New Customers,Eligible,Treatment,6,0,0,0.0
C010622,Lapsing Customers,Suppressed,Suppressed,0,0,0,0.0
C010623,Browsers / No Purchase,Eligible,Treatment,2,0,0,0.0
C010624,New Customers,Suppressed,Suppressed,0,0,0,0.0
C010625,New Customers,Eligible,Treatment,6,1,0,0.0
C010626,New Customers,Suppressed,Suppressed,0,0,0,0.0
C010627,Lapsing Customers,Eligible,Treatment,4,0,0,0.0
C010628,High-Value Loyalists,Eligible,Treatment,1,0,1,34.09
C010629,Browsers / No Purchase,Eligible,Treatment,6,1,0,0.0
C010630,New Customers,Eligible,Treatment,2,1,0,0.0
C010631,High-Value Loyalists,Eligible,Treatment,6,2,0,0.0
C010632,Lapsing Customers,Eligible,Treatment,5,3,0,0.0
C010633,Browsers / No Purchase,Eligible,Control,0,0,0,0.0
C010634,New Customers,Eligible,Treatment,4,1,0,0.0
C010635,New Customers,Eligible,Treatment,1,0,0,0.0
C010636,High-Value Loyalists,Eligible,Treatment,3,1,0,0.0
C010637,Browsers / No Purchase,Eligible,Treatment,5,0,0,0.0
C010638,Browsers / No Purchase,Eligible,Treatment,5,0,1,58.76
C010639,New Customers,Eligible,Control,0,0,0,0.0
C010640,Lapsing Customers,Eligible,Treatment,2,0,0,0.0
C010641,New Customers,Eligible,Treatment,4,0,0,0.0
C010642,Browsers / No Purchase,Eligible,Treatment,6,0,0,0.0
C010643,Browsers / No Purchase,Eligible,Treatment,4,1,0,0.0
C010644,Browsers / No Purchase,Eligible,Treatment,2,0,0,0.0
C010645,New Customers,Eligible,Control,0,0,0,0.0
C010646,Lapsing Customers,Eligible,Treatment,3,1,0,0.0
C010647,New Customers,Eligible,Treatment,6,0,0,0.0
C010648,Browsers / No Purchase,Eligible,Treatment,6,0,0,0.0
C010649,Lapsing Customers,Eligible,Treatment,1,0,0,0.0
C010650,Lapsing Customers,Eligible,Treatment,5,1,1,73.03
C010651,Browsers / No Purchase,Eligible,Control,0,0,0,0.0
C010652,Lapsing Customers,Eligible,Treatment,1,0,1,65.58
C010653,Browsers / No Purchase,Eligible,Treatment,1,0,0,0.0
C010654,High-Value Loyalists,Eligible,Treatment,1,0,0,0.0
C010655,Lapsing Customers,Eligible,Treatment,3,1,0,0.0
C010656,Lapsing Customers,Eligible,Treatment,4,0,0,0.0
C010657,New Customers,Suppressed,Suppressed,0,0,0,0.0
C010658,Browsers / No Purchase,Eligible,Control,0,0,0,0.0
C010659,Lapsing Customers,Eligible,Treatment,4,2,0,0.0
C010660,Lapsing Customers,Eligible,Treatment,6,0,0,0.0
C010661,High-Value Loyalists,Eligible,Treatment,1,0,0,0.0
C010662,Browsers / No Purchase,Eligible,Treatment,1,0,0,0.0
C010663,Browsers / No Purchase,Eligible,Treatment,1,1,0,0.0
C010664,Browsers / No Purchase,Eligible,Treatment,6,1,0,0.0
C010665,Lapsing Customers,Suppressed,Suppressed,0,0,0,0.0
C010666,New Customers,Eligible,Treatment,3,2,1,32.79
C010667,Lapsing Customers,Eligible,Treatment,3,0,0,0.0
C010668,High-Value Loyalists,Eligible,Treatment,3,0,0,0.0
C010669,High-Value Loyalists,Eligible,Treatment,6,0,0,0.0
C010670,High-Value Loyalists,Eligible,Treatment,4,0,0,0.0
C010671,High-Value Loyalists,Eligible,Treatment,5,1,0,0.0
C010672,Browsers / No Purchase,Eligible,Treatment,6,0,0,0.0
C010673,Lapsing Customers,Eligible,Treatment,4,0,0,0.0
C010674,Browsers / No Purchase,Eligible,Treatment,3,0,0,0.0
C010675,Browsers / No Purchase,Eligible,Treatment,3,1,0,0.0
C010676,New Customers,Eligible,Treatment,1,0,0,0.0
C010677,New Customers,Eligible,Control,0,0,0,0.0
C010678,Browsers / No Purchase,Eligible,Treatment,4,0,0,0.0
C010679,High-Value Loyalists,Eligible,Treatment,2,1,0,0.0
C010680,Lapsing Customers,Eligible,Treatment,4,0,0,0.0
C010681,New Customers,Eligible,Treatment,3,0,0,0.0
C010682,Browsers / No Purchase,Eligible,Treatment,6,0,0,0.0
C010683,Browsers / No Purchase,Eligible,Treatment,6,0,0,0.0
C010684,Browsers / No Purchase,Eligible,Treatment,4,0,0,0.0
C010685,New Customers,Eligible,Treatment,2,0,1,108.24
C010686,New Customers,Eligible,Treatment,4,0,1,78.98
C010687,Browsers / No Purchase,Eligible,Treatment,6,2,0,0.0
C010688,Browsers / No Purchase,Eligible,Treatment,6,0,0,0.0
C010689,New Customers,Eligible,Treatment,3,0,0,0.0
C010690,Browsers / No Purchase,Eligible,Treatment,2,0,0,0.0
C010691,Browsers / No Purchase,Eligible,Treatment,4,0,0,0.0
C010692,New Customers,Eligible,Treatment,1,0,0,0.0
C010693,High-Value Loyalists,Eligible,Treatment,3,0,0,0.0
C010694,Lapsing Customers,Suppressed,Suppressed,0,0,0,0.0
C010695,Browsers / No Purchase,Eligible,Treatment,4,1,0,0.0
C010696,High-Value Loyalists,Eligible,Treatment,5,0,0,0.0
C010697,Lapsing Customers,Eligible,Treatment,4,0,0,0.0
C010698,New Customers,Suppressed,Suppressed,0,0,0,0.0
C010699,Browsers / No Purchase,Eligible,Treatment,4,0,0,0.0
C010700,Browsers / No Purchase,Eligible,Treatment,2,0,0,0.0
C010701,Browsers / No Purchase,Eligible,Control,0,0,0,0.0
C010702,Lapsing Customers,Eligible,Control,0,0,0,0.0
C010703,High-Value Loyalists,Eligible,Treatment,1,0,0,0.0
C010704,New Customers,Eligible,Treatment,1,0,0,0.0
C010705,High-Value Loyalists,Eligible,Treatment,4,1,1,73.17
C010706,New Customers,Eligible,Treatment,5,2,0,0.0
C010707,Browsers / No Purchase,Eligible,Treatment,2,1,0,0.0
C010708,New Customers,Eligible,Treatment,2,0,0,0.0
C010709,New Customers,Suppressed,Suppressed,0,0,0,0.0
C010710,New Customers,Eligible,Treatment,4,1,1,25.22
C010711,Browsers / No Purchase,Eligible,Treatment,1,0,0,0.0
C010712,Lapsing Customers,Eligible,Control,0,0,0,0.0
C010713,New Customers,Suppressed,Suppressed,0,0,0,0.0
C010714,High-Value Loyalists,Eligible,Treatment,3,0,1,51.02
C010715,New Customers,Eligible,Treatment,3,0,0,0.0
C010716,Lapsing Customers,Eligible,Treatment,1,0,0,0.0
C010717,New Customers,Eligible,Control,0,0,0,0.0
C010718,Browsers / No Purchase,Eligible,Treatment,4,0,0,0.0
C010719,High-Value Loyalists,Eligible,Treatment,3,1,0,0.0
C010720,New Customers,Eligible,Treatment,4,0,0,0.0
C010721,High-Value Loyalists,Eligible,Treatment,2,0,0,0.0
C010722,Lapsing Customers,Eligible,Treatment,2,0,0,0.0
C010723,High-Value Loyalists,Eligible,Treatment,2,0,1,42.76
C010724,High-Value Loyalists,Eligible,Treatment,4,0,0,0.0
C010725,Browsers / No Purchase,Eligible,Treatment,3,0,0,0.0
C010726,Browsers / No Purchase,Eligible,Treatment,6,0,0,0.0
C010727,Browsers / No Purchase,Eligible,Treatment,6,0,0,0.0
C010728,New Customers,Eligible,Treatment,6,0,0,0.0
C010729,Browsers / No Purchase,Eligible,Treatment,1,0,0,0.0
C010730,Browsers / No Purchase,Eligible,Treatment,6,0,0,0.0
C010731,New Customers,Suppressed,Suppressed,0,0,0,0.0
C010732,High-Value Loyalists,Eligible,Treatment,5,1,1,98.1
C010733,Browsers / No Purchase,Eligible,Treatment,4,1,0,0.0
C010734,Browsers / No Purchase,Eligible,Treatment,5,0,0,0.0
C010735,Lapsing Customers,Eligible,Treatment,3,0,0,0.0
C010736,Lapsing Customers,Eligible,Treatment,5,1,0,0.0
C010737,Lapsing Customers,Eligible,Treatment,2,1,0,0.0
C010738,Lapsing Customers,Suppressed,Suppressed,0,0,0,0.0
C010739,Browsers / No Purchase,Suppressed,Suppressed,0,0,0,0.0
C010740,Lapsing Customers,Eligible,Treatment,2,0,1,107.47
C010741,Browsers / No Purchase,Eligible,Control,0,0,0,0.0
C010742,Browsers / No Purchase,Eligible,Treatment,5,0,0,0.0
C010743,High-Value Loyalists,Eligible,Treatment,2,0,0,0.0
C010744,Browsers / No Purchase,Eligible,Treatment,4,0,0,0.0
C010745,Browsers / No Purchase,Eligible,Treatment,4,1,0,0.0
C010746,New Customers,Eligible,Treatment,5,1,0,0.0
C010747,New Customers,Eligible,Treatment,4,0,0,0.0
C010748,Browsers / No Purchase,Eligible,Treatment,6,2,0,0.0
C010749,Lapsing Customers,Eligible,Treatment,4,0,0,0.0
C010750,High-Value Loyalists,Eligible,Treatment,3,0,1,64.33
C010751,Lapsing Customers,Eligible,Control,0,0,1,84.41
C010752,Lapsing Customers,Eligible,Treatment,6,1,0,0.0
C010753,New Customers,Eligible,Treatment,1,0,1,90.3
C010754,High-Value Loyalists,Eligible,Treatment,1,0,0,0.0
C010755,New Customers,Eligible,Control,0,0,0,0.0
C010756,Lapsing Customers,Eligible,Treatment,2,0,0,0.0
C010757,Browsers / No Purchase,Eligible,Treatment,4,0,0,0.0
C010758,New Customers,Eligible,Treatment,3,0,0,0.0
C010759,Browsers / No Purchase,Eligible,Treatment,4,0,0,0.0
C010760,Browsers / No Purchase,Eligible,Treatment,6,0,0,0.0
C010761,High-Value Loyalists,Eligible,Treatment,1,1,0,0.0
C010762,New Customers,Eligible,Treatment,6,0,0,0.0
C010763,Lapsing Customers,Eligible,Treatment,2,0,0,0.0
C010764,Browsers / No Purchase,Eligible,Treatment,4,0,0,0.0
C010765,New Customers,Eligible,Treatment,1,0,0,0.0
C010766,Lapsing Customers,Eligible,Treatment,4,1,0,0.0
C010767,Lapsing Customers,Eligible,Treatment,2,0,0,0.0
C010768,Lapsing Customers,Eligible,Control,0,0,0,0.0
C010769,Browsers / No Purchase,Eligible,Treatment,2,0,0,0.0
C010770,Browsers / No Purchase,Eligible,Treatment,6,0,0,0.0
C010771,High-Value Loyalists,Eligible,Treatment,4,1,0,0.0
C010772,Lapsing Customers,Suppressed,Suppressed,0,0,0,0.0
C010773,Lapsing Customers,Eligible,Treatment,6,1,0,0.0
C010774,New Customers,Suppressed,Suppressed,0,0,0,0.0
C010775,High-Value Loyalists,Eligible,Control,0,0,0,0.0
C010776,Lapsing Customers,Eligible,Control,0,0,0,0.0
C010777,Browsers / No Purchase,Eligible,Treatment,6,1,0,0.0
C010778,Lapsing Customers,Eligible,Treatment,1,0,0,0.0
C010779,Browsers / No Purchase,Eligible,Treatment,1,0,0,0.0
C010780,New Customers,Eligible,Treatment,6,0,1,61.23
C010781,Lapsing Customers,Eligible,Treatment,3,0,0,0.0
C010782,New Customers,Suppressed,Suppressed,0,0,0,0.0
C010783,Lapsing Customers,Eligible,Treatment,4,0,0,0.0
C010784,Lapsing Customers,Suppressed,Suppressed,0,0,0,0.0
C010785,Browsers / No Purchase,Eligible,Treatment,4,0,0,0.0
C010786,Browsers / No Purchase,Eligible,Treatment,5,0,0,0.0
C010787,Browsers / No Purchase,Eligible,Treatment,1,0,0,0.0
C010788,High-Value Loyalists,Eligible,Treatment,3,0,1,57.72
C010789,High-Value Loyalists,Eligible,Treatment,1,0,0,0.0
C010790,High-Value Loyalists,Eligible,Treatment,4,1,0,0.0
C010791,Browsers / No Purchase,Eligible,Treatment,1,0,0,0.0
C010792,Browsers / No Purchase,Eligible,Treatment,4,0,0,0.0
C010793,New Customers,Suppressed,Suppressed,0,0,0,0.0
C010794,Browsers / No Purchase,Eligible,Treatment,5,1,0,0.0
C010795,High-Value Loyalists,Eligible,Treatment,1,0,0,0.0
C010796,New Customers,Suppressed,Suppressed,0,0,0,0.0
C010797,High-Value Loyalists,Eligible,Treatment,6,0,0,0.0
C010798,Lapsing Customers,Eligible,Treatment,6,1,0,0.0
C010799,Browsers / No Purchase,Eligible,Treatment,1,1,0,0.0
C010800,Browsers / No Purchase,Eligible,Treatment,6,1,0,0.0
C010801,High-Value Loyalists,Eligible,Treatment,1,0,0,0.0
C010802,Lapsing Customers,Eligible,Treatment,1,1,0,0.0
C010803,New Customers,Eligible,Treatment,1,0,0,0.0
C010804,High-Value Loyalists,Eligible,Treatment,5,1,0,0.0
C010805,New Customers,Eligible,Treatment,6,0,0,0.0
C010806,New Customers,Eligible,Control,0,0,0,0.0
C010807,Lapsing Customers,Eligible,Treatment,2,0,0,0.0
C010808,Lapsing Customers,Eligible,Treatment,4,0,0,0.0
C010809,Lapsing Customers,Eligible,Treatment,3,0,0,0.0
C010810,Browsers / No Purchase,Eligible,Treatment,1,0,0,0.0
C010811,Lapsing Customers,Eligible,Treatment,3,1,0,0.0
C010812,New Customers,Eligible,Treatment,4,1,0,0.0
C010813,Lapsing Customers,Eligible,Treatment,5,0,0,0.0
C010814,Browsers / No Purchase,Eligible,Treatment,5,0,0,0.0
C010815,High-Value Loyalists,Eligible,Treatment,2,1,0,0.0
C010816,High-Value Loyalists,Eligible,Treatment,1,0,0,0.0
C010817,Browsers / No Purchase,Eligible,Treatment,6,0,0,0.0
C010818,Browsers / No Purchase,Eligible,Treatment,3,1,0,0.0
C010819,Lapsing Customers,Eligible,Treatment,3,1,0,0.0
C010820,Lapsing Customers,Eligible,Treatment,4,0,1,65.68
C010821,Browsers / No Purchase,Eligible,Treatment,2,1,1,74.51
C010822,High-Value Loyalists,Eligible,Treatment,1,0,0,0.0
C010823,High-Value Loyalists,Eligible,Treatment,4,1,1,55.7
C010824,Lapsing Customers,Eligible,Treatment,6,0,0,0.0
C010825,Lapsing Customers,Eligible,Treatment,3,0,0,0.0
C010826,New Customers,Eligible,Treatment,5,0,0,0.0
C010827,New Customers,Eligible,Treatment,3,0,0,0.0
C010828,New Customers,Suppressed,Suppressed,0,0,0,0.0
C010829,New Customers,Eligible,Treatment,5,0,0,0.0
C010830,Lapsing Customers,Suppressed,Suppressed,0,0,0,0.0
C010831,Browsers / No Purchase,Eligible,Treatment,3,0,1,74.03
C010832,High-Value Loyalists,Eligible,Treatment,1,0,0,0.0
C010833,Lapsing Customers,Suppressed,Suppressed,0,0,0,0.0
C010834,New Customers,Eligible,Treatment,6,1,0,0.0
C010835,Lapsing Customers,Eligible,Treatment,1,0,0,0.0
C010836,High-Value Loyalists,Eligible,Treatment,1,0,0,0.0
C010837,Lapsing Customers,Eligible,Treatment,4,0,0,0.0
C010838,Browsers / No Purchase,Eligible,Treatment,5,0,0,0.0
C010839,High-Value Loyalists,Suppressed,Suppressed,0,0,0,0.0
C010840,Browsers / No Purchase,Eligible,Control,0,0,0,0.0
C010841,Browsers / No Purchase,Eligible,Treatment,5,0,0,0.0
C010842,New Customers,Eligible,Treatment,5,1,0,0.0
C010843,Lapsing Customers,Eligible,Treatment,4,1,0,0.0
C010844,Browsers / No Purchase,Eligible,Treatment,3,0,0,0.0
C010845,Lapsing Customers,Eligible,Treatment,4,1,0,0.0
C010846,Browsers / No Purchase,Eligible,Treatment,3,1,0,0.0
C010847,Browsers / No Purchase,Eligible,Treatment,5,1,0,0.0
C010848,High-Value Loyalists,Eligible,Treatment,6,1,0,0.0
C010849,Browsers / No Purchase,Eligible,Treatment,5,1,0,0.0
C010850,New Customers,Eligible,Treatment,6,0,1,86.84
C010851,Lapsing Customers,Eligible,Treatment,6,0,1,82.2
C010852,Lapsing Customers,Eligible,Treatment,1,0,0,0.0
C010853,New Customers,Eligible,Treatment,3,0,0,0.0
C010854,Browsers / No Purchase,Eligible,Treatment,6,0,0,0.0
C010855,Browsers / No Purchase,Eligible,Treatment,3,0,0,0.0
C010856,Lapsing Customers,Eligible,Control,0,0,0,0.0
C010857,New Customers,Suppressed,Suppressed,0,0,0,0.0
C010858,New Customers,Eligible,Treatment,4,0,0,0.0
C010859,New Customers,Eligible,Treatment,6,1,0,0.0
C010860,New Customers,Eligible,Treatment,5,1,1,96.11
C010861,Lapsing Customers,Eligible,Treatment,6,0,0,0.0
C010862,Browsers / No Purchase,Eligible,Control,0,0,0,0.0
C010863,Lapsing Customers,Eligible,Treatment,6,0,0,0.0
C010864,Lapsing Customers,Suppressed,Suppressed,0,0,0,0.0
C010865,New Customers,Eligible,Treatment,2,0,0,0.0
C010866,Lapsing Customers,Eligible,Treatment,4,0,0,0.0
C010867,High-Value Loyalists,Eligible,Treatment,1,0,0,0.0
C010868,High-Value Loyalists,Eligible,Treatment,3,0,0,0.0
C010869,New Customers,Eligible,Treatment,2,0,0,0.0
C010870,Browsers / No Purchase,Eligible,Treatment,6,0,0,0.0
C010871,Lapsing Customers,Eligible,Treatment,1,0,0,0.0
C010872,High-Value Loyalists,Eligible,Treatment,5,1,0,0.0
C010873,Browsers / No Purchase,Eligible,Treatment,4,0,0,0.0
C010874,Lapsing Customers,Eligible,Treatment,5,1,1,108.31
C010875,Browsers / No Purchase,Eligible,Treatment,2,0,0,0.0
C010876,New Customers,Eligible,Treatment,1,0,0,0.0
C010877,Lapsing Customers,Suppressed,Suppressed,0,0,1,53.81
C010878,New Customers,Eligible,Treatment,2,0,0,0.0
C010879,Lapsing Customers,Eligible,Treatment,5,0,0,0.0
C010880,Browsers / No Purchase,Eligible,Treatment,4,0,0,0.0
C010881,High-Value Loyalists,Eligible,Treatment,3,0,0,0.0
C010882,Browsers / No Purchase,Eligible,Treatment,5,0,0,0.0
C010883,Browsers / No Purchase,Eligible,Treatment,2,0,0,0.0
C010884,Browsers / No Purchase,Eligible,Treatment,5,0,0,0.0
C010885,Browsers / No Purchase,Suppressed,Suppressed,0,0,0,0.0
C010886,Lapsing Customers,Eligible,Treatment,3,0,1,44.2
C010887,New Customers,Eligible,Treatment,4,0,0,0.0
C010888,Browsers / No Purchase,Suppressed,Suppressed,0,0,0,0.0
C010889,Lapsing Customers,Eligible,Control,0,0,0,0.0
C010890,High-Value Loyalists,Eligible,Treatment,6,1,0,0.0
C010891,Lapsing Customers,Eligible,Treatment,6,0,0,0.0
C010892,Lapsing Customers,Suppressed,Suppressed,0,0,1,65.7
C010893,Browsers / No Purchase,Eligible,Treatment,3,0,0,0.0
C010894,Lapsing Customers,Eligible,Treatment,1,0,0,0.0
C010895,New Customers,Eligible,Treatment,3,1,0,0.0
C010896,Browsers / No Purchase,Eligible,Treatment,4,0,0,0.0
C010897,Lapsing Customers,Eligible,Treatment,2,0,0,0.0
C010898,Browsers / No Purchase,Suppressed,Suppressed,0,0,0,0.0
C010899,High-Value Loyalists,Suppressed,Suppressed,0,0,0,0.0
C010900,High-Value Loyalists,Eligible,Treatment,3,0,0,0.0
C010901,High-Value Loyalists,Eligible,Treatment,2,0,0,0.0
C010902,Lapsing Customers,Eligible,Treatment,6,0,0,0.0
C010903,Lapsing Customers,Eligible,Treatment,1,1,0,0.0
C010904,Lapsing Customers,Eligible,Treatment,6,0,0,0.0
C010905,Lapsing Customers,Eligible,Treatment,4,1,0,0.0
C010906,High-Value Loyalists,Eligible,Treatment,5,0,1,56.46
C010907,New Customers,Eligible,Treatment,5,0,0,0.0
C010908,High-Value Loyalists,Eligible,Treatment,2,0,0,0.0
C010909,Browsers / No Purchase,Eligible,Treatment,5,0,0,0.0
C010910,Browsers / No Purchase,Eligible,Treatment,2,0,0,0.0
C010911,Browsers / No Purchase,Eligible,Treatment,2,0,0,0.0
C010912,New Customers,Eligible,Treatment,1,0,0,0.0
C010913,New Customers,Eligible,Treatment,6,0,0,0.0
C010914,New Customers,Eligible,Treatment,1,0,0,0.0
C010915,Browsers / No Purchase,Eligible,Treatment,3,1,0,0.0
C010916,Browsers / No Purchase,Suppressed,Suppressed,0,0,0,0.0
C010917,Lapsing Customers,Eligible,Treatment,6,0,0,0.0
C010918,New Customers,Eligible,Treatment,5,0,0,0.0
C010919,Browsers / No Purchase,Suppressed,Suppressed,0,0,0,0.0
C010920,High-Value Loyalists,Eligible,Treatment,2,0,0,0.0
C010921,New Customers,Eligible,Treatment,6,1,0,0.0
C010922,New Customers,Eligible,Treatment,1,0,0,0.0
C010923,Browsers / No Purchase,Eligible,Treatment,3,0,0,0.0
C010924,Lapsing Customers,Eligible,Treatment,6,1,0,0.0
C010925,Lapsing Customers,Eligible,Treatment,3,0,0,0.0
C010926,High-Value Loyalists,Eligible,Treatment,5,1,0,0.0
C010927,New Customers,Suppressed,Suppressed,0,0,0,0.0
C010928,Browsers / No Purchase,Eligible,Treatment,4,0,0,0.0
C010929,Browsers / No Purchase,Eligible,Treatment,4,1,0,0.0
C010930,Lapsing Customers,Eligible,Treatment,4,0,0,0.0
C010931,Lapsing Customers,Suppressed,Suppressed,0,0,0,0.0
C010932,Browsers / No Purchase,Eligible,Treatment,6,0,0,0.0
C010933,Browsers / No Purchase,Eligible,Treatment,5,1,0,0.0
C010934,New Customers,Eligible,Treatment,4,0,0,0.0
C010935,Lapsing Customers,Eligible,Treatment,1,0,0,0.0
C010936,High-Value Loyalists,Eligible,Treatment,1,0,0,0.0
C010937,Browsers / No Purchase,Eligible,Control,0,0,0,0.0
C010938,New Customers,Suppressed,Suppressed,0,0,1,122.82
C010939,Lapsing Customers,Eligible,Treatment,4,0,0,0.0
C010940,Browsers / No Purchase,Suppressed,Suppressed,0,0,0,0.0
C010941,New Customers,Suppressed,Suppressed,0,0,0,0.0
C010942,Browsers / No Purchase,Suppressed,Suppressed,0,0,0,0.0
C010943,Lapsing Customers,Eligible,Treatment,2,1,0,0.0
C010944,Lapsing Customers,Eligible,Treatment,3,1,1,128.27
C010945,Browsers / No Purchase,Eligible,Control,0,0,0,0.0
C010946,Browsers / No Purchase,Eligible,Treatment,5,1,0,0.0
C010947,Browsers / No Purchase,Eligible,Treatment,1,0,0,0.0
C010948,Browsers / No Purchase,Eligible,Treatment,5,1,0,0.0
C010949,Lapsing Customers,Eligible,Treatment,5,1,0,0.0
C010950,Lapsing Customers,Eligible,Treatment,1,0,0,0.0
C010951,Lapsing Customers,Eligible,Treatment,6,1,0,0.0
C010952,Browsers / No Purchase,Eligible,Treatment,6,0,0,0.0
C010953,Lapsing Customers,Eligible,Treatment,3,0,0,0.0
C010954,Browsers / No Purchase,Eligible,Treatment,4,0,0,0.0
C010955,Browsers / No Purchase,Eligible,Treatment,5,1,0,0.0
C010956,Browsers / No Purchase,Eligible,Treatment,5,1,0,0.0
C010957,Browsers / No Purchase,Eligible,Treatment,1,0,0,0.0
C010958,New Customers,Eligible,Treatment,4,2,1,73.83
C010959,New Customers,Eligible,Treatment,1,1,1,91.34
C010960,Browsers / No Purchase,Eligible,Treatment,3,0,0,0.0
C010961,Lapsing Customers,Eligible,Treatment,6,0,0,0.0
C010962,High-Value Loyalists,Suppressed,Suppressed,0,0,0,0.0
C010963,Browsers / No Purchase,Eligible,Treatment,4,1,0,0.0
C010964,New Customers,Eligible,Treatment,2,1,0,0.0
C010965,New Customers,Eligible,Treatment,6,0,0,0.0
C010966,High-Value Loyalists,Eligible,Treatment,5,0,0,0.0
C010967,New Customers,Eligible,Control,0,0,0,0.0
C010968,Browsers / No Purchase,Eligible,Treatment,1,1,0,0.0
C010969,New Customers,Suppressed,Suppressed,0,0,0,0.0
C010970,Lapsing Customers,Eligible,Treatment,2,1,0,0.0
C010971,New Customers,Suppressed,Suppressed,0,0,0,0.0
C010972,Browsers / No Purchase,Eligible,Control,0,0,0,0.0
C010973,Browsers / No Purchase,Eligible,Treatment,6,2,0,0.0
C010974,Lapsing Customers,Eligible,Treatment,2,0,0,0.0
C010975,New Customers,Eligible,Treatment,2,0,0,0.0
C010976,Lapsing Customers,Eligible,Treatment,4,1,1,124.09
C010977,Lapsing Customers,Eligible,Treatment,6,0,0,0.0
C010978,Lapsing Customers,Eligible,Treatment,3,0,0,0.0
C010979,New Customers,Suppressed,Suppressed,0,0,0,0.0
C010980,New Customers,Suppressed,Suppressed,0,0,0,0.0
C010981,Lapsing Customers,Eligible,Treatment,5,0,0,0.0
C010982,Lapsing Customers,Eligible,Treatment,5,1,1,47.0
C010983,High-Value Loyalists,Eligible,Control,0,0,0,0.0
C010984,High-Value Loyalists,Eligible,Treatment,2,0,1,70.44
C010985,Browsers / No Purchase,Eligible,Treatment,4,0,0,0.0
C010986,Lapsing Customers,Eligible,Treatment,2,0,0,0.0
C010987,High-Value Loyalists,Suppressed,Suppressed,0,0,0,0.0
C010988,Browsers / No Purchase,Eligible,Treatment,2,0,0,0.0
C010989,Lapsing Customers,Eligible,Treatment,5,1,0,0.0
C010990,Browsers / No Purchase,Eligible,Control,0,0,0,0.0
C010991,New Customers,Eligible,Treatment,6,2,0,0.0
C010992,Browsers / No Purchase,Eligible,Treatment,1,0,0,0.0
C010993,New Customers,Eligible,Treatment,2,0,0,0.0
C010994,High-Value Loyalists,Suppressed,Suppressed,0,0,1,101.4
C010995,Browsers / No Purchase,Eligible,Treatment,3,0,0,0.0
C010996,Browsers / No Purchase,Eligible,Treatment,4,1,0,0.0
C010997,Lapsing Customers,Suppressed,Suppressed,0,0,0,0.0
C010998,Browsers / No Purchase,Eligible,Treatment,1,0,0,0.0
C010999,New Customers,Eligible,Treatment,2,0,0,0.0
C011000,Browsers / No Purchase,Eligible,Treatment,3,0,0,0.0
C011001,Browsers / No Purchase,Eligible,Treatment,4,1,0,0.0
C011002,High-Value Loyalists,Suppressed,Suppressed,0,0,0,0.0
C011003,Browsers / No Purchase,Eligible,Treatment,1,0,0,0.0
C011004,Browsers / No Purchase,Suppressed,Suppressed,0,0,0,0.0
C011005,Browsers / No Purchase,Suppressed,Suppressed,0,0,0,0.0
C011006,High-Value Loyalists,Eligible,Treatment,6,1,1,78.07
C011007,Browsers / No Purchase,Eligible,Control,0,0,0,0.0
C011008,New Customers,Eligible,Treatment,1,0,0,0.0
C011009,Lapsing Customers,Eligible,Treatment,4,0,0,0.0
C011010,Browsers / No Purchase,Eligible,Treatment,4,0,0,0.0
C011011,New Customers,Eligible,Treatment,1,0,0,0.0
C011012,Browsers / No Purchase,Suppressed,Suppressed,0,0,0,0.0
C011013,New Customers,Eligible,Treatment,5,0,0,0.0
C011014,Lapsing Customers,Eligible,Treatment,4,1,0,0.0
C011015,Browsers / No Purchase,Eligible,Treatment,4,0,0,0.0
C011016,New Customers,Eligible,Treatment,4,0,0,0.0
C011017,New Customers,Eligible,Treatment,6,1,0,0.0
C011018,Lapsing Customers,Eligible,Treatment,4,0,0,0.0
C011019,High-Value Loyalists,Eligible,Treatment,5,0,0,0.0
C011020,New Customers,Eligible,Treatment,6,1,0,0.0
C011021,Lapsing Customers,Eligible,Treatment,4,0,0,0.0
C011022,Browsers / No Purchase,Eligible,Treatment,3,0,0,0.0
C011023,Browsers / No Purchase,Eligible,Treatment,5,0,0,0.0
C011024,Browsers / No Purchase,Eligible,Treatment,4,0,0,0.0
C011025,Lapsing Customers,Eligible,Treatment,5,2,0,0.0
C011026,Browsers / No Purchase,Eligible,Treatment,2,0,0,0.0
C011027,High-Value Loyalists,Eligible,Control,0,0,1,70.26
C011028,Browsers / No Purchase,Eligible,Control,0,0,0,0.0
C011029,New Customers,Eligible,Treatment,5,1,1,59.96
C011030,Browsers / No Purchase,Eligible,Treatment,4,0,0,0.0
C011031,Lapsing Customers,Eligible,Treatment,1,0,0,0.0
C011032,Lapsing Customers,Eligible,Treatment,5,1,1,64.01
C011033,Browsers / No Purchase,Eligible,Treatment,4,1,0,0.0
C011034,New Customers,Eligible,Treatment,6,0,0,0.0
C011035,Browsers / No Purchase,Eligible,Control,0,0,0,0.0
C011036,Browsers / No Purchase,Suppressed,Suppressed,0,0,0,0.0
C011037,New Customers,Eligible,Treatment,6,0,0,0.0
C011038,Lapsing Customers,Eligible,Treatment,5,0,0,0.0
C011039,New Customers,Suppressed,Suppressed,0,0,0,0.0
C011040,Browsers / No Purchase,Eligible,Treatment,3,0,0,0.0
C011041,Browsers / No Purchase,Eligible,Treatment,1,0,0,0.0
C011042,Lapsing Customers,Eligible,Treatment,2,0,0,0.0
C011043,Browsers / No Purchase,Eligible,Control,0,0,0,0.0
C011044,Lapsing Customers,Eligible,Treatment,5,0,0,0.0
C011045,New Customers,Eligible,Treatment,4,0,0,0.0
C011046,Browsers / No Purchase,Eligible,Control,0,0,0,0.0
C011047,Browsers / No Purchase,Eligible,Treatment,3,1,0,0.0
C011048,Lapsing Customers,Eligible,Treatment,6,1,0,0.0
C011049,Lapsing Customers,Eligible,Control,0,0,0,0.0
C011050,Lapsing Customers,Eligible,Treatment,6,1,0,0.0
C011051,High-Value Loyalists,Eligible,Treatment,2,0,1,113.79
C011052,Lapsing Customers,Eligible,Treatment,1,0,1,121.54
C011053,Browsers / No Purchase,Eligible,Treatment,2,0,0,0.0
C011054,Lapsing Customers,Eligible,Treatment,1,0,0,0.0
C011055,Lapsing Customers,Eligible,Treatment,1,0,0,0.0
C011056,Browsers / No Purchase,Eligible,Treatment,3,0,0,0.0
C011057,Lapsing Customers,Eligible,Treatment,3,0,0,0.0
C011058,Lapsing Customers,Eligible,Treatment,2,0,0,0.0
C011059,Browsers / No Purchase,Eligible,Treatment,1,0,0,0.0
C011060,High-Value Loyalists,Eligible,Treatment,2,0,0,0.0
C011061,Lapsing Customers,Eligible,Treatment,5,0,0,0.0
C011062,New Customers,Eligible,Treatment,3,0,0,0.0
C011063,Lapsing Customers,Eligible,Treatment,4,2,0,0.0
C011064,Lapsing Customers,Eligible,Control,0,0,0,0.0
C011065,Lapsing Customers,Eligible,Treatment,5,0,0,0.0
C011066,Lapsing Customers,Eligible,Treatment,1,0,0,0.0
C011067,Browsers / No Purchase,Eligible,Treatment,4,0,1,112.34
C011068,Lapsing Customers,Eligible,Treatment,6,0,0,0.0
C011069,Lapsing Customers,Suppressed,Suppressed,0,0,0,0.0
C011070,Lapsing Customers,Eligible,Treatment,4,0,0,0.0
C011071,Browsers / No Purchase,Eligible,Treatment,6,0,1,53.96
C011072,High-Value Loyalists,Eligible,Control,0,0,0,0.0
C011073,Browsers / No Purchase,Eligible,Treatment,3,0,0,0.0
C011074,Lapsing Customers,Eligible,Treatment,1,0,0,0.0
C011075,Browsers / No Purchase,Eligible,Treatment,5,0,0,0.0
C011076,Lapsing Customers,Eligible,Treatment,1,0,1,45.87
C011077,High-Value Loyalists,Eligible,Treatment,3,0,0,0.0
C011078,New Customers,Eligible,Treatment,2,0,0,0.0
C011079,Lapsing Customers,Eligible,Treatment,1,0,0,0.0
C011080,Browsers / No Purchase,Eligible,Treatment,6,0,0,0.0
C011081,New Customers,Eligible,Treatment,6,0,0,0.0
C011082,New Customers,Eligible,Treatment,6,0,0,0.0
C011083,High-Value Loyalists,Eligible,Treatment,2,0,1,140.41
C011084,Browsers / No Purchase,Suppressed,Suppressed,0,0,0,0.0
C011085,Lapsing Customers,Suppressed,Suppressed,0,0,0,0.0
C011086,Browsers / No Purchase,Eligible,Treatment,3,0,0,0.0
C011087,Browsers / No Purchase,Eligible,Treatment,3,0,0,0.0
C011088,New Customers,Eligible,Treatment,3,1,0,0.0
C011089,Browsers / No Purchase,Eligible,Treatment,5,0,0,0.0
C011090,New Customers,Eligible,Treatment,2,0,0,0.0
C011091,New Customers,Eligible,Treatment,5,0,0,0.0
C011092,Lapsing Customers,Eligible,Treatment,6,0,0,0.0
C011093,New Customers,Suppressed,Suppressed,0,0,1,34.08
C011094,Lapsing Customers,Eligible,Treatment,5,0,0,0.0
C011095,High-Value Loyalists,Eligible,Treatment,4,0,0,0.0
C011096,Browsers / No Purchase,Eligible,Treatment,3,0,0,0.0
C011097,High-Value Loyalists,Eligible,Treatment,1,0,0,0.0
C011098,New Customers,Eligible,Treatment,1,0,0,0.0
C011099,High-Value Loyalists,Eligible,Treatment,3,0,1,40.44
C011100,Lapsing Customers,Eligible,Treatment,1,0,0,0.0
C011101,Browsers / No Purchase,Eligible,Treatment,2,0,0,0.0
C011102,High-Value Loyalists,Eligible,Treatment,4,0,0,0.0
C011103,New Customers,Eligible,Treatment,1,0,0,0.0
C011104,New Customers,Eligible,Treatment,5,0,0,0.0
C011105,Browsers / No Purchase,Eligible,Treatment,4,0,0,0.0
C011106,High-Value Loyalists,Eligible,Treatment,4,0,0,0.0
C011107,Browsers / No Purchase,Suppressed,Suppressed,0,0,0,0.0
C011108,Lapsing Customers,Suppressed,Suppressed,0,0,1,61.97
C011109,Lapsing Customers,Suppressed,Suppressed,0,0,0,0.0
C011110,Lapsing Customers,Suppressed,Suppressed,0,0,0,0.0
C011111,Lapsing Customers,Eligible,Treatment,1,0,0,0.0
C011112,New Customers,Eligible,Treatment,5,0,0,0.0
C011113,High-Value Loyalists,Eligible,Treatment,4,0,0,0.0
C011114,Lapsing Customers,Eligible,Treatment,4,0,0,0.0
C011115,New Customers,Eligible,Treatment,1,0,0,0.0
C011116,New Customers,Eligible,Control,0,0,0,0.0
C011117,High-Value Loyalists,Eligible,Treatment,1,0,0,0.0
C011118,Lapsing Customers,Eligible,Treatment,3,0,0,0.0
C011119,Lapsing Customers,Eligible,Treatment,2,0,0,0.0
C011120,New Customers,Eligible,Treatment,1,0,0,0.0
C011121,Browsers / No Purchase,Eligible,Treatment,6,1,0,0.0
C011122,New Customers,Eligible,Control,0,0,0,0.0
C011123,New Customers,Suppressed,Suppressed,0,0,0,0.0
C011124,High-Value Loyalists,Eligible,Treatment,2,0,1,73.91
C011125,Browsers / No Purchase,Eligible,Treatment,5,1,0,0.0
C011126,Lapsing Customers,Eligible,Treatment,2,0,0,0.0
C011127,Lapsing Customers,Eligible,Treatment,3,0,0,0.0
C011128,Lapsing Customers,Eligible,Treatment,4,1,1,93.78
C011129,High-Value Loyalists,Eligible,Treatment,4,0,0,0.0
C011130,Browsers / No Purchase,Eligible,Treatment,4,1,0,0.0
C011131,Lapsing Customers,Eligible,Treatment,2,0,0,0.0
C011132,Lapsing Customers,Eligible,Treatment,1,0,0,0.0
C011133,High-Value Loyalists,Eligible,Treatment,3,0,0,0.0
C011134,Browsers / No Purchase,Eligible,Treatment,4,0,0,0.0
C011135,Browsers / No Purchase,Eligible,Treatment,1,0,0,0.0
C011136,Browsers / No Purchase,Eligible,Treatment,2,0,0,0.0
C011137,Browsers / No Purchase,Eligible,Treatment,3,0,0,0.0
C011138,Browsers / No Purchase,Suppressed,Suppressed,0,0,0,0.0
C011139,Lapsing Customers,Eligible,Treatment,6,1,0,0.0
C011140,High-Value Loyalists,Eligible,Treatment,6,0,1,63.95
C011141,Lapsing Customers,Eligible,Treatment,4,2,0,0.0
C011142,Lapsing Customers,Eligible,Treatment,2,0,0,0.0
C011143,Browsers / No Purchase,Eligible,Control,0,0,0,0.0
C011144,High-Value Loyalists,Eligible,Treatment,3,0,0,0.0
C011145,High-Value Loyalists,Eligible,Treatment,4,0,0,0.0
C011146,New Customers,Eligible,Treatment,1,0,0,0.0
C011147,High-Value Loyalists,Eligible,Treatment,2,0,0,0.0
C011148,High-Value Loyalists,Eligible,Treatment,6,0,1,69.94
C011149,High-Value Loyalists,Eligible,Treatment,4,0,1,96.31
C011150,New Customers,Eligible,Treatment,1,0,0,0.0
C011151,High-Value Loyalists,Eligible,Treatment,3,1,1,97.37
C011152,High-Value Loyalists,Eligible,Treatment,1,0,0,0.0
C011153,Lapsing Customers,Eligible,Treatment,3,0,0,0.0
C011154,Browsers / No Purchase,Eligible,Treatment,3,0,0,0.0
C011155,Lapsing Customers,Eligible,Treatment,4,1,0,0.0
C011156,High-Value Loyalists,Eligible,Treatment,1,0,0,0.0
C011157,Browsers / No Purchase,Suppressed,Suppressed,0,0,0,0.0
C011158,Browsers / No Purchase,Eligible,Treatment,2,0,0,0.0
C011159,High-Value Loyalists,Eligible,Treatment,5,0,1,22.4
C011160,Lapsing Customers,Eligible,Control,0,0,0,0.0
C011161,High-Value Loyalists,Eligible,Treatment,5,2,1,46.45
C011162,Browsers / No Purchase,Eligible,Treatment,3,0,0,0.0
C011163,Lapsing Customers,Eligible,Treatment,3,0,0,0.0
C011164,Browsers / No Purchase,Eligible,Treatment,6,2,0,0.0
C011165,Browsers / No Purchase,Eligible,Treatment,4,0,0,0.0
C011166,New Customers,Eligible,Treatment,3,0,0,0.0
C011167,High-Value Loyalists,Eligible,Treatment,1,0,0,0.0
C011168,Browsers / No Purchase,Eligible,Treatment,5,1,0,0.0
C011169,Browsers / No Purchase,Suppressed,Suppressed,0,0,0,0.0
C011170,Browsers / No Purchase,Eligible,Treatment,6,0,0,0.0
C011171,High-Value Loyalists,Eligible,Treatment,5,0,0,0.0
C011172,Browsers / No Purchase,Eligible,Treatment,6,0,0,0.0
C011173,Browsers / No Purchase,Eligible,Control,0,0,0,0.0
C011174,Browsers / No Purchase,Eligible,Treatment,6,2,0,0.0
C011175,New Customers,Eligible,Treatment,5,0,0,0.0
C011176,New Customers,Eligible,Treatment,5,0,0,0.0
C011177,Lapsing Customers,Suppressed,Suppressed,0,0,0,0.0
C011178,Browsers / No Purchase,Eligible,Treatment,1,0,0,0.0
C011179,Browsers / No Purchase,Eligible,Treatment,2,0,0,0.0
C011180,New Customers,Eligible,Treatment,2,0,0,0.0
C011181,Lapsing Customers,Eligible,Treatment,6,1,0,0.0
C011182,High-Value Loyalists,Eligible,Control,0,0,0,0.0
C011183,New Customers,Eligible,Treatment,2,0,0,0.0
C011184,Browsers / No Purchase,Eligible,Treatment,5,0,0,0.0
C011185,High-Value Loyalists,Eligible,Control,0,0,0,0.0
C011186,Lapsing Customers,Eligible,Treatment,3,0,0,0.0
C011187,Browsers / No Purchase,Eligible,Treatment,4,1,0,0.0
C011188,New Customers,Eligible,Treatment,4,0,0,0.0
C011189,Lapsing Customers,Eligible,Treatment,1,0,0,0.0
C011190,Lapsing Customers,Eligible,Treatment,5,0,0,0.0
C011191,Lapsing Customers,Eligible,Treatment,3,0,0,0.0
C011192,High-Value Loyalists,Eligible,Treatment,1,0,0,0.0
C011193,New Customers,Eligible,Treatment,1,0,0,0.0
C011194,New Customers,Eligible,Treatment,6,0,0,0.0
C011195,New Customers,Eligible,Treatment,6,1,0,0.0
C011196,New Customers,Suppressed,Suppressed,0,0,0,0.0
C011197,High-Value Loyalists,Eligible,Treatment,5,0,0,0.0
C011198,High-Value Loyalists,Eligible,Treatment,4,0,0,0.0
C011199,High-Value Loyalists,Eligible,Control,0,0,0,0.0
C011200,High-Value Loyalists,Eligible,Treatment,2,0,1,85.12
C011201,Browsers / No Purchase,Eligible,Treatment,2,0,0,0.0
C011202,High-Value Loyalists,Eligible,Treatment,1,0,0,0.0
C011203,New Customers,Eligible,Treatment,1,0,0,0.0
C011204,High-Value Loyalists,Eligible,Treatment,4,0,0,0.0
C011205,High-Value Loyalists,Eligible,Treatment,4,0,0,0.0
C011206,High-Value Loyalists,Eligible,Treatment,6,0,1,42.24
C011207,New Customers,Eligible,Treatment,6,0,1,44.42
C011208,New Customers,Eligible,Treatment,5,0,0,0.0
C011209,Browsers / No Purchase,Eligible,Treatment,5,1,0,0.0
C011210,High-Value Loyalists,Eligible,Treatment,5,1,0,0.0
C011211,New Customers,Eligible,Treatment,4,0,0,0.0
C011212,Browsers / No Purchase,Eligible,Treatment,3,0,0,0.0
C011213,Lapsing Customers,Eligible,Treatment,3,0,0,0.0
C011214,High-Value Loyalists,Eligible,Treatment,4,0,0,0.0
C011215,High-Value Loyalists,Eligible,Treatment,4,0,0,0.0
C011216,High-Value Loyalists,Eligible,Treatment,4,0,0,0.0
C011217,Browsers / No Purchase,Eligible,Control,0,0,0,0.0
C011218,Lapsing Customers,Eligible,Treatment,1,0,0,0.0
C011219,New Customers,Eligible,Treatment,4,0,1,116.65
C011220,Browsers / No Purchase,Eligible,Treatment,4,1,0,0.0
C011221,Lapsing Customers,Eligible,Treatment,1,0,0,0.0
C011222,New Customers,Eligible,Treatment,1,1,0,0.0
C011223,High-Value Loyalists,Eligible,Control,0,0,0,0.0
C011224,New Customers,Eligible,Treatment,5,0,0,0.0
C011225,High-Value Loyalists,Suppressed,Suppressed,0,0,1,58.12
C011226,Lapsing Customers,Eligible,Treatment,6,1,0,0.0
C011227,Lapsing Customers,Eligible,Treatment,1,0,0,0.0
C011228,Browsers / No Purchase,Eligible,Treatment,6,0,0,0.0
C011229,New Customers,Eligible,Control,0,0,0,0.0
C011230,Browsers / No Purchase,Eligible,Treatment,2,0,0,0.0
C011231,High-Value Loyalists,Eligible,Treatment,2,0,0,0.0
C011232,Browsers / No Purchase,Eligible,Control,0,0,0,0.0
C011233,High-Value Loyalists,Eligible,Treatment,2,0,1,88.82
C011234,Browsers / No Purchase,Eligible,Treatment,5,1,0,0.0
C011235,Browsers / No Purchase,Eligible,Treatment,2,0,0,0.0
C011236,New Customers,Suppressed,Suppressed,0,0,0,0.0
C011237,Lapsing Customers,Eligible,Treatment,6,1,0,0.0
C011238,Browsers / No Purchase,Eligible,Treatment,1,0,0,0.0
C011239,Browsers / No Purchase,Eligible,Control,0,0,0,0.0
C011240,High-Value Loyalists,Eligible,Treatment,4,1,0,0.0
C011241,Browsers / No Purchase,Eligible,Control,0,0,0,0.0
C011242,High-Value Loyalists,Eligible,Treatment,4,0,0,0.0
C011243,New Customers,Eligible,Treatment,2,0,0,0.0
C011244,New Customers,Eligible,Treatment,5,1,0,0.0
C011245,Browsers / No Purchase,Eligible,Treatment,2,0,0,0.0
C011246,Lapsing Customers,Eligible,Treatment,5,0,0,0.0
C011247,Lapsing Customers,Eligible,Treatment,6,0,0,0.0
C011248,New Customers,Eligible,Control,0,0,0,0.0
C011249,Lapsing Customers,Eligible,Treatment,5,0,0,0.0
C011250,New Customers,Eligible,Treatment,1,0,0,0.0
C011251,Lapsing Customers,Eligible,Treatment,2,0,0,0.0
C011252,Browsers / No Purchase,Eligible,Treatment,4,2,0,0.0
C011253,Lapsing Customers,Suppressed,Suppressed,0,0,0,0.0
C011254,High-Value Loyalists,Eligible,Treatment,6,0,0,0.0
C011255,Lapsing Customers,Suppressed,Suppressed,0,0,0,0.0
C011256,High-Value Loyalists,Eligible,Treatment,1,0,0,0.0
C011257,Lapsing Customers,Eligible,Treatment,6,1,0,0.0
C011258,Lapsing Customers,Eligible,Treatment,6,1,0,0.0
C011259,New Customers,Eligible,Treatment,2,0,0,0.0
C011260,Lapsing Customers,Eligible,Treatment,1,0,0,0.0
C011261,New Customers,Eligible,Treatment,3,0,1,70.74
C011262,Browsers / No Purchase,Eligible,Treatment,6,1,0,0.0
C011263,New Customers,Eligible,Treatment,1,0,0,0.0
C011264,Lapsing Customers,Eligible,Treatment,6,0,0,0.0
C011265,High-Value Loyalists,Eligible,Treatment,2,0,1,135.72
C011266,High-Value Loyalists,Suppressed,Suppressed,0,0,0,0.0
C011267,New Customers,Eligible,Treatment,4,0,0,0.0
C011268,New Customers,Eligible,Treatment,3,0,0,0.0
C011269,High-Value Loyalists,Eligible,Treatment,4,1,0,0.0
C011270,High-Value Loyalists,Eligible,Treatment,6,0,0,0.0
C011271,Lapsing Customers,Suppressed,Suppressed,0,0,1,40.7
C011272,Lapsing Customers,Eligible,Treatment,3,0,0,0.0
C011273,Browsers / No Purchase,Eligible,Treatment,5,2,0,0.0
C011274,Lapsing Customers,Eligible,Treatment,1,0,0,0.0
C011275,High-Value Loyalists,Eligible,Treatment,5,0,0,0.0
C011276,Lapsing Customers,Eligible,Treatment,3,0,0,0.0
C011277,High-Value Loyalists,Eligible,Treatment,2,0,1,55.3
C011278,High-Value Loyalists,Eligible,Treatment,5,1,0,0.0
C011279,Lapsing Customers,Eligible,Treatment,4,0,0,0.0
C011280,Lapsing Customers,Eligible,Treatment,1,0,0,0.0
C011281,High-Value Loyalists,Eligible,Treatment,6,1,0,0.0
C011282,New Customers,Eligible,Treatment,3,0,1,51.19
C011283,New Customers,Eligible,Treatment,1,0,0,0.0
C011284,High-Value Loyalists,Eligible,Treatment,4,0,0,0.0
C011285,Browsers / No Purchase,Eligible,Treatment,3,0,0,0.0
C011286,Lapsing Customers,Eligible,Treatment,5,0,0,0.0
C011287,Browsers / No Purchase,Suppressed,Suppressed,0,0,0,0.0
C011288,Browsers / No Purchase,Eligible,Control,0,0,0,0.0
C011289,Lapsing Customers,Eligible,Treatment,6,2,0,0.0
C011290,Lapsing Customers,Suppressed,Suppressed,0,0,0,0.0
C011291,Browsers / No Purchase,Eligible,Treatment,3,0,0,0.0
C011292,Lapsing Customers,Eligible,Treatment,2,0,0,0.0
C011293,High-Value Loyalists,Eligible,Control,0,0,1,104.27
C011294,New Customers,Eligible,Treatment,4,0,0,0.0
C011295,New Customers,Suppressed,Suppressed,0,0,0,0.0
C011296,Browsers / No Purchase,Eligible,Treatment,4,0,0,0.0
C011297,Browsers / No Purchase,Eligible,Treatment,1,0,0,0.0
C011298,Browsers / No Purchase,Eligible,Treatment,3,0,0,0.0
C011299,Browsers / No Purchase,Eligible,Control,0,0,0,0.0
C011300,New Customers,Eligible,Treatment,4,0,0,0.0
C011301,New Customers,Eligible,Treatment,3,0,0,0.0
C011302,Browsers / No Purchase,Eligible,Treatment,3,0,0,0.0
C011303,Browsers / No Purchase,Eligible,Treatment,1,0,0,0.0
C011304,Browsers / No Purchase,Suppressed,Suppressed,0,0,0,0.0
C011305,Browsers / No Purchase,Eligible,Treatment,1,0,0,0.0
C011306,New Customers,Eligible,Treatment,1,1,0,0.0
C011307,Lapsing Customers,Eligible,Treatment,5,0,0,0.0
C011308,Browsers / No Purchase,Eligible,Treatment,4,0,0,0.0
C011309,High-Value Loyalists,Eligible,Treatment,5,2,0,0.0
C011310,Lapsing Customers,Eligible,Treatment,6,1,0,0.0
C011311,Lapsing Customers,Suppressed,Suppressed,0,0,0,0.0
C011312,New Customers,Eligible,Treatment,3,0,0,0.0
C011313,New Customers,Eligible,Treatment,2,0,0,0.0
C011314,High-Value Loyalists,Eligible,Treatment,4,0,0,0.0
C011315,High-Value Loyalists,Eligible,Treatment,5,0,0,0.0
C011316,Lapsing Customers,Eligible,Treatment,5,1,0,0.0
C011317,Lapsing Customers,Eligible,Treatment,3,1,1,103.03
C011318,High-Value Loyalists,Eligible,Treatment,4,0,1,48.85
C011319,New Customers,Eligible,Control,0,0,0,0.0
C011320,Lapsing Customers,Eligible,Treatment,1,0,0,0.0
C011321,Lapsing Customers,Eligible,Treatment,3,0,0,0.0
C011322,Lapsing Customers,Eligible,Control,0,0,0,0.0
C011323,New Customers,Suppressed,Suppressed,0,0,0,0.0
C011324,Browsers / No Purchase,Eligible,Treatment,1,0,0,0.0
C011325,High-Value Loyalists,Eligible,Treatment,2,0,1,67.24
C011326,Lapsing Customers,Eligible,Treatment,6,1,0,0.0
C011327,New Customers,Eligible,Treatment,1,0,0,0.0
C011328,High-Value Loyalists,Suppressed,Suppressed,0,0,0,0.0
C011329,Browsers / No Purchase,Eligible,Treatment,5,0,0,0.0
C011330,Browsers / No Purchase,Eligible,Treatment,2,1,0,0.0
C011331,New Customers,Eligible,Treatment,5,0,0,0.0
C011332,Browsers / No Purchase,Eligible,Treatment,4,0,0,0.0
C011333,Lapsing Customers,Eligible,Treatment,4,0,0,0.0
C011334,Lapsing Customers,Eligible,Control,0,0,0,0.0
C011335,High-Value Loyalists,Eligible,Treatment,4,0,1,82.32
C011336,High-Value Loyalists,Eligible,Control,0,0,0,0.0
C011337,Lapsing Customers,Eligible,Treatment,2,0,0,0.0
C011338,Lapsing Customers,Suppressed,Suppressed,0,0,0,0.0
C011339,New Customers,Eligible,Treatment,5,0,0,0.0
C011340,Lapsing Customers,Eligible,Treatment,1,1,0,0.0
C011341,New Customers,Eligible,Treatment,4,1,0,0.0
C011342,High-Value Loyalists,Suppressed,Suppressed,0,0,0,0.0
C011343,Lapsing Customers,Eligible,Treatment,3,0,0,0.0
C011344,High-Value Loyalists,Eligible,Treatment,3,0,1,61.41
C011345,New Customers,Suppressed,Suppressed,0,0,0,0.0
C011346,New Customers,Eligible,Treatment,5,0,0,0.0
C011347,Browsers / No Purchase,Eligible,Treatment,5,0,0,0.0
C011348,High-Value Loyalists,Eligible,Treatment,6,0,0,0.0
C011349,Lapsing Customers,Suppressed,Suppressed,0,0,0,0.0
C011350,Browsers / No Purchase,Eligible,Treatment,6,0,0,0.0
C011351,High-Value Loyalists,Eligible,Treatment,3,0,1,95.76
C011352,Lapsing Customers,Eligible,Treatment,1,0,0,0.0
C011353,High-Value Loyalists,Eligible,Treatment,6,1,0,0.0
C011354,High-Value Loyalists,Suppressed,Suppressed,0,0,0,0.0
C011355,Lapsing Customers,Eligible,Treatment,4,1,0,0.0
C011356,High-Value Loyalists,Suppressed,Suppressed,0,0,0,0.0
C011357,New Customers,Eligible,Treatment,4,1,1,23.5
C011358,Browsers / No Purchase,Eligible,Control,0,0,0,0.0
C011359,Lapsing Customers,Eligible,Treatment,2,0,0,0.0
C011360,High-Value Loyalists,Eligible,Treatment,5,0,0,0.0
C011361,Browsers / No Purchase,Eligible,Treatment,1,1,0,0.0
C011362,Lapsing Customers,Eligible,Treatment,2,2,1,105.68
C011363,Browsers / No Purchase,Eligible,Treatment,2,1,0,0.0
C011364,Lapsing Customers,Eligible,Treatment,3,1,0,0.0
C011365,New Customers,Eligible,Treatment,1,0,0,0.0
C011366,Browsers / No Purchase,Eligible,Treatment,2,1,0,0.0
C011367,High-Value Loyalists,Eligible,Treatment,1,0,1,91.66
C011368,Browsers / No Purchase,Eligible,Treatment,2,0,0,0.0
C011369,New Customers,Eligible,Treatment,1,0,0,0.0
C011370,Browsers / No Purchase,Suppressed,Suppressed,0,0,0,0.0
C011371,High-Value Loyalists,Suppressed,Suppressed,0,0,0,0.0
C011372,Lapsing Customers,Eligible,Treatment,5,0,0,0.0
C011373,High-Value Loyalists,Eligible,Treatment,1,0,0,0.0
C011374,Browsers / No Purchase,Eligible,Treatment,5,0,0,0.0
C011375,High-Value Loyalists,Eligible,Treatment,6,0,1,82.23
C011376,High-Value Loyalists,Eligible,Treatment,4,0,1,194.96
C011377,Browsers / No Purchase,Eligible,Control,0,0,0,0.0
C011378,Lapsing Customers,Eligible,Treatment,6,0,0,0.0
C011379,New Customers,Eligible,Treatment,6,3,0,0.0
C011380,Lapsing Customers,Eligible,Treatment,5,0,0,0.0
C011381,New Customers,Eligible,Treatment,3,1,0,0.0
C011382,High-Value Loyalists,Eligible,Treatment,3,0,0,0.0
C011383,Lapsing Customers,Eligible,Treatment,2,0,0,0.0
C011384,New Customers,Suppressed,Suppressed,0,0,0,0.0
C011385,Lapsing Customers,Eligible,Control,0,0,0,0.0
C011386,Lapsing Customers,Suppressed,Suppressed,0,0,0,0.0
C011387,High-Value Loyalists,Eligible,Treatment,3,0,0,0.0
C011388,Browsers / No Purchase,Eligible,Treatment,3,1,0,0.0
C011389,High-Value Loyalists,Eligible,Treatment,5,0,0,0.0
C011390,Lapsing Customers,Eligible,Treatment,1,1,0,0.0
C011391,Lapsing Customers,Eligible,Treatment,3,1,0,0.0
C011392,Lapsing Customers,Eligible,Treatment,6,1,0,0.0
C011393,Browsers / No Purchase,Eligible,Treatment,4,1,0,0.0
C011394,Lapsing Customers,Suppressed,Suppressed,0,0,0,0.0
C011395,Browsers / No Purchase,Eligible,Control,0,0,0,0.0
C011396,New Customers,Eligible,Treatment,1,0,0,0.0
C011397,Browsers / No Purchase,Eligible,Treatment,3,0,0,0.0
C011398,Browsers / No Purchase,Eligible,Treatment,5,0,0,0.0
C011399,High-Value Loyalists,Eligible,Treatment,3,0,0,0.0
C011400,Browsers / No Purchase,Eligible,Treatment,6,1,0,0.0
C011401,Browsers / No Purchase,Eligible,Treatment,5,0,0,0.0
C011402,New Customers,Eligible,Treatment,6,1,0,0.0
C011403,High-Value Loyalists,Suppressed,Suppressed,0,0,0,0.0
C011404,High-Value Loyalists,Eligible,Treatment,2,0,0,0.0
C011405,New Customers,Eligible,Control,0,0,0,0.0
C011406,Lapsing Customers,Eligible,Treatment,6,1,0,0.0
C011407,New Customers,Eligible,Treatment,4,0,0,0.0
C011408,Lapsing Customers,Eligible,Control,0,0,0,0.0
C011409,New Customers,Eligible,Treatment,6,0,0,0.0
C011410,High-Value Loyalists,Eligible,Treatment,2,0,0,0.0
C011411,High-Value Loyalists,Eligible,Treatment,1,0,1,103.05
C011412,High-Value Loyalists,Eligible,Treatment,2,1,0,0.0
C011413,Browsers / No Purchase,Eligible,Treatment,2,2,0,0.0
C011414,New Customers,Eligible,Treatment,1,1,0,0.0
C011415,Browsers / No Purchase,Eligible,Treatment,2,0,1,76.67
C011416,Browsers / No Purchase,Eligible,Treatment,4,1,0,0.0
C011417,Browsers / No Purchase,Suppressed,Suppressed,0,0,0,0.0
C011418,New Customers,Eligible,Treatment,5,0,0,0.0
C011419,Browsers / No Purchase,Eligible,Control,0,0,0,0.0
C011420,Browsers / No Purchase,Eligible,Control,0,0,0,0.0
C011421,Browsers / No Purchase,Suppressed,Suppressed,0,0,0,0.0
C011422,High-Value Loyalists,Suppressed,Suppressed,0,0,0,0.0
C011423,New Customers,Eligible,Treatment,5,1,0,0.0
C011424,High-Value Loyalists,Eligible,Treatment,4,2,0,0.0
C011425,High-Value Loyalists,Eligible,Treatment,1,0,0,0.0
C011426,New Customers,Eligible,Treatment,6,1,0,0.0
C011427,Browsers / No Purchase,Eligible,Treatment,4,0,0,0.0
C011428,High-Value Loyalists,Suppressed,Suppressed,0,0,1,135.15
C011429,High-Value Loyalists,Eligible,Treatment,5,0,1,81.69
C011430,Browsers / No Purchase,Suppressed,Suppressed,0,0,0,0.0
C011431,High-Value Loyalists,Eligible,Treatment,1,0,0,0.0
C011432,High-Value Loyalists,Suppressed,Suppressed,0,0,1,69.6
C011433,Browsers / No Purchase,Eligible,Treatment,3,0,0,0.0
C011434,Browsers / No Purchase,Eligible,Treatment,2,0,0,0.0
C011435,New Customers,Eligible,Treatment,3,1,0,0.0
C011436,New Customers,Eligible,Treatment,1,1,0,0.0
C011437,Lapsing Customers,Suppressed,Suppressed,0,0,0,0.0
C011438,Lapsing Customers,Eligible,Treatment,2,0,1,112.57
C011439,Browsers / No Purchase,Eligible,Control,0,0,0,0.0
C011440,Browsers / No Purchase,Eligible,Treatment,4,1,0,0.0
C011441,Lapsing Customers,Eligible,Treatment,3,0,0,0.0
C011442,Lapsing Customers,Eligible,Treatment,1,0,0,0.0
C011443,Lapsing Customers,Eligible,Control,0,0,0,0.0
C011444,High-Value Loyalists,Eligible,Treatment,2,0,0,0.0
C011445,Lapsing Customers,Eligible,Treatment,2,0,0,0.0
C011446,High-Value Loyalists,Eligible,Treatment,3,1,0,0.0
C011447,Browsers / No Purchase,Eligible,Treatment,1,0,0,0.0
C011448,Lapsing Customers,Eligible,Treatment,3,1,0,0.0
C011449,New Customers,Eligible,Treatment,2,1,0,0.0
C011450,New Customers,Eligible,Treatment,6,0,0,0.0
C011451,Browsers / No Purchase,Eligible,Treatment,3,0,0,0.0
C011452,Browsers / No Purchase,Eligible,Treatment,4,0,0,0.0
C011453,Lapsing Customers,Suppressed,Suppressed,0,0,0,0.0
C011454,High-Value Loyalists,Eligible,Control,0,0,0,0.0
C011455,Browsers / No Purchase,Eligible,Treatment,1,0,0,0.0
C011456,High-Value Loyalists,Eligible,Treatment,3,0,1,163.94
C011457,Lapsing Customers,Eligible,Treatment,4,0,1,75.81
C011458,High-Value Loyalists,Eligible,Treatment,4,0,1,68.17
C011459,Browsers / No Purchase,Eligible,Treatment,4,0,0,0.0
C011460,High-Value Loyalists,Eligible,Treatment,4,0,0,0.0
C011461,New Customers,Eligible,Treatment,3,0,0,0.0
C011462,Lapsing Customers,Eligible,Treatment,1,0,1,119.69
C011463,New Customers,Eligible,Treatment,6,1,1,105.7
C011464,Lapsing Customers,Eligible,Treatment,1,0,0,0.0
C011465,Browsers / No Purchase,Eligible,Treatment,2,0,0,0.0
C011466,Browsers / No Purchase,Eligible,Treatment,2,0,0,0.0
C011467,Lapsing Customers,Eligible,Treatment,2,0,0,0.0
C011468,Lapsing Customers,Eligible,Treatment,1,0,0,0.0
C011469,Browsers / No Purchase,Eligible,Treatment,5,0,0,0.0
C011470,Browsers / No Purchase,Eligible,Treatment,5,0,0,0.0
C011471,Lapsing Customers,Eligible,Treatment,2,0,0,0.0
C011472,Lapsing Customers,Eligible,Treatment,6,0,0,0.0
C011473,High-Value Loyalists,Eligible,Treatment,2,1,0,0.0
C011474,High-Value Loyalists,Eligible,Treatment,3,1,0,0.0
C011475,High-Value Loyalists,Eligible,Treatment,3,0,0,0.0
C011476,High-Value Loyalists,Eligible,Treatment,2,0,0,0.0
C011477,High-Value Loyalists,Suppressed,Suppressed,0,0,0,0.0
C011478,Browsers / No Purchase,Eligible,Treatment,1,0,1,119.79
C011479,Browsers / No Purchase,Eligible,Treatment,6,0,0,0.0
C011480,Browsers / No Purchase,Eligible,Treatment,4,0,1,71.03
C011481,New Customers,Suppressed,Suppressed,0,0,0,0.0
C011482,New Customers,Eligible,Control,0,0,0,0.0
C011483,High-Value Loyalists,Eligible,Treatment,5,0,0,0.0
C011484,New Customers,Eligible,Treatment,6,1,0,0.0
C011485,Lapsing Customers,Eligible,Treatment,3,0,0,0.0
C011486,New Customers,Eligible,Treatment,6,0,1,60.48
C011487,Browsers / No Purchase,Eligible,Treatment,4,0,0,0.0
C011488,Browsers / No Purchase,Eligible,Control,0,0,0,0.0
C011489,Lapsing Customers,Eligible,Treatment,3,0,0,0.0
C011490,Browsers / No Purchase,Suppressed,Suppressed,0,0,0,0.0
C011491,High-Value Loyalists,Eligible,Treatment,5,0,0,0.0
C011492,High-Value Loyalists,Eligible,Treatment,6,0,0,0.0
C011493,High-Value Loyalists,Eligible,Treatment,3,0,0,0.0
C011494,High-Value Loyalists,Eligible,Control,0,0,0,0.0
C011495,New Customers,Suppressed,Suppressed,0,0,0,0.0
C011496,Lapsing Customers,Suppressed,Suppressed,0,0,0,0.0
C011497,High-Value Loyalists,Eligible,Treatment,1,0,0,0.0
C011498,Browsers / No Purchase,Eligible,Treatment,4,0,0,0.0
C011499,New Customers,Eligible,Treatment,3,0,1,36.09
C011500,Lapsing Customers,Eligible,Treatment,4,0,0,0.0
C011501,New Customers,Eligible,Treatment,3,0,0,0.0
C011502,New Customers,Eligible,Control,0,0,0,0.0
C011503,Lapsing Customers,Suppressed,Suppressed,0,0,0,0.0
C011504,New Customers,Eligible,Treatment,3,0,0,0.0
C011505,Browsers / No Purchase,Eligible,Treatment,6,0,0,0.0
C011506,Lapsing Customers,Eligible,Treatment,2,0,0,0.0
C011507,New Customers,Eligible,Treatment,4,0,0,0.0
C011508,High-Value Loyalists,Eligible,Treatment,5,0,0,0.0
C011509,Browsers / No Purchase,Eligible,Treatment,5,0,0,0.0
C011510,Lapsing Customers,Eligible,Treatment,1,0,0,0.0
C011511,Lapsing Customers,Eligible,Treatment,4,0,0,0.0
C011512,Browsers / No Purchase,Eligible,Treatment,2,1,0,0.0
C011513,New Customers,Eligible,Treatment,3,0,0,0.0
C011514,High-Value Loyalists,Suppressed,Suppressed,0,0,0,0.0
C011515,Lapsing Customers,Suppressed,Suppressed,0,0,0,0.0
C011516,Lapsing Customers,Suppressed,Suppressed,0,0,0,0.0
C011517,Browsers / No Purchase,Eligible,Treatment,4,0,0,0.0
C011518,Lapsing Customers,Suppressed,Suppressed,0,0,0,0.0
C011519,Lapsing Customers,Eligible,Control,0,0,0,0.0
C011520,New Customers,Eligible,Treatment,6,1,0,0.0
C011521,Lapsing Customers,Eligible,Treatment,2,0,0,0.0
C011522,High-Value Loyalists,Eligible,Treatment,1,0,0,0.0
C011523,Browsers / No Purchase,Eligible,Control,0,0,0,0.0
C011524,High-Value Loyalists,Eligible,Treatment,4,2,0,0.0
C011525,Browsers / No Purchase,Eligible,Treatment,6,1,0,0.0
C011526,Browsers / No Purchase,Eligible,Treatment,2,0,0,0.0
C011527,High-Value Loyalists,Eligible,Treatment,6,2,0,0.0
C011528,Browsers / No Purchase,Eligible,Treatment,3,0,0,0.0
C011529,Browsers / No Purchase,Eligible,Treatment,1,0,0,0.0
C011530,New Customers,Eligible,Treatment,5,1,0,0.0
C011531,New Customers,Eligible,Control,0,0,0,0.0
C011532,High-Value Loyalists,Eligible,Treatment,6,1,1,77.23
C011533,High-Value Loyalists,Eligible,Treatment,4,0,0,0.0
C011534,Browsers / No Purchase,Eligible,Treatment,6,1,0,0.0
C011535,High-Value Loyalists,Eligible,Treatment,6,2,0,0.0
C011536,Lapsing Customers,Eligible,Treatment,4,1,0,0.0
C011537,New Customers,Suppressed,Suppressed,0,0,0,0.0
C011538,High-Value Loyalists,Suppressed,Suppressed,0,0,0,0.0
C011539,Browsers / No Purchase,Eligible,Treatment,6,0,0,0.0
C011540,Browsers / No Purchase,Eligible,Treatment,3,0,0,0.0
C011541,Browsers / No Purchase,Eligible,Treatment,6,2,1,40.47
C011542,High-Value Loyalists,Eligible,Treatment,4,0,0,0.0
C011543,Lapsing Customers,Eligible,Treatment,6,1,0,0.0
C011544,Browsers / No Purchase,Eligible,Treatment,1,0,0,0.0
C011545,Lapsing Customers,Eligible,Treatment,2,0,1,134.35
C011546,New Customers,Eligible,Treatment,3,0,0,0.0
C011547,New Customers,Eligible,Treatment,5,0,1,74.33
C011548,Lapsing Customers,Eligible,Treatment,1,0,0,0.0
C011549,Lapsing Customers,Eligible,Treatment,2,0,1,73.39
C011550,New Customers,Eligible,Treatment,1,0,1,91.5
C011551,High-Value Loyalists,Eligible,Treatment,2,0,0,0.0
C011552,Browsers / No Purchase,Eligible,Treatment,6,0,0,0.0
C011553,New Customers,Eligible,Control,0,0,0,0.0
C011554,High-Value Loyalists,Eligible,Treatment,2,0,0,0.0
C011555,Browsers / No Purchase,Eligible,Control,0,0,0,0.0
C011556,Lapsing Customers,Eligible,Treatment,3,0,1,180.64
C011557,Lapsing Customers,Eligible,Control,0,0,0,0.0
C011558,Browsers / No Purchase,Eligible,Control,0,0,0,0.0
C011559,Browsers / No Purchase,Suppressed,Suppressed,0,0,0,0.0
C011560,New Customers,Eligible,Control,0,0,0,0.0
C011561,Browsers / No Purchase,Eligible,Treatment,1,0,0,0.0
C011562,New Customers,Eligible,Treatment,6,1,0,0.0
C011563,Lapsing Customers,Eligible,Treatment,6,0,0,0.0
C011564,High-Value Loyalists,Suppressed,Suppressed,0,0,0,0.0
C011565,High-Value Loyalists,Eligible,Treatment,3,0,0,0.0
C011566,Lapsing Customers,Suppressed,Suppressed,0,0,0,0.0
C011567,Lapsing Customers,Suppressed,Suppressed,0,0,0,0.0
C011568,Browsers / No Purchase,Eligible,Treatment,3,0,0,0.0
C011569,Lapsing Customers,Suppressed,Suppressed,0,0,0,0.0
C011570,New Customers,Eligible,Treatment,2,0,0,0.0
C011571,Browsers / No Purchase,Eligible,Treatment,3,0,0,0.0
C011572,Browsers / No Purchase,Eligible,Treatment,6,1,0,0.0
C011573,Lapsing Customers,Eligible,Control,0,0,1,88.13
C011574,Browsers / No Purchase,Eligible,Treatment,1,0,0,0.0
C011575,Browsers / No Purchase,Suppressed,Suppressed,0,0,0,0.0
C011576,High-Value Loyalists,Eligible,Treatment,5,1,0,0.0
C011577,Lapsing Customers,Eligible,Treatment,2,0,0,0.0
C011578,Lapsing Customers,Suppressed,Suppressed,0,0,0,0.0
C011579,New Customers,Eligible,Treatment,5,1,1,47.31
C011580,New Customers,Eligible,Control,0,0,1,91.11
C011581,New Customers,Suppressed,Suppressed,0,0,0,0.0
C011582,Browsers / No Purchase,Eligible,Control,0,0,0,0.0
C011583,Lapsing Customers,Eligible,Treatment,5,0,0,0.0
C011584,Lapsing Customers,Eligible,Treatment,4,0,0,0.0
C011585,Browsers / No Purchase,Suppressed,Suppressed,0,0,0,0.0
C011586,Browsers / No Purchase,Eligible,Control,0,0,0,0.0
C011587,Browsers / No Purchase,Eligible,Treatment,1,0,0,0.0
C011588,Lapsing Customers,Eligible,Treatment,2,0,1,33.23
C011589,High-Value Loyalists,Eligible,Control,0,0,0,0.0
C011590,Lapsing Customers,Eligible,Treatment,2,1,0,0.0
C011591,Lapsing Customers,Eligible,Treatment,2,0,0,0.0
C011592,Lapsing Customers,Eligible,Treatment,5,0,0,0.0
C011593,Browsers / No Purchase,Suppressed,Suppressed,0,0,0,0.0
C011594,New Customers,Eligible,Treatment,4,0,0,0.0
C011595,Lapsing Customers,Eligible,Treatment,5,0,0,0.0
C011596,Lapsing Customers,Eligible,Treatment,6,0,0,0.0
C011597,Lapsing Customers,Eligible,Treatment,3,0,0,0.0
C011598,Lapsing Customers,Eligible,Control,0,0,0,0.0
C011599,Browsers / No Purchase,Eligible,Treatment,5,0,0,0.0
C011600,High-Value Loyalists,Eligible,Treatment,2,0,1,91.85
C011601,Browsers / No Purchase,Eligible,Treatment,1,0,0,0.0
C011602,High-Value Loyalists,Eligible,Treatment,4,2,0,0.0
C011603,Lapsing Customers,Eligible,Treatment,2,0,0,0.0
C011604,Browsers / No Purchase,Eligible,Treatment,1,0,0,0.0
C011605,High-Value Loyalists,Eligible,Treatment,4,2,0,0.0
C011606,High-Value Loyalists,Eligible,Control,0,0,0,0.0
C011607,New Customers,Eligible,Treatment,6,0,0,0.0
C011608,Lapsing Customers,Eligible,Treatment,2,0,0,0.0
C011609,High-Value Loyalists,Eligible,Treatment,5,0,0,0.0
C011610,High-Value Loyalists,Eligible,Treatment,4,1,1,38.33
C011611,High-Value Loyalists,Eligible,Treatment,2,1,0,0.0
C011612,New Customers,Eligible,Treatment,1,0,0,0.0
C011613,Lapsing Customers,Eligible,Treatment,1,0,1,36.35
C011614,Browsers / No Purchase,Eligible,Treatment,3,0,0,0.0
C011615,Browsers / No Purchase,Eligible,Treatment,5,0,0,0.0
C011616,High-Value Loyalists,Eligible,Treatment,4,0,0,0.0
C011617,Lapsing Customers,Eligible,Treatment,2,0,1,124.15
C011618,High-Value Loyalists,Eligible,Treatment,4,1,0,0.0
C011619,Lapsing Customers,Eligible,Treatment,3,0,0,0.0
C011620,Lapsing Customers,Eligible,Treatment,6,0,0,0.0
C011621,Browsers / No Purchase,Eligible,Treatment,6,0,0,0.0
C011622,Lapsing Customers,Eligible,Control,0,0,0,0.0
C011623,New Customers,Eligible,Treatment,5,2,0,0.0
C011624,New Customers,Eligible,Treatment,4,0,0,0.0
C011625,Browsers / No Purchase,Eligible,Treatment,4,1,0,0.0
C011626,Lapsing Customers,Eligible,Treatment,4,0,0,0.0
C011627,Lapsing Customers,Suppressed,Suppressed,0,0,1,28.7
C011628,Browsers / No Purchase,Suppressed,Suppressed,0,0,0,0.0
C011629,Lapsing Customers,Eligible,Treatment,5,0,0,0.0
C011630,New Customers,Eligible,Treatment,6,1,0,0.0
C011631,New Customers,Eligible,Control,0,0,0,0.0
C011632,New Customers,Eligible,Control,0,0,0,0.0
C011633,Lapsing Customers,Eligible,Treatment,6,0,0,0.0
C011634,High-Value Loyalists,Eligible,Treatment,5,0,0,0.0
C011635,New Customers,Eligible,Control,0,0,0,0.0
C011636,New Customers,Eligible,Treatment,1,0,0,0.0
C011637,Browsers / No Purchase,Eligible,Treatment,3,1,0,0.0
C011638,Browsers / No Purchase,Eligible,Treatment,1,0,0,0.0
C011639,Browsers / No Purchase,Eligible,Treatment,5,0,0,0.0
C011640,Browsers / No Purchase,Eligible,Treatment,5,1,0,0.0
C011641,Browsers / No Purchase,Suppressed,Suppressed,0,0,1,78.14
C011642,High-Value Loyalists,Eligible,Control,0,0,0,0.0
C011643,Lapsing Customers,Eligible,Control,0,0,0,0.0
C011644,New Customers,Suppressed,Suppressed,0,0,0,0.0
C011645,New Customers,Eligible,Treatment,6,0,1,85.22
C011646,High-Value Loyalists,Eligible,Treatment,3,1,0,0.0
C011647,New Customers,Eligible,Treatment,3,0,0,0.0
C011648,Lapsing Customers,Eligible,Treatment,1,0,1,118.16
C011649,Lapsing Customers,Eligible,Control,0,0,0,0.0
C011650,Browsers / No Purchase,Eligible,Treatment,4,0,0,0.0
C011651,Lapsing Customers,Suppressed,Suppressed,0,0,0,0.0
C011652,New Customers,Eligible,Treatment,4,0,0,0.0
C011653,New Customers,Eligible,Treatment,2,0,0,0.0
C011654,New Customers,Eligible,Treatment,2,1,0,0.0
C011655,Lapsing Customers,Eligible,Treatment,3,0,0,0.0
C011656,New Customers,Suppressed,Suppressed,0,0,0,0.0
C011657,Lapsing Customers,Eligible,Treatment,6,0,1,73.73
C011658,New Customers,Eligible,Treatment,4,1,0,0.0
C011659,High-Value Loyalists,Eligible,Treatment,5,0,0,0.0
C011660,Browsers / No Purchase,Eligible,Treatment,2,0,0,0.0
C011661,Browsers / No Purchase,Eligible,Treatment,2,0,0,0.0
C011662,Lapsing Customers,Eligible,Treatment,5,2,0,0.0
C011663,Lapsing Customers,Eligible,Treatment,3,0,0,0.0
C011664,Lapsing Customers,Eligible,Treatment,4,1,0,0.0
C011665,Browsers / No Purchase,Suppressed,Suppressed,0,0,0,0.0
C011666,New Customers,Eligible,Treatment,1,1,1,23.02
C011667,Browsers / No Purchase,Eligible,Treatment,3,0,0,0.0
C011668,Browsers / No Purchase,Eligible,Treatment,4,0,0,0.0
C011669,Lapsing Customers,Eligible,Treatment,4,0,0,0.0
C011670,New Customers,Eligible,Treatment,2,0,0,0.0
C011671,Lapsing Customers,Eligible,Treatment,3,0,0,0.0
C011672,New Customers,Suppressed,Suppressed,0,0,0,0.0
C011673,Lapsing Customers,Eligible,Treatment,4,0,0,0.0
C011674,Browsers / No Purchase,Eligible,Treatment,3,0,0,0.0
C011675,High-Value Loyalists,Eligible,Treatment,2,0,1,81.85
C011676,Lapsing Customers,Eligible,Treatment,1,0,0,0.0
C011677,Lapsing Customers,Eligible,Treatment,6,0,0,0.0
C011678,Browsers / No Purchase,Eligible,Treatment,4,1,0,0.0
C011679,New Customers,Eligible,Treatment,1,0,0,0.0
C011680,Lapsing Customers,Eligible,Treatment,2,0,0,0.0
C011681,Lapsing Customers,Eligible,Treatment,6,0,0,0.0
C011682,Lapsing Customers,Suppressed,Suppressed,0,0,0,0.0
C011683,Browsers / No Purchase,Eligible,Treatment,4,0,0,0.0
C011684,Browsers / No Purchase,Eligible,Treatment,1,0,0,0.0
C011685,Browsers / No Purchase,Eligible,Treatment,5,0,0,0.0
C011686,Browsers / No Purchase,Eligible,Treatment,1,0,0,0.0
C011687,High-Value Loyalists,Eligible,Treatment,4,1,0,0.0
C011688,Lapsing Customers,Eligible,Treatment,6,0,1,50.0
C011689,New Customers,Eligible,Treatment,1,0,0,0.0
C011690,New Customers,Eligible,Control,0,0,1,108.82
C011691,Lapsing Customers,Eligible,Treatment,1,0,0,0.0
C011692,Browsers / No Purchase,Eligible,Treatment,1,0,0,0.0
C011693,High-Value Loyalists,Eligible,Treatment,4,0,0,0.0
C011694,Lapsing Customers,Eligible,Treatment,3,1,0,0.0
C011695,Lapsing Customers,Eligible,Treatment,2,0,0,0.0
C011696,Browsers / No Purchase,Eligible,Control,0,0,0,0.0
C011697,Browsers / No Purchase,Eligible,Treatment,3,1,0,0.0
C011698,New Customers,Eligible,Treatment,2,0,0,0.0
C011699,Browsers / No Purchase,Eligible,Treatment,5,0,0,0.0
C011700,Browsers / No Purchase,Eligible,Treatment,6,1,0,0.0
C011701,Lapsing Customers,Eligible,Treatment,4,0,1,64.02
C011702,Browsers / No Purchase,Eligible,Control,0,0,1,32.1
C011703,Lapsing Customers,Eligible,Treatment,3,0,0,0.0
C011704,New Customers,Eligible,Treatment,5,1,0,0.0
C011705,High-Value Loyalists,Eligible,Control,0,0,0,0.0
C011706,Lapsing Customers,Eligible,Treatment,4,0,1,65.5
C011707,New Customers,Eligible,Treatment,6,0,0,0.0
C011708,High-Value Loyalists,Eligible,Treatment,5,0,0,0.0
C011709,Lapsing Customers,Eligible,Treatment,5,1,0,0.0
C011710,New Customers,Eligible,Treatment,3,0,0,0.0
C011711,New Customers,Eligible,Treatment,5,0,0,0.0
C011712,High-Value Loyalists,Eligible,Treatment,6,0,0,0.0
C011713,High-Value Loyalists,Eligible,Treatment,5,0,1,49.61
C011714,Lapsing Customers,Eligible,Treatment,3,0,0,0.0
C011715,Browsers / No Purchase,Eligible,Treatment,1,0,0,0.0
C011716,Browsers / No Purchase,Suppressed,Suppressed,0,0,0,0.0
C011717,Lapsing Customers,Eligible,Control,0,0,0,0.0
C011718,Browsers / No Purchase,Eligible,Treatment,5,0,0,0.0
C011719,New Customers,Eligible,Treatment,1,0,0,0.0
C011720,Browsers / No Purchase,Eligible,Treatment,2,1,0,0.0
C011721,High-Value Loyalists,Eligible,Treatment,3,0,1,106.18
C011722,New Customers,Eligible,Treatment,1,0,0,0.0
C011723,New Customers,Eligible,Treatment,4,0,0,0.0
C011724,Lapsing Customers,Eligible,Control,0,0,0,0.0
C011725,High-Value Loyalists,Eligible,Treatment,1,0,0,0.0
C011726,High-Value Loyalists,Eligible,Treatment,5,0,0,0.0
C011727,Lapsing Customers,Eligible,Treatment,1,0,0,0.0
C011728,New Customers,Suppressed,Suppressed,0,0,0,0.0
C011729,Browsers / No Purchase,Eligible,Treatment,1,1,0,0.0
C011730,High-Value Loyalists,Suppressed,Suppressed,0,0,0,0.0
C011731,Browsers / No Purchase,Eligible,Treatment,4,1,0,0.0
C011732,Lapsing Customers,Eligible,Treatment,2,0,0,0.0
C011733,Browsers / No Purchase,Eligible,Treatment,5,1,0,0.0
C011734,High-Value Loyalists,Eligible,Treatment,2,0,0,0.0
C011735,Browsers / No Purchase,Eligible,Treatment,6,1,0,0.0
C011736,Browsers / No Purchase,Eligible,Treatment,5,0,0,0.0
C011737,Browsers / No Purchase,Eligible,Treatment,3,1,0,0.0
C011738,Browsers / No Purchase,Eligible,Treatment,1,0,1,83.52
C011739,Lapsing Customers,Suppressed,Suppressed,0,0,0,0.0
C011740,Browsers / No Purchase,Suppressed,Suppressed,0,0,0,0.0
C011741,New Customers,Eligible,Treatment,3,0,0,0.0
C011742,Lapsing Customers,Eligible,Treatment,6,0,0,0.0
C011743,Browsers / No Purchase,Eligible,Treatment,3,0,0,0.0
C011744,Lapsing Customers,Eligible,Treatment,6,0,0,0.0
C011745,Lapsing Customers,Eligible,Treatment,1,0,0,0.0
C011746,Browsers / No Purchase,Eligible,Treatment,3,0,0,0.0
C011747,Lapsing Customers,Eligible,Treatment,5,0,0,0.0
C011748,High-Value Loyalists,Suppressed,Suppressed,0,0,0,0.0
C011749,Lapsing Customers,Eligible,Treatment,4,1,0,0.0
C011750,Browsers / No Purchase,Eligible,Treatment,4,0,0,0.0
C011751,Browsers / No Purchase,Eligible,Treatment,1,0,0,0.0
C011752,High-Value Loyalists,Eligible,Treatment,4,0,0,0.0
C011753,New Customers,Eligible,Treatment,1,0,1,65.15
C011754,New Customers,Eligible,Control,0,0,0,0.0
C011755,New Customers,Eligible,Treatment,3,0,1,72.69
C011756,New Customers,Eligible,Treatment,6,0,0,0.0
C011757,Browsers / No Purchase,Eligible,Control,0,0,0,0.0
C011758,Lapsing Customers,Suppressed,Suppressed,0,0,0,0.0
C011759,Lapsing Customers,Eligible,Treatment,4,0,0,0.0
C011760,New Customers,Eligible,Treatment,1,0,0,0.0
C011761,Lapsing Customers,Eligible,Treatment,4,0,0,0.0
C011762,Lapsing Customers,Eligible,Treatment,4,0,0,0.0
C011763,High-Value Loyalists,Eligible,Treatment,2,0,0,0.0
C011764,High-Value Loyalists,Eligible,Treatment,1,0,0,0.0
C011765,Browsers / No Purchase,Eligible,Treatment,6,0,0,0.0
C011766,High-Value Loyalists,Eligible,Treatment,5,1,0,0.0
C011767,New Customers,Eligible,Treatment,5,0,1,90.26
C011768,Browsers / No Purchase,Eligible,Treatment,5,0,0,0.0
C011769,High-Value Loyalists,Eligible,Treatment,6,0,0,0.0
C011770,Lapsing Customers,Eligible,Treatment,5,1,0,0.0
C011771,Lapsing Customers,Eligible,Treatment,1,0,0,0.0
C011772,New Customers,Eligible,Treatment,2,0,1,84.37
C011773,Lapsing Customers,Eligible,Treatment,4,1,0,0.0
C011774,New Customers,Suppressed,Suppressed,0,0,0,0.0
C011775,Lapsing Customers,Suppressed,Suppressed,0,0,0,0.0
C011776,High-Value Loyalists,Suppressed,Suppressed,0,0,1,128.22
C011777,High-Value Loyalists,Eligible,Treatment,3,1,1,60.26
C011778,Lapsing Customers,Eligible,Treatment,3,0,0,0.0
C011779,Lapsing Customers,Eligible,Treatment,6,0,0,0.0
C011780,Browsers / No Purchase,Eligible,Treatment,5,0,0,0.0
C011781,High-Value Loyalists,Eligible,Treatment,5,0,0,0.0
C011782,New Customers,Suppressed,Suppressed,0,0,0,0.0
C011783,New Customers,Eligible,Treatment,2,0,0,0.0
C011784,New Customers,Eligible,Treatment,6,1,1,95.89
C011785,New Customers,Eligible,Control,0,0,1,23.33
C011786,High-Value Loyalists,Eligible,Control,0,0,0,0.0
C011787,New Customers,Eligible,Treatment,3,0,0,0.0
C011788,Lapsing Customers,Eligible,Control,0,0,0,0.0
C011789,Browsers / No Purchase,Eligible,Treatment,1,0,0,0.0
C011790,High-Value Loyalists,Suppressed,Suppressed,0,0,1,141.26
C011791,Browsers / No Purchase,Eligible,Treatment,4,0,0,0.0
C011792,New Customers,Suppressed,Suppressed,0,0,0,0.0
C011793,New Customers,Eligible,Treatment,2,0,0,0.0
C011794,High-Value Loyalists,Suppressed,Suppressed,0,0,1,178.76
C011795,New Customers,Eligible,Treatment,6,0,0,0.0
C011796,Browsers / No Purchase,Eligible,Treatment,2,0,0,0.0
C011797,New Customers,Eligible,Treatment,1,0,1,34.65
C011798,Lapsing Customers,Eligible,Control,0,0,0,0.0
C011799,High-Value Loyalists,Eligible,Treatment,4,0,0,0.0
C011800,Lapsing Customers,Eligible,Treatment,1,1,0,0.0
C011801,Browsers / No Purchase,Eligible,Treatment,3,1,0,0.0
C011802,Lapsing Customers,Suppressed,Suppressed,0,0,0,0.0
C011803,Browsers / No Purchase,Eligible,Control,0,0,0,0.0
C011804,Browsers / No Purchase,Eligible,Treatment,4,0,0,0.0
C011805,New Customers,Eligible,Treatment,4,1,0,0.0
C011806,New Customers,Eligible,Control,0,0,0,0.0
C011807,New Customers,Eligible,Treatment,2,0,0,0.0
C011808,New Customers,Eligible,Treatment,5,0,0,0.0
C011809,High-Value Loyalists,Suppressed,Suppressed,0,0,0,0.0
C011810,Browsers / No Purchase,Eligible,Treatment,5,0,0,0.0
C011811,Browsers / No Purchase,Eligible,Treatment,1,0,0,0.0
C011812,Lapsing Customers,Eligible,Treatment,1,0,0,0.0
C011813,Browsers / No Purchase,Suppressed,Suppressed,0,0,0,0.0
C011814,Browsers / No Purchase,Eligible,Treatment,5,0,0,0.0
C011815,New Customers,Eligible,Treatment,5,1,0,0.0
C011816,Browsers / No Purchase,Suppressed,Suppressed,0,0,0,0.0
C011817,New Customers,Eligible,Treatment,6,1,1,32.45
C011818,Lapsing Customers,Eligible,Control,0,0,1,31.7
C011819,High-Value Loyalists,Eligible,Treatment,6,0,1,86.5
C011820,Lapsing Customers,Eligible,Treatment,6,0,0,0.0
C011821,Browsers / No Purchase,Eligible,Treatment,5,0,1,52.83
C011822,Lapsing Customers,Eligible,Treatment,4,0,0,0.0
C011823,Browsers / No Purchase,Eligible,Treatment,4,0,0,0.0
C011824,New Customers,Suppressed,Suppressed,0,0,0,0.0
C011825,New Customers,Eligible,Treatment,2,0,0,0.0
C011826,Lapsing Customers,Eligible,Treatment,4,0,0,0.0
C011827,Lapsing Customers,Eligible,Control,0,0,0,0.0
C011828,High-Value Loyalists,Eligible,Treatment,5,2,0,0.0
C011829,Lapsing Customers,Eligible,Treatment,6,0,0,0.0
C011830,High-Value Loyalists,Suppressed,Suppressed,0,0,0,0.0
C011831,High-Value Loyalists,Eligible,Control,0,0,0,0.0
C011832,Lapsing Customers,Eligible,Treatment,4,0,1,54.01
C011833,New Customers,Eligible,Treatment,3,0,0,0.0
C011834,Lapsing Customers,Suppressed,Suppressed,0,0,0,0.0
C011835,Lapsing Customers,Eligible,Control,0,0,0,0.0
C011836,Browsers / No Purchase,Eligible,Treatment,4,0,0,0.0
C011837,New Customers,Eligible,Treatment,5,0,0,0.0
C011838,Browsers / No Purchase,Eligible,Treatment,6,1,0,0.0
C011839,New Customers,Eligible,Control,0,0,0,0.0
C011840,High-Value Loyalists,Suppressed,Suppressed,0,0,0,0.0
C011841,Browsers / No Purchase,Eligible,Treatment,4,0,0,0.0
C011842,Browsers / No Purchase,Eligible,Treatment,6,2,0,0.0
C011843,New Customers,Eligible,Treatment,3,0,0,0.0
C011844,New Customers,Eligible,Treatment,5,1,1,86.11
C011845,Lapsing Customers,Suppressed,Suppressed,0,0,0,0.0
C011846,New Customers,Eligible,Treatment,3,0,0,0.0
C011847,Browsers / No Purchase,Eligible,Treatment,5,0,0,0.0
C011848,New Customers,Suppressed,Suppressed,0,0,0,0.0
C011849,High-Value Loyalists,Eligible,Treatment,1,0,0,0.0
C011850,High-Value Loyalists,Eligible,Control,0,0,0,0.0
C011851,High-Value Loyalists,Suppressed,Suppressed,0,0,0,0.0
C011852,Lapsing Customers,Eligible,Treatment,6,1,1,72.9
C011853,Lapsing Customers,Eligible,Treatment,6,1,0,0.0
C011854,Browsers / No Purchase,Eligible,Treatment,4,0,0,0.0
C011855,Lapsing Customers,Suppressed,Suppressed,0,0,0,0.0
C011856,Lapsing Customers,Eligible,Treatment,5,1,0,0.0
C011857,Lapsing Customers,Eligible,Treatment,2,0,0,0.0
C011858,New Customers,Eligible,Treatment,3,1,0,0.0
C011859,New Customers,Eligible,Treatment,5,1,1,52.36
C011860,New Customers,Eligible,Treatment,3,0,1,89.8
C011861,Browsers / No Purchase,Suppressed,Suppressed,0,0,0,0.0
C011862,Browsers / No Purchase,Eligible,Treatment,2,0,0,0.0
C011863,Browsers / No Purchase,Eligible,Treatment,2,0,0,0.0
C011864,Browsers / No Purchase,Eligible,Control,0,0,0,0.0
C011865,Lapsing Customers,Eligible,Treatment,4,0,0,0.0
C011866,New Customers,Eligible,Treatment,1,0,0,0.0
C011867,Lapsing Customers,Eligible,Treatment,2,0,0,0.0
C011868,Browsers / No Purchase,Suppressed,Suppressed,0,0,0,0.0
C011869,High-Value Loyalists,Eligible,Treatment,2,0,0,0.0
C011870,Lapsing Customers,Eligible,Treatment,2,2,0,0.0
C011871,High-Value Loyalists,Eligible,Control,0,0,0,0.0
C011872,New Customers,Eligible,Treatment,4,0,0,0.0
C011873,New Customers,Eligible,Treatment,6,0,0,0.0
C011874,High-Value Loyalists,Eligible,Treatment,6,0,0,0.0
C011875,New Customers,Eligible,Treatment,3,0,0,0.0
C011876,Lapsing Customers,Eligible,Treatment,3,0,1,66.36
C011877,Browsers / No Purchase,Eligible,Treatment,2,0,0,0.0
C011878,High-Value Loyalists,Eligible,Treatment,1,0,1,49.38
C011879,High-Value Loyalists,Eligible,Control,0,0,0,0.0
C011880,New Customers,Eligible,Treatment,3,0,0,0.0
C011881,New Customers,Eligible,Treatment,5,0,0,0.0
C011882,Browsers / No Purchase,Suppressed,Suppressed,0,0,0,0.0
C011883,New Customers,Eligible,Treatment,4,0,0,0.0
C011884,Browsers / No Purchase,Eligible,Control,0,0,0,0.0
C011885,Lapsing Customers,Eligible,Treatment,3,0,0,0.0
C011886,Lapsing Customers,Eligible,Treatment,5,0,0,0.0
C011887,Browsers / No Purchase,Eligible,Treatment,4,0,0,0.0
C011888,High-Value Loyalists,Eligible,Treatment,5,0,0,0.0
C011889,Browsers / No Purchase,Eligible,Treatment,6,0,0,0.0
C011890,High-Value Loyalists,Eligible,Treatment,3,1,0,0.0
C011891,New Customers,Eligible,Treatment,4,0,0,0.0
C011892,High-Value Loyalists,Eligible,Treatment,4,0,0,0.0
C011893,New Customers,Eligible,Treatment,5,0,0,0.0
C011894,Browsers / No Purchase,Eligible,Treatment,4,1,0,0.0
C011895,High-Value Loyalists,Eligible,Treatment,2,0,0,0.0
C011896,High-Value Loyalists,Eligible,Treatment,3,0,1,67.23
C011897,Lapsing Customers,Eligible,Treatment,1,0,0,0.0
C011898,Lapsing Customers,Eligible,Treatment,5,0,0,0.0
C011899,Lapsing Customers,Eligible,Treatment,4,1,0,0.0
C011900,Browsers / No Purchase,Eligible,Treatment,6,0,0,0.0
C011901,High-Value Loyalists,Suppressed,Suppressed,0,0,0,0.0
C011902,Lapsing Customers,Eligible,Treatment,6,0,0,0.0
C011903,Lapsing Customers,Eligible,Treatment,6,1,0,0.0
C011904,Lapsing Customers,Eligible,Treatment,2,0,0,0.0
C011905,Lapsing Customers,Eligible,Treatment,4,2,1,37.93
C011906,Browsers / No Purchase,Eligible,Treatment,2,0,0,0.0
C011907,New Customers,Eligible,Treatment,3,0,0,0.0
C011908,Browsers / No Purchase,Eligible,Treatment,6,0,0,0.0
C011909,Lapsing Customers,Eligible,Control,0,0,0,0.0
C011910,New Customers,Eligible,Treatment,1,0,0,0.0
C011911,Browsers / No Purchase,Eligible,Treatment,6,0,0,0.0
C011912,Browsers / No Purchase,Eligible,Control,0,0,0,0.0
C011913,Browsers / No Purchase,Eligible,Treatment,5,1,0,0.0
C011914,Lapsing Customers,Eligible,Treatment,1,0,0,0.0
C011915,Browsers / No Purchase,Eligible,Treatment,1,0,0,0.0
C011916,Browsers / No Purchase,Eligible,Treatment,2,0,0,0.0
C011917,Browsers / No Purchase,Eligible,Treatment,6,0,0,0.0
C011918,New Customers,Eligible,Treatment,3,0,0,0.0
C011919,Browsers / No Purchase,Eligible,Treatment,6,1,0,0.0
C011920,Lapsing Customers,Eligible,Treatment,1,0,0,0.0
C011921,Browsers / No Purchase,Suppressed,Suppressed,0,0,0,0.0
C011922,New Customers,Eligible,Treatment,4,0,0,0.0
C011923,Browsers / No Purchase,Eligible,Treatment,2,0,0,0.0
C011924,Browsers / No Purchase,Eligible,Control,0,0,0,0.0
C011925,High-Value Loyalists,Eligible,Treatment,2,0,0,0.0
C011926,Lapsing Customers,Eligible,Treatment,3,1,0,0.0
C011927,Lapsing Customers,Eligible,Treatment,4,0,0,0.0
C011928,Browsers / No Purchase,Eligible,Treatment,5,0,0,0.0
C011929,Browsers / No Purchase,Eligible,Treatment,6,0,0,0.0
C011930,Browsers / No Purchase,Eligible,Control,0,0,0,0.0
C011931,Browsers / No Purchase,Eligible,Treatment,6,0,0,0.0
C011932,New Customers,Eligible,Treatment,1,0,0,0.0
C011933,High-Value Loyalists,Eligible,Control,0,0,0,0.0
C011934,New Customers,Eligible,Treatment,5,1,0,0.0
C011935,Browsers / No Purchase,Eligible,Treatment,6,0,0,0.0
C011936,New Customers,Eligible,Treatment,5,0,0,0.0
C011937,Browsers / No Purchase,Eligible,Treatment,3,1,0,0.0
C011938,Browsers / No Purchase,Eligible,Treatment,4,1,0,0.0
C011939,Lapsing Customers,Eligible,Treatment,3,0,0,0.0
C011940,Browsers / No Purchase,Eligible,Treatment,1,0,0,0.0
C011941,New Customers,Eligible,Treatment,5,0,1,125.45
C011942,Lapsing Customers,Eligible,Treatment,6,1,0,0.0
C011943,Lapsing Customers,Suppressed,Suppressed,0,0,0,0.0
C011944,Lapsing Customers,Eligible,Treatment,2,0,0,0.0
C011945,High-Value Loyalists,Eligible,Control,0,0,0,0.0
C011946,New Customers,Suppressed,Suppressed,0,0,0,0.0
C011947,High-Value Loyalists,Eligible,Treatment,5,0,0,0.0
C011948,Lapsing Customers,Eligible,Treatment,2,1,0,0.0
C011949,New Customers,Suppressed,Suppressed,0,0,0,0.0
C011950,Lapsing Customers,Eligible,Treatment,4,0,0,0.0
C011951,Browsers / No Purchase,Suppressed,Suppressed,0,0,0,0.0
C011952,Lapsing Customers,Suppressed,Suppressed,0,0,0,0.0
C011953,High-Value Loyalists,Eligible,Control,0,0,0,0.0
C011954,Browsers / No Purchase,Eligible,Treatment,6,1,0,0.0
C011955,Browsers / No Purchase,Eligible,Treatment,4,0,0,0.0
C011956,New Customers,Eligible,Control,0,0,0,0.0
C011957,Browsers / No Purchase,Eligible,Treatment,1,0,0,0.0
C011958,High-Value Loyalists,Eligible,Treatment,2,0,0,0.0
C011959,Browsers / No Purchase,Eligible,Treatment,1,0,0,0.0
C011960,Lapsing Customers,Eligible,Treatment,5,1,0,0.0
C011961,New Customers,Eligible,Treatment,1,1,0,0.0
C011962,High-Value Loyalists,Eligible,Treatment,2,1,0,0.0
C011963,Browsers / No Purchase,Eligible,Treatment,3,0,0,0.0
C011964,Lapsing Customers,Eligible,Treatment,6,0,0,0.0
C011965,Lapsing Customers,Eligible,Treatment,4,0,0,0.0
C011966,High-Value Loyalists,Eligible,Treatment,1,0,0,0.0
C011967,Browsers / No Purchase,Eligible,Treatment,2,1,0,0.0
C011968,Lapsing Customers,Eligible,Treatment,3,0,0,0.0
C011969,New Customers,Eligible,Treatment,3,1,0,0.0
C011970,Lapsing Customers,Eligible,Treatment,6,1,0,0.0
C011971,Browsers / No Purchase,Eligible,Control,0,0,0,0.0
C011972,Lapsing Customers,Eligible,Treatment,5,0,0,0.0
C011973,Browsers / No Purchase,Eligible,Treatment,6,0,0,0.0
C011974,Lapsing Customers,Eligible,Treatment,3,0,0,0.0
C011975,High-Value Loyalists,Eligible,Treatment,4,0,0,0.0
C011976,Lapsing Customers,Suppressed,Suppressed,0,0,0,0.0
C011977,High-Value Loyalists,Eligible,Control,0,0,0,0.0
C011978,Lapsing Customers,Eligible,Treatment,1,0,0,0.0
C011979,Lapsing Customers,Eligible,Treatment,3,0,0,0.0
C011980,Browsers / No Purchase,Eligible,Treatment,1,0,0,0.0
C011981,New Customers,Eligible,Treatment,1,0,0,0.0
C011982,Lapsing Customers,Eligible,Treatment,3,0,0,0.0
C011983,Lapsing Customers,Eligible,Treatment,3,0,0,0.0
C011984,High-Value Loyalists,Eligible,Treatment,6,0,1,96.64
C011985,High-Value Loyalists,Eligible,Control,0,0,0,0.0
C011986,Lapsing Customers,Eligible,Treatment,4,1,0,0.0
C011987,High-Value Loyalists,Eligible,Treatment,5,0,0,0.0
C011988,High-Value Loyalists,Eligible,Treatment,1,1,0,0.0
C011989,Browsers / No Purchase,Eligible,Treatment,5,0,0,0.0
C011990,New Customers,Eligible,Treatment,4,1,0,0.0
C011991,Browsers / No Purchase,Eligible,Treatment,5,0,0,0.0
C011992,Lapsing Customers,Eligible,Treatment,6,0,0,0.0
C011993,Browsers / No Purchase,Eligible,Treatment,3,0,1,68.27
C011994,Lapsing Customers,Eligible,Treatment,4,0,0,0.0
C011995,High-Value Loyalists,Eligible,Treatment,1,0,0,0.0
C011996,Browsers / No Purchase,Eligible,Treatment,2,0,0,0.0
C011997,High-Value Loyalists,Eligible,Treatment,3,1,0,0.0
C011998,Lapsing Customers,Eligible,Treatment,6,1,1,78.88
C011999,Browsers / No Purchase,Eligible,Control,0,0,0,0.0
C012000,New Customers,Eligible,Treatment,6,0,0,0.0
